[{"__type__":"cc.Prefab","_name":"ReviewPanel","data":{"__id__":1}},{"__type__":"cc.Node","_name":"ReviewPanel","_contentSize":{"__type__":"cc.Size","width":1200,"height":700},"_children":[{"__id__":2},{"__id__":4},{"__id__":5}],"_components":[{"__type__":"cc.Sprite","node":{"__id__":1},"_spriteFrame":{"__uuid__":"71cc6b7e-6b37-460e-841f-4fb85a45caa1"},"_type":1,"_sizeMode":0},{"__type__":"a1ccbmyunhAFp2SE959IbHx","node":{"__id__":1},"listNode":{"__id__":7},"bt_close":{"__id__":4},"item":{"__uuid__":"c5d07c42-dce0-471e-8707-6b9bb913da6b"}}],"_prefab":{"__type__":"cc.PrefabInfo","root":{"__id__":1},"fileId":"63126eQgfdP9Lbkbz3qXdPw"}},{"__type__":"cc.Node","_name":"title","_parent":{"__id__":1},"_contentSize":{"__type__":"cc.Size","width":800,"height":100},"_children":[{"__id__":3}],"_position":{"__type__":"cc.Vec2","y":290},"_components":[{"__type__":"cc.Sprite","node":{"__id__":2},"_spriteFrame":{"__uuid__":"dcc0b59f-99d4-4a4e-b51b-5126b7aea7f3"},"_sizeMode":0}],"_prefab":{"__type__":"cc.PrefabInfo","root":{"__id__":1},"fileId":"719d7OgJalNwYAfy3ip7BSx"}},{"__type__":"cc.Node","_name":"content","_parent":{"__id__":2},"_contentSize":{"__type__":"cc.Size","width":227,"height":56},"_components":[{"__type__":"cc.Sprite","node":{"__id__":3},"_spriteFrame":{"__uuid__":"a8d39844-9d19-4b87-baad-db2cdde4e84f"}}],"_prefab":{"__type__":"cc.PrefabInfo","root":{"__id__":1},"fileId":"fc3fa+kgp9Mt6LJAVIzcz29"}},{"__type__":"cc.Node","_name":"bt_close","_parent":{"__id__":1},"_contentSize":{"__type__":"cc.Size","width":77,"height":77},"_position":{"__type__":"cc.Vec2","x":500,"y":300},"_components":[{"__type__":"cc.Sprite","node":{"__id__":4},"_spriteFrame":{"__uuid__":"db794eec-3040-4fc6-a109-0cf96d5638f1"}},{"__type__":"cc.Button","node":{"__id__":4},"transition":3,"_N$target":{"__id__":4}}],"_prefab":{"__type__":"cc.PrefabInfo","root":{"__id__":1},"fileId":"8ead4G7JYRFYoDHNkcRT2Jj"}},{"__type__":"cc.Node","_name":"sc_view","_color":{"__type__":"cc.Color","r":184,"g":184,"b":184},"_parent":{"__id__":1},"_contentSize":{"__type__":"cc.Size","width":1200,"height":500},"_children":[{"__id__":6}],"_position":{"__type__":"cc.Vec2","y":-50},"_components":[{"__type__":"cc.Sprite","node":{"__id__":5},"_type":1,"_sizeMode":0},{"__type__":"cc.ScrollView","node":{"__id__":5},"content":{"__id__":7},"horizontal":false,"brake":0.75,"bounceDuration":0.23,"_N$horizontalScrollBar":null,"_N$verticalScrollBar":null}],"_prefab":{"__type__":"cc.PrefabInfo","root":{"__id__":1},"fileId":"0cd551dE+pNiqDaGONcw/WR"}},{"__type__":"cc.Node","_name":"view","_parent":{"__id__":5},"_contentSize":{"__type__":"cc.Size","width":1200,"height":500},"_children":[{"__id__":7}],"_components":[{"__type__":"cc.Mask","node":{"__id__":6}}],"_prefab":{"__type__":"cc.PrefabInfo","root":{"__id__":1},"fileId":"af4c66oDZtHaJoSQbfuT2mq"}},{"__type__":"cc.Node","_name":"content","_parent":{"__id__":6},"_anchorPoint":{"__type__":"cc.Vec2","x":0.5,"y":1},"_contentSize":{"__type__":"cc.Size","width":1200,"height":830},"_position":{"__type__":"cc.Vec2","y":250},"_components":[{"__type__":"cc.Layout","node":{"__id__":7},"_layoutSize":{"__type__":"cc.Size","width":1200,"height":830},"_resize":1,"_N$layoutType":2,"_N$spacingY":20}],"_prefab":{"__type__":"cc.PrefabInfo","root":{"__id__":1},"fileId":"ca945paSD9Lh4u07R0PY8hz"}}]