[{"__type__":"cc.Prefab","_name":"ReviewItem","data":{"__id__":1}},{"__type__":"cc.Node","_name":"ReviewItem","_contentSize":{"__type__":"cc.Size","width":1119.49,"height":150},"_children":[{"__id__":2},{"__id__":3},{"__id__":14}],"_components":[{"__type__":"cc.Sprite","node":{"__id__":1},"_spriteFrame":{"__uuid__":"dd4b8d37-1d1f-4a8c-8b7d-6ac27edf082d"},"_type":1,"_sizeMode":0},{"__type__":"cc.Layout","node":{"__id__":1},"_layoutSize":{"__type__":"cc.Size","width":1119.49,"height":150},"_resize":1,"_N$layoutType":1,"_N$paddingLeft":50,"_N$paddingRight":50,"_N$spacingX":20},{"__type__":"88450PQRbdJW6ywFMmYui4t","node":{"__id__":1}}],"_prefab":{"__type__":"cc.PrefabInfo","root":{"__id__":1},"fileId":"e96bavwMFhCjr7D6o8pdcM2"}},{"__type__":"cc.Node","_name":"lb_round","_color":{"__type__":"cc.Color","r":10,"g":139,"b":62},"_parent":{"__id__":1},"_contentSize":{"__type__":"cc.Size","width":124.49,"height":40},"_position":{"__type__":"cc.Vec2","x":-447.5},"_components":[{"__type__":"cc.Label","node":{"__id__":2},"_useOriginalSize":false,"_N$string":"1圈1局","_N$horizontalAlign":1,"_N$verticalAlign":1}],"_prefab":{"__type__":"cc.PrefabInfo","root":{"__id__":1},"fileId":"69afb8j+QVHK6Gfmpk8EVbE"}},{"__type__":"cc.Node","_name":"info","_color":{"__type__":"cc.Color","r":167,"g":167,"b":167},"_parent":{"__id__":1},"_contentSize":{"__type__":"cc.Size","width":780,"height":90},"_children":[{"__id__":4},{"__id__":9}],"_position":{"__type__":"cc.Vec2","x":24.745000000000005},"_components":[{"__type__":"cc.Sprite","node":{"__id__":3},"_type":1,"_sizeMode":0},{"__type__":"cc.Layout","node":{"__id__":3},"_layoutSize":{"__type__":"cc.Size","width":780,"height":90},"_resize":1,"_N$layoutType":2,"_N$spacingY":30}],"_prefab":{"__type__":"cc.PrefabInfo","root":{"__id__":1},"fileId":"585cdZrGfBECLamuoNA5GcY"}},{"__type__":"cc.Node","_name":"g1","_parent":{"__id__":3},"_contentSize":{"__type__":"cc.Size","width":720,"height":30},"_children":[{"__id__":5},{"__id__":6},{"__id__":7},{"__id__":8}],"_position":{"__type__":"cc.Vec2","y":30},"_components":[{"__type__":"cc.Sprite","node":{"__id__":4},"_type":1,"_sizeMode":0},{"__type__":"cc.Layout","node":{"__id__":4},"_layoutSize":{"__type__":"cc.Size","width":720,"height":30},"_resize":1,"_N$layoutType":1,"_N$spacingX":20}],"_prefab":{"__type__":"cc.PrefabInfo","root":{"__id__":1},"fileId":"2d9da48tZlCVK2GK7B8zHUm"}},{"__type__":"cc.Node","_name":"lb_1","_color":{"__type__":"cc.Color","r":158,"g":81,"b":14},"_parent":{"__id__":4},"_contentSize":{"__type__":"cc.Size","width":250,"height":26},"_position":{"__type__":"cc.Vec2","x":-235},"_components":[{"__type__":"cc.Label","node":{"__id__":5},"_useOriginalSize":false,"_actualFontSize":26,"_fontSize":26,"_lineHeight":26,"_enableWrapText":false,"_N$string":"玩家：155555999999999998","_N$verticalAlign":1,"_N$overflow":1}],"_prefab":{"__type__":"cc.PrefabInfo","root":{"__id__":1},"fileId":"7cdd7Dc8ZdG/LAEm82OBhJR"}},{"__type__":"cc.Node","_name":"lb_2","_color":{"__type__":"cc.Color","r":158,"g":81,"b":14},"_parent":{"__id__":4},"_contentSize":{"__type__":"cc.Size","width":80,"height":30},"_position":{"__type__":"cc.Vec2","x":-50},"_components":[{"__type__":"cc.Label","node":{"__id__":6},"_useOriginalSize":false,"_actualFontSize":26,"_fontSize":26,"_lineHeight":26,"_N$string":"-100","_N$verticalAlign":1,"_N$overflow":1}],"_prefab":{"__type__":"cc.PrefabInfo","root":{"__id__":1},"fileId":"d5be27LehVJr5Vh/IjbHq1s"}},{"__type__":"cc.Node","_name":"lb_3","_color":{"__type__":"cc.Color","r":158,"g":81,"b":14},"_parent":{"__id__":4},"_contentSize":{"__type__":"cc.Size","width":250,"height":30},"_position":{"__type__":"cc.Vec2","x":135},"_components":[{"__type__":"cc.Label","node":{"__id__":7},"_useOriginalSize":false,"_actualFontSize":26,"_fontSize":26,"_lineHeight":26,"_enableWrapText":false,"_N$string":"玩家：33333","_N$verticalAlign":1,"_N$overflow":1}],"_prefab":{"__type__":"cc.PrefabInfo","root":{"__id__":1},"fileId":"61588RTL6hGSrW74AHG9XBV"}},{"__type__":"cc.Node","_name":"lb_4","_color":{"__type__":"cc.Color","r":158,"g":81,"b":14},"_parent":{"__id__":4},"_contentSize":{"__type__":"cc.Size","width":80,"height":30},"_position":{"__type__":"cc.Vec2","x":320},"_components":[{"__type__":"cc.Label","node":{"__id__":8},"_useOriginalSize":false,"_actualFontSize":26,"_fontSize":26,"_lineHeight":26,"_N$string":"-20","_N$verticalAlign":1,"_N$overflow":1}],"_prefab":{"__type__":"cc.PrefabInfo","root":{"__id__":1},"fileId":"82b6bHGLXxNpJo5cHsfQ0T+"}},{"__type__":"cc.Node","_name":"g2","_parent":{"__id__":3},"_contentSize":{"__type__":"cc.Size","width":720,"height":30},"_children":[{"__id__":10},{"__id__":11},{"__id__":12},{"__id__":13}],"_position":{"__type__":"cc.Vec2","y":-30},"_components":[{"__type__":"cc.Sprite","node":{"__id__":9},"_type":1,"_sizeMode":0},{"__type__":"cc.Layout","node":{"__id__":9},"_layoutSize":{"__type__":"cc.Size","width":720,"height":30},"_resize":1,"_N$layoutType":1,"_N$spacingX":20}],"_prefab":{"__type__":"cc.PrefabInfo","root":{"__id__":1},"fileId":"4ac1e6Kl/9HeoC80sL84hzZ"}},{"__type__":"cc.Node","_name":"lb_1","_color":{"__type__":"cc.Color","r":158,"g":81,"b":14},"_parent":{"__id__":9},"_contentSize":{"__type__":"cc.Size","width":250,"height":30},"_position":{"__type__":"cc.Vec2","x":-235},"_components":[{"__type__":"cc.Label","node":{"__id__":10},"_useOriginalSize":false,"_actualFontSize":26,"_fontSize":26,"_lineHeight":26,"_enableWrapText":false,"_N$string":"玩家：1","_N$verticalAlign":1,"_N$overflow":1}],"_prefab":{"__type__":"cc.PrefabInfo","root":{"__id__":1},"fileId":"49ef8ZmR19BV7oJ0HjW/6l0"}},{"__type__":"cc.Node","_name":"lb_2","_color":{"__type__":"cc.Color","r":158,"g":81,"b":14},"_parent":{"__id__":9},"_contentSize":{"__type__":"cc.Size","width":80,"height":30},"_position":{"__type__":"cc.Vec2","x":-50},"_components":[{"__type__":"cc.Label","node":{"__id__":11},"_useOriginalSize":false,"_actualFontSize":26,"_fontSize":26,"_lineHeight":26,"_N$string":"-100","_N$verticalAlign":1,"_N$overflow":1}],"_prefab":{"__type__":"cc.PrefabInfo","root":{"__id__":1},"fileId":"538becwTnZDLYzZYlMpIlmE"}},{"__type__":"cc.Node","_name":"lb_3","_color":{"__type__":"cc.Color","r":158,"g":81,"b":14},"_parent":{"__id__":9},"_contentSize":{"__type__":"cc.Size","width":250,"height":30},"_position":{"__type__":"cc.Vec2","x":135},"_components":[{"__type__":"cc.Label","node":{"__id__":12},"_useOriginalSize":false,"_actualFontSize":26,"_fontSize":26,"_lineHeight":26,"_enableWrapText":false,"_N$string":"玩家：333338888888888888888","_N$verticalAlign":1,"_N$overflow":1}],"_prefab":{"__type__":"cc.PrefabInfo","root":{"__id__":1},"fileId":"191c5pVizBMJr2do1o8VHmE"}},{"__type__":"cc.Node","_name":"lb_4","_color":{"__type__":"cc.Color","r":158,"g":81,"b":14},"_parent":{"__id__":9},"_contentSize":{"__type__":"cc.Size","width":80,"height":30},"_position":{"__type__":"cc.Vec2","x":320},"_components":[{"__type__":"cc.Label","node":{"__id__":13},"_useOriginalSize":false,"_actualFontSize":26,"_fontSize":26,"_lineHeight":26,"_N$string":"-20","_N$verticalAlign":1,"_N$overflow":1}],"_prefab":{"__type__":"cc.PrefabInfo","root":{"__id__":1},"fileId":"32741KDDoNJ5Jzrm280Nf1h"}},{"__type__":"cc.Node","_name":"bt_play","_parent":{"__id__":1},"_contentSize":{"__type__":"cc.Size","width":75,"height":76},"_position":{"__type__":"cc.Vec2","x":472.245},"_components":[{"__type__":"cc.Sprite","node":{"__id__":14},"_spriteFrame":{"__uuid__":"c374cfb4-5d6e-4f7f-a82a-6def7c051890"}},{"__type__":"cc.Button","node":{"__id__":14},"transition":3,"_N$target":{"__id__":14}}],"_prefab":{"__type__":"cc.PrefabInfo","root":{"__id__":1},"fileId":"768c01LaC1P+qB0MKfufPCA"}}]