[{"__type__":"cc.Prefab","_name":"TipLayer","data":{"__id__":1}},{"__type__":"cc.Node","_name":"TipLayer","_children":[{"__id__":2},{"__id__":3},{"__id__":4},{"__id__":6},{"__id__":7}],"_components":[{"__type__":"a4f54PN0IxGxppDiBTgcqyL","node":{"__id__":1},"btn":{"__id__":13},"cancel":{"__id__":16},"bt_sure":{"__id__":10},"txt":{"__id__":5}}],"_prefab":{"__type__":"cc.PrefabInfo","root":{"__id__":1},"fileId":"bf3cePB80JAh6+scx5jcBhE"}},{"__type__":"cc.Node","_name":"sprite","_opacity":100,"_color":{"__type__":"cc.Color"},"_parent":{"__id__":1},"_contentSize":{"__type__":"cc.Size","width":1334,"height":750},"_components":[{"__type__":"cc.Sprite","node":{"__id__":2},"_spriteFrame":{"__uuid__":"410fb916-8721-4663-bab8-34397391ace7"},"_sizeMode":0},{"__type__":"65cce0XyaZCE79saRqYVWic","node":{"__id__":2}}],"_prefab":{"__type__":"cc.PrefabInfo","root":{"__id__":1},"fileId":"d7118yAG5lKybkFOAh8koPL"}},{"__type__":"cc.Node","_name":"11","_parent":{"__id__":1},"_contentSize":{"__type__":"cc.Size","width":500,"height":300},"_components":[{"__type__":"cc.Sprite","node":{"__id__":3},"_spriteFrame":{"__uuid__":"bdb25c2c-6599-4688-bfec-3b8001229372"},"_type":1,"_sizeMode":0}],"_prefab":{"__type__":"cc.PrefabInfo","root":{"__id__":1},"fileId":"aa9c5ahfNlNxZRl/0oGOaej"}},{"__type__":"cc.Node","_name":"Label","_color":{"__type__":"cc.Color","r":174,"g":81,"b":54},"_parent":{"__id__":1},"_contentSize":{"__type__":"cc.Size","width":390,"height":70},"_position":{"__type__":"cc.Vec2","y":45},"_components":[{"__id__":5}],"_prefab":{"__type__":"cc.PrefabInfo","root":{"__id__":1},"fileId":"37dd0/YXD9EwpjLxQtIvm6d"}},{"__type__":"cc.Label","node":{"__id__":4},"_useOriginalSize":false,"_actualFontSize":28,"_fontSize":28,"_lineHeight":35,"_N$string":"房号错误或此房号为空啦是东方为何","_N$horizontalAlign":1,"_N$verticalAlign":1,"_N$overflow":3},{"__type__":"cc.Node","_name":"conent","_parent":{"__id__":1},"_contentSize":{"__type__":"cc.Size","width":390,"height":150},"_components":[{"__type__":"cc.Sprite","node":{"__id__":6},"_type":1,"_sizeMode":0},{"__type__":"cc.Layout","node":{"__id__":6},"_layoutSize":{"__type__":"cc.Size","width":390,"height":150},"_resize":1,"_N$layoutType":1}],"_prefab":{"__type__":"cc.PrefabInfo","root":{"__id__":1},"fileId":"6bc69eSuBVNjo+lhMAgnXZA"}},{"__type__":"cc.Node","_name":"btgroup","_color":{"__type__":"cc.Color","r":167,"g":167,"b":167},"_parent":{"__id__":1},"_contentSize":{"__type__":"cc.Size","width":180,"height":80},"_children":[{"__id__":8},{"__id__":11},{"__id__":14}],"_position":{"__type__":"cc.Vec2","y":-70},"_components":[{"__type__":"cc.Sprite","node":{"__id__":7},"_type":1,"_sizeMode":0},{"__type__":"cc.Layout","node":{"__id__":7},"_layoutSize":{"__type__":"cc.Size","width":180,"height":80},"_resize":1,"_N$layoutType":1,"_N$spacingX":20}],"_prefab":{"__type__":"cc.PrefabInfo","root":{"__id__":1},"fileId":"7563a17hdlG0Lgk1c889zmc"}},{"__type__":"cc.Node","_name":"bt_sure","_parent":{"__id__":7},"_contentSize":{"__type__":"cc.Size","width":180,"height":80},"_children":[{"__id__":9}],"_position":{"__type__":"cc.Vec2","x":-100},"_active":false,"_components":[{"__type__":"cc.Sprite","node":{"__id__":8},"_spriteFrame":{"__uuid__":"8eff65ab-3b96-4cab-9937-cf4bc7f11a63"},"_sizeMode":0},{"__id__":10}],"_prefab":{"__type__":"cc.PrefabInfo","root":{"__id__":1},"fileId":"d2b78D5y1xPlaZ68W1k/Rz+"}},{"__type__":"cc.Node","_name":"38","_parent":{"__id__":8},"_contentSize":{"__type__":"cc.Size","width":85,"height":43},"_position":{"__type__":"cc.Vec2","y":4.6},"_components":[{"__type__":"cc.Sprite","node":{"__id__":9},"_spriteFrame":{"__uuid__":"d75cbfa1-3dc2-478e-ba99-ae06ede6556c"},"_sizeMode":0}],"_prefab":{"__type__":"cc.PrefabInfo","root":{"__id__":1},"fileId":"2fa50Poq6pKVo+7e2mGvRgB"}},{"__type__":"cc.Button","node":{"__id__":8},"transition":3,"_N$target":{"__id__":8}},{"__type__":"cc.Node","_name":"09","_parent":{"__id__":7},"_contentSize":{"__type__":"cc.Size","width":180,"height":80},"_children":[{"__id__":12}],"_components":[{"__type__":"cc.Sprite","node":{"__id__":11},"_spriteFrame":{"__uuid__":"8eff65ab-3b96-4cab-9937-cf4bc7f11a63"},"_sizeMode":0},{"__id__":13}],"_prefab":{"__type__":"cc.PrefabInfo","root":{"__id__":1},"fileId":"10546n8iqhNCb0GdxhNSf6E"}},{"__type__":"cc.Node","_name":"38","_parent":{"__id__":11},"_contentSize":{"__type__":"cc.Size","width":85,"height":43},"_position":{"__type__":"cc.Vec2","y":4.6},"_components":[{"__type__":"cc.Sprite","node":{"__id__":12},"_spriteFrame":{"__uuid__":"a8689710-f170-49e6-b896-d32816589797"},"_sizeMode":0}],"_prefab":{"__type__":"cc.PrefabInfo","root":{"__id__":1},"fileId":"48559ZPAj5GbJAicTzjj8pE"}},{"__type__":"cc.Button","node":{"__id__":11},"transition":3,"_N$target":{"__id__":11}},{"__type__":"cc.Node","_name":"bt_cancel","_parent":{"__id__":7},"_contentSize":{"__type__":"cc.Size","width":180,"height":80},"_children":[{"__id__":15}],"_position":{"__type__":"cc.Vec2","x":100},"_active":false,"_components":[{"__type__":"cc.Sprite","node":{"__id__":14},"_spriteFrame":{"__uuid__":"2f937fa7-f083-4eec-bbd5-16bf9024b9c1"},"_sizeMode":0},{"__id__":16}],"_prefab":{"__type__":"cc.PrefabInfo","root":{"__id__":1},"fileId":"5fdc7S2YVhE7JTCucjcyySf"}},{"__type__":"cc.Node","_name":"109","_parent":{"__id__":14},"_contentSize":{"__type__":"cc.Size","width":85,"height":43},"_components":[{"__type__":"cc.Sprite","node":{"__id__":15},"_spriteFrame":{"__uuid__":"87bb9e3c-01b0-4ab0-90ae-5c7652eef06c"}}],"_prefab":{"__type__":"cc.PrefabInfo","root":{"__id__":1},"fileId":"590faix7JhH56c7YCAV3YEP"}},{"__type__":"cc.Button","node":{"__id__":14},"transition":3,"_N$target":{"__id__":14}}]