[{"__type__":"cc.Prefab","_name":"RoundResultItem","data":{"__id__":1}},{"__type__":"cc.Node","_name":"RoundResultItem","_color":{"__type__":"cc.Color","r":167,"g":167,"b":167},"_contentSize":{"__type__":"cc.Size","width":1020,"height":110},"_children":[{"__id__":2},{"__id__":7},{"__id__":11}],"_components":[{"__type__":"cc.Sprite","node":{"__id__":1},"_type":1,"_sizeMode":0},{"__type__":"cc.Layout","node":{"__id__":1},"_layoutSize":{"__type__":"cc.Size","width":1020,"height":110},"_resize":1,"_N$layoutType":1},{"__type__":"62f1a9VXuZDt55JVeMoMTNG","node":{"__id__":1},"card":{"__uuid__":"d14e1091-8d34-4c1c-b9fd-a01c2f4b8e03"},"sp_head":{"__id__":4},"lb_name":{"__id__":6},"lb_score":{"__id__":13},"lb_des":{"__id__":9},"layout_card":{"__id__":10}}],"_prefab":{"__type__":"cc.PrefabInfo","root":{"__id__":1},"fileId":"216d2uauXpDzboXqdNqn1O2"}},{"__type__":"cc.Node","_name":"node_userinfo","_color":{"__type__":"cc.Color","r":167,"g":167,"b":167},"_parent":{"__id__":1},"_contentSize":{"__type__":"cc.Size","width":200,"height":106},"_children":[{"__id__":3},{"__id__":5}],"_position":{"__type__":"cc.Vec2","x":-410},"_components":[{"__type__":"cc.Sprite","node":{"__id__":2},"_type":1,"_sizeMode":0},{"__type__":"cc.Layout","node":{"__id__":2},"_layoutSize":{"__type__":"cc.Size","width":200,"height":106},"_resize":1,"_N$layoutType":2}],"_prefab":{"__type__":"cc.PrefabInfo","root":{"__id__":1},"fileId":"48f55cIDSZKiZtMpnFIilIv"}},{"__type__":"cc.Node","_name":"sp_head","_parent":{"__id__":2},"_contentSize":{"__type__":"cc.Size","width":84,"height":84},"_position":{"__type__":"cc.Vec2","y":11},"_components":[{"__id__":4}],"_prefab":{"__type__":"cc.PrefabInfo","root":{"__id__":1},"fileId":"e0810ExMNBAfLhfyCaUSWJa"}},{"__type__":"cc.Sprite","node":{"__id__":3},"_spriteFrame":{"__uuid__":"f57d3aef-dc46-455b-b6c4-101a0f0edfb2"},"_sizeMode":0},{"__type__":"cc.Node","_name":"lb_name","_color":{"__type__":"cc.Color","r":180,"g":41,"b":14},"_parent":{"__id__":2},"_contentSize":{"__type__":"cc.Size","width":24.47,"height":22},"_position":{"__type__":"cc.Vec2","y":-42},"_components":[{"__id__":6}],"_prefab":{"__type__":"cc.PrefabInfo","root":{"__id__":1},"fileId":"78d731rHPxAFpifLHE6bokR"}},{"__type__":"cc.Label","node":{"__id__":5},"_useOriginalSize":false,"_actualFontSize":22,"_fontSize":22,"_lineHeight":22,"_N$string":"00","_N$horizontalAlign":1,"_N$verticalAlign":1},{"__type__":"cc.Node","_name":"node_cardinfo","_parent":{"__id__":1},"_contentSize":{"__type__":"cc.Size","width":720,"height":110},"_children":[{"__id__":8},{"__id__":10}],"_position":{"__type__":"cc.Vec2","x":50},"_prefab":{"__type__":"cc.PrefabInfo","root":{"__id__":1},"fileId":"45556kHu+pAF6L/H146hL38"}},{"__type__":"cc.Node","_name":"lb_des","_color":{"__type__":"cc.Color","r":180,"g":41,"b":14},"_parent":{"__id__":7},"_anchorPoint":{"__type__":"cc.Vec2","x":0.5},"_contentSize":{"__type__":"cc.Size","width":720,"height":30},"_position":{"__type__":"cc.Vec2","y":20},"_components":[{"__id__":9}],"_prefab":{"__type__":"cc.PrefabInfo","root":{"__id__":1},"fileId":"c7109oxP/BPEKgo7t69P/eQ"}},{"__type__":"cc.Label","node":{"__id__":8},"_useOriginalSize":false,"_actualFontSize":30,"_fontSize":30,"_lineHeight":30,"_N$string":"自摸 清一色 手把一 杠上开花","_N$verticalAlign":1,"_N$overflow":2},{"__type__":"cc.Node","_name":"layout_card","_color":{"__type__":"cc.Color","r":167,"g":167,"b":167},"_parent":{"__id__":7},"_contentSize":{"__type__":"cc.Size","width":720,"height":55},"_position":{"__type__":"cc.Vec2","y":-20},"_components":[{"__type__":"cc.Sprite","node":{"__id__":10},"_type":1,"_sizeMode":0},{"__type__":"cc.Layout","node":{"__id__":10},"_layoutSize":{"__type__":"cc.Size","width":720,"height":55},"_N$layoutType":1}],"_prefab":{"__type__":"cc.PrefabInfo","root":{"__id__":1},"fileId":"9133d5F7wtJcKvzaoR9yOSI"}},{"__type__":"cc.Node","_name":"node_score","_parent":{"__id__":1},"_contentSize":{"__type__":"cc.Size","width":100,"height":130},"_children":[{"__id__":12}],"_position":{"__type__":"cc.Vec2","x":460},"_prefab":{"__type__":"cc.PrefabInfo","root":{"__id__":1},"fileId":"620c6sQD4pNCZzrJjLr61f5"}},{"__type__":"cc.Node","_name":"lb_score","_color":{"__type__":"cc.Color","r":180,"g":41,"b":14},"_parent":{"__id__":11},"_contentSize":{"__type__":"cc.Size","width":43.36,"height":30},"_position":{"__type__":"cc.Vec2","y":-20},"_components":[{"__id__":13}],"_prefab":{"__type__":"cc.PrefabInfo","root":{"__id__":1},"fileId":"59a11ZIoLVAq6muOi0lRzhr"}},{"__type__":"cc.Label","node":{"__id__":12},"_useOriginalSize":false,"_actualFontSize":30,"_fontSize":30,"_lineHeight":30,"_N$string":"-10","_N$horizontalAlign":1,"_N$verticalAlign":1}]