[{"__type__":"cc.SceneAsset","_name":"PrefabScene","scene":{"__id__":1},"asyncLoadAssets":false},{"__type__":"cc.Scene","_anchorPoint":{"__type__":"cc.Vec2"},"_children":[{"__id__":2},{"__id__":3},{"__id__":26},{"__id__":30},{"__id__":33},{"__id__":36},{"__id__":39},{"__id__":41},{"__id__":43},{"__id__":45},{"__id__":47},{"__id__":53},{"__id__":56},{"__id__":59},{"__id__":62},{"__id__":71},{"__type__":"cc.Node","_name":"ChiCard","_parent":{"__id__":1},"_id":"5c57cdiA3xHjriRu89z15qR"}],"autoReleaseAssets":false},{"__type__":"cc.Node","_name":"Canvas","_parent":{"__id__":1},"_contentSize":{"__type__":"cc.Size","width":1334,"height":750},"_position":{"__type__":"cc.Vec2","x":667,"y":375},"_id":"d3d56K49/BF+Z3maBXD/k5u","_components":[{"__type__":"cc.Canvas","node":{"__id__":2},"_designResolution":{"__type__":"cc.Size","width":1334,"height":750}}]},{"__type__":"cc.Node","_name":"videoNode","_parent":{"__id__":1},"_children":[{"__id__":4}],"_id":"1adb4UbDIlLuK30DXfcscD6","_active":false},{"__type__":"cc.Node","_name":"74","_parent":{"__id__":3},"_contentSize":{"__type__":"cc.Size","width":1230,"height":194},"_children":[{"__id__":5},{"__id__":6},{"__id__":7},{"__id__":8},{"__id__":9},{"__id__":10},{"__id__":11},{"__id__":12},{"__id__":13},{"__id__":14},{"__id__":15},{"__id__":16},{"__id__":17},{"__id__":18},{"__id__":19},{"__id__":20},{"__id__":21},{"__id__":22},{"__id__":23},{"__id__":24},{"__id__":25}],"_position":{"__type__":"cc.Vec2","x":614.6,"y":97.8},"_components":[{"__type__":"cc.Sprite","node":{"__id__":4},"_spriteFrame":{"__uuid__":"dd4b8d37-1d1f-4a8c-8b7d-6ac27edf082d"},"_type":1,"_sizeMode":0}]},{"__type__":"cc.Node","_name":"Label","_color":{"__type__":"cc.Color","r":172,"g":91,"b":56},"_parent":{"__id__":4},"_anchorPoint":{"__type__":"cc.Vec2","y":0.5},"_contentSize":{"__type__":"cc.Size","width":112,"height":40},"_position":{"__type__":"cc.Vec2","x":-574,"y":49},"_components":[{"__type__":"cc.Label","node":{"__id__":5},"_useOriginalSize":false,"_actualFontSize":28,"_fontSize":28,"_N$string":"房间号：","_N$horizontalAlign":1,"_N$verticalAlign":1}]},{"__type__":"cc.Node","_name":"Label","_color":{"__type__":"cc.Color","r":172,"g":91,"b":56},"_parent":{"__id__":4},"_anchorPoint":{"__type__":"cc.Vec2","y":0.5},"_contentSize":{"__type__":"cc.Size","width":93.43,"height":40},"_position":{"__type__":"cc.Vec2","x":-463,"y":49},"_components":[{"__type__":"cc.Label","node":{"__id__":6},"_useOriginalSize":false,"_actualFontSize":28,"_fontSize":28,"_N$string":"123456","_N$horizontalAlign":1,"_N$verticalAlign":1}]},{"__type__":"cc.Node","_name":"Label","_color":{"__type__":"cc.Color","r":172,"g":91,"b":56},"_parent":{"__id__":4},"_anchorPoint":{"__type__":"cc.Vec2","y":0.5},"_contentSize":{"__type__":"cc.Size","width":308.22,"height":40},"_position":{"__type__":"cc.Vec2","x":55,"y":49},"_components":[{"__type__":"cc.Label","node":{"__id__":7},"_useOriginalSize":false,"_actualFontSize":28,"_fontSize":28,"_N$string":"2016-12-30  20：50：30","_N$horizontalAlign":1,"_N$verticalAlign":1}]},{"__type__":"cc.Node","_name":"Label","_color":{"__type__":"cc.Color","r":172,"g":91,"b":56},"_parent":{"__id__":4},"_anchorPoint":{"__type__":"cc.Vec2","y":0.5},"_contentSize":{"__type__":"cc.Size","width":84,"height":40},"_position":{"__type__":"cc.Vec2","x":-36,"y":49},"_components":[{"__type__":"cc.Label","node":{"__id__":8},"_useOriginalSize":false,"_actualFontSize":28,"_fontSize":28,"_N$string":"时间：","_N$horizontalAlign":1,"_N$verticalAlign":1}]},{"__type__":"cc.Node","_name":"Label","_color":{"__type__":"cc.Color","r":172,"g":91,"b":56},"_parent":{"__id__":4},"_anchorPoint":{"__type__":"cc.Vec2","y":0.5},"_contentSize":{"__type__":"cc.Size","width":75,"height":40},"_position":{"__type__":"cc.Vec2","x":-590,"y":-9},"_components":[{"__type__":"cc.Label","node":{"__id__":9},"_useOriginalSize":false,"_actualFontSize":25,"_fontSize":25,"_N$string":"玩家：","_N$horizontalAlign":1,"_N$verticalAlign":1}]},{"__type__":"cc.Node","_name":"73","_parent":{"__id__":4},"_contentSize":{"__type__":"cc.Size","width":75,"height":76},"_position":{"__type__":"cc.Vec2","x":511,"y":-4},"_components":[{"__type__":"cc.Sprite","node":{"__id__":10},"_spriteFrame":{"__uuid__":"c374cfb4-5d6e-4f7f-a82a-6def7c051890"}}]},{"__type__":"cc.Node","_name":"Label","_color":{"__type__":"cc.Color","r":172,"g":91,"b":56},"_parent":{"__id__":4},"_anchorPoint":{"__type__":"cc.Vec2","y":0.5},"_contentSize":{"__type__":"cc.Size","width":84,"height":40},"_position":{"__type__":"cc.Vec2","x":-590,"y":-53},"_components":[{"__type__":"cc.Label","node":{"__id__":11},"_useOriginalSize":false,"_actualFontSize":28,"_fontSize":28,"_N$string":"玩家：","_N$horizontalAlign":1,"_N$verticalAlign":1}]},{"__type__":"cc.Node","_name":"Label","_color":{"__type__":"cc.Color","r":172,"g":91,"b":56},"_parent":{"__id__":4},"_anchorPoint":{"__type__":"cc.Vec2","y":0.5},"_contentSize":{"__type__":"cc.Size","width":195.84,"height":40},"_position":{"__type__":"cc.Vec2","x":-511,"y":-53},"_components":[{"__type__":"cc.Label","node":{"__id__":12},"_useOriginalSize":false,"_actualFontSize":25,"_fontSize":25,"_N$string":"这里共有七个字...","_N$horizontalAlign":1,"_N$verticalAlign":1}]},{"__type__":"cc.Node","_name":"Label","_color":{"__type__":"cc.Color","r":172,"g":91,"b":56},"_parent":{"__id__":4},"_anchorPoint":{"__type__":"cc.Vec2","y":0.5},"_contentSize":{"__type__":"cc.Size","width":195.84,"height":40},"_position":{"__type__":"cc.Vec2","x":-511,"y":-9},"_components":[{"__type__":"cc.Label","node":{"__id__":13},"_useOriginalSize":false,"_actualFontSize":25,"_fontSize":25,"_N$string":"这里共有七个字...","_N$horizontalAlign":1,"_N$verticalAlign":1}]},{"__type__":"cc.Node","_name":"Label","_color":{"__type__":"cc.Color","r":172,"g":91,"b":56},"_parent":{"__id__":4},"_anchorPoint":{"__type__":"cc.Vec2","y":0.5},"_contentSize":{"__type__":"cc.Size","width":75,"height":40},"_position":{"__type__":"cc.Vec2","x":-284,"y":-53},"_components":[{"__type__":"cc.Label","node":{"__id__":14},"_useOriginalSize":false,"_actualFontSize":25,"_fontSize":25,"_N$string":"分数：","_N$horizontalAlign":1,"_N$verticalAlign":1}]},{"__type__":"cc.Node","_name":"Label","_color":{"__type__":"cc.Color","r":172,"g":91,"b":56},"_parent":{"__id__":4},"_anchorPoint":{"__type__":"cc.Vec2","y":0.5},"_contentSize":{"__type__":"cc.Size","width":75,"height":40},"_position":{"__type__":"cc.Vec2","x":-284,"y":-9},"_components":[{"__type__":"cc.Label","node":{"__id__":15},"_useOriginalSize":false,"_actualFontSize":25,"_fontSize":25,"_N$string":"分数：","_N$horizontalAlign":1,"_N$verticalAlign":1}]},{"__type__":"cc.Node","_name":"Label","_color":{"__type__":"cc.Color","r":172,"g":91,"b":56},"_parent":{"__id__":4},"_anchorPoint":{"__type__":"cc.Vec2","y":0.5},"_contentSize":{"__type__":"cc.Size","width":93.43,"height":40},"_position":{"__type__":"cc.Vec2","x":-206,"y":-53},"_components":[{"__type__":"cc.Label","node":{"__id__":16},"_useOriginalSize":false,"_actualFontSize":28,"_fontSize":28,"_N$string":"123456","_N$horizontalAlign":1,"_N$verticalAlign":1}]},{"__type__":"cc.Node","_name":"Label","_color":{"__type__":"cc.Color","r":172,"g":91,"b":56},"_parent":{"__id__":4},"_anchorPoint":{"__type__":"cc.Vec2","y":0.5},"_contentSize":{"__type__":"cc.Size","width":93.43,"height":40},"_position":{"__type__":"cc.Vec2","x":-206,"y":-9},"_components":[{"__type__":"cc.Label","node":{"__id__":17},"_useOriginalSize":false,"_actualFontSize":28,"_fontSize":28,"_N$string":"123456","_N$horizontalAlign":1,"_N$verticalAlign":1}]},{"__type__":"cc.Node","_name":"Label","_color":{"__type__":"cc.Color","r":172,"g":91,"b":56},"_parent":{"__id__":4},"_anchorPoint":{"__type__":"cc.Vec2","y":0.5},"_contentSize":{"__type__":"cc.Size","width":75,"height":40},"_position":{"__type__":"cc.Vec2","x":-39,"y":-53},"_components":[{"__type__":"cc.Label","node":{"__id__":18},"_useOriginalSize":false,"_actualFontSize":25,"_fontSize":25,"_N$string":"玩家：","_N$horizontalAlign":1,"_N$verticalAlign":1}]},{"__type__":"cc.Node","_name":"Label","_color":{"__type__":"cc.Color","r":172,"g":91,"b":56},"_parent":{"__id__":4},"_anchorPoint":{"__type__":"cc.Vec2","y":0.5},"_contentSize":{"__type__":"cc.Size","width":75,"height":40},"_position":{"__type__":"cc.Vec2","x":-39,"y":-9},"_components":[{"__type__":"cc.Label","node":{"__id__":19},"_useOriginalSize":false,"_actualFontSize":25,"_fontSize":25,"_N$string":"玩家：","_N$horizontalAlign":1,"_N$verticalAlign":1}]},{"__type__":"cc.Node","_name":"Label","_color":{"__type__":"cc.Color","r":172,"g":91,"b":56},"_parent":{"__id__":4},"_anchorPoint":{"__type__":"cc.Vec2","y":0.5},"_contentSize":{"__type__":"cc.Size","width":195.84,"height":40},"_position":{"__type__":"cc.Vec2","x":39,"y":-53},"_components":[{"__type__":"cc.Label","node":{"__id__":20},"_useOriginalSize":false,"_actualFontSize":25,"_fontSize":25,"_N$string":"这里共有七个字...","_N$horizontalAlign":1,"_N$verticalAlign":1}]},{"__type__":"cc.Node","_name":"Label","_color":{"__type__":"cc.Color","r":172,"g":91,"b":56},"_parent":{"__id__":4},"_anchorPoint":{"__type__":"cc.Vec2","y":0.5},"_contentSize":{"__type__":"cc.Size","width":195.84,"height":40},"_position":{"__type__":"cc.Vec2","x":39,"y":-9},"_components":[{"__type__":"cc.Label","node":{"__id__":21},"_useOriginalSize":false,"_actualFontSize":25,"_fontSize":25,"_N$string":"这里共有七个字...","_N$horizontalAlign":1,"_N$verticalAlign":1}]},{"__type__":"cc.Node","_name":"Label","_color":{"__type__":"cc.Color","r":172,"g":91,"b":56},"_parent":{"__id__":4},"_anchorPoint":{"__type__":"cc.Vec2","y":0.5},"_contentSize":{"__type__":"cc.Size","width":84,"height":40},"_position":{"__type__":"cc.Vec2","x":269,"y":-53},"_components":[{"__type__":"cc.Label","node":{"__id__":22},"_useOriginalSize":false,"_actualFontSize":28,"_fontSize":28,"_N$string":"分数：","_N$horizontalAlign":1,"_N$verticalAlign":1}]},{"__type__":"cc.Node","_name":"Label","_color":{"__type__":"cc.Color","r":172,"g":91,"b":56},"_parent":{"__id__":4},"_anchorPoint":{"__type__":"cc.Vec2","y":0.5},"_contentSize":{"__type__":"cc.Size","width":75,"height":40},"_position":{"__type__":"cc.Vec2","x":269,"y":-9},"_components":[{"__type__":"cc.Label","node":{"__id__":23},"_useOriginalSize":false,"_actualFontSize":25,"_fontSize":25,"_N$string":"分数：","_N$horizontalAlign":1,"_N$verticalAlign":1}]},{"__type__":"cc.Node","_name":"Label","_color":{"__type__":"cc.Color","r":172,"g":91,"b":56},"_parent":{"__id__":4},"_anchorPoint":{"__type__":"cc.Vec2","y":0.5},"_contentSize":{"__type__":"cc.Size","width":83.42,"height":40},"_position":{"__type__":"cc.Vec2","x":341,"y":-53},"_components":[{"__type__":"cc.Label","node":{"__id__":24},"_useOriginalSize":false,"_actualFontSize":25,"_fontSize":25,"_N$string":"123456","_N$horizontalAlign":1,"_N$verticalAlign":1}]},{"__type__":"cc.Node","_name":"Label","_color":{"__type__":"cc.Color","r":172,"g":91,"b":56},"_parent":{"__id__":4},"_anchorPoint":{"__type__":"cc.Vec2","y":0.5},"_contentSize":{"__type__":"cc.Size","width":83.42,"height":40},"_position":{"__type__":"cc.Vec2","x":341,"y":-9},"_components":[{"__type__":"cc.Label","node":{"__id__":25},"_useOriginalSize":false,"_actualFontSize":25,"_fontSize":25,"_N$string":"123456","_N$horizontalAlign":1,"_N$verticalAlign":1}]},{"__type__":"cc.Node","_name":"reLine","_parent":{"__id__":1},"_children":[{"__id__":27},{"__id__":28},{"__id__":29}],"_id":"a65f4nXtoZDUqCVnG6CH1i9","_active":false,"_prefab":{"__type__":"cc.PrefabInfo","root":{"__id__":26},"fileId":"a65f4nXtoZDUqCVnG6CH1i9"}},{"__type__":"cc.Node","_name":"11","_parent":{"__id__":26},"_contentSize":{"__type__":"cc.Size","width":500,"height":232},"_position":{"__type__":"cc.Vec2","x":251,"y":108},"_components":[{"__type__":"cc.Sprite","node":{"__id__":27},"_spriteFrame":{"__uuid__":"bdb25c2c-6599-4688-bfec-3b8001229372"},"_type":1,"_sizeMode":0}],"_prefab":{"__type__":"cc.PrefabInfo","root":{"__id__":26},"fileId":"035b1TrGadN/YLyc8m5iSxR"}},{"__type__":"cc.Node","_name":"imgRoll","_parent":{"__id__":26},"_contentSize":{"__type__":"cc.Size","width":130,"height":130},"_position":{"__type__":"cc.Vec2","x":252,"y":127},"_components":[{"__type__":"cc.Sprite","node":{"__id__":28},"_spriteFrame":{"__uuid__":"e7143850-4fa6-4036-89ba-a2b61bff6942"}}],"_prefab":{"__type__":"cc.PrefabInfo","root":{"__id__":26},"fileId":"9ac87iPMMxJD5JjEC5LuBBh"}},{"__type__":"cc.Node","_name":"Label","_color":{"__type__":"cc.Color","r":174,"g":81,"b":54},"_parent":{"__id__":26},"_contentSize":{"__type__":"cc.Size","width":148,"height":40},"_position":{"__type__":"cc.Vec2","x":252,"y":38},"_components":[{"__type__":"cc.Label","node":{"__id__":29},"_useOriginalSize":false,"_actualFontSize":30,"_fontSize":30,"_N$file":{"__uuid__":"71a88407-d7db-42c8-9a31-5a7b0c84ba19"},"_isSystemFontUsed":false,"_N$string":"重新连接中","_N$horizontalAlign":1,"_N$verticalAlign":1}],"_prefab":{"__type__":"cc.PrefabInfo","root":{"__id__":26},"fileId":"cda695ls6VFapH7aCoIf14V"}},{"__type__":"cc.Node","_name":"card1","_parent":{"__id__":1},"_children":[{"__id__":31},{"__id__":32}],"_id":"0717bokBBJHsrMnQOfKI85Q","_active":false,"_prefab":{"__type__":"cc.PrefabInfo","root":{"__id__":30},"fileId":"0717bokBBJHsrMnQOfKI85Q"}},{"__type__":"cc.Node","_name":"A-01","_parent":{"__id__":30},"_contentSize":{"__type__":"cc.Size","width":60,"height":76},"_position":{"__type__":"cc.Vec2","x":30,"y":38},"_components":[{"__type__":"cc.Sprite","node":{"__id__":31}}],"_prefab":{"__type__":"cc.PrefabInfo","root":{"__id__":30},"fileId":"cb98emD4CRDLJsFioiAYMcP"}},{"__type__":"cc.Node","_name":"F-01-01","_parent":{"__id__":30},"_contentSize":{"__type__":"cc.Size","width":60,"height":78},"_position":{"__type__":"cc.Vec2","x":30,"y":38},"_components":[{"__type__":"cc.Sprite","node":{"__id__":32},"_sizeMode":0,"_isTrimmedMode":false}],"_prefab":{"__type__":"cc.PrefabInfo","root":{"__id__":30},"fileId":"dab4egH1wRMlZ2E8oMICxY7"}},{"__type__":"cc.Node","_name":"card2","_parent":{"__id__":1},"_children":[{"__id__":34},{"__id__":35}],"_id":"7e8f75gahhF96OyOAVMvkIW","_active":false,"_prefab":{"__type__":"cc.PrefabInfo","root":{"__id__":33},"fileId":"7e8f75gahhF96OyOAVMvkIW"}},{"__type__":"cc.Node","_name":"E-01","_parent":{"__id__":33},"_contentSize":{"__type__":"cc.Size","width":68,"height":57},"_position":{"__type__":"cc.Vec2","x":34,"y":28.5},"_components":[{"__type__":"cc.Sprite","node":{"__id__":34}}],"_prefab":{"__type__":"cc.PrefabInfo","root":{"__id__":33},"fileId":"1437fAq+rhJk51axVvei3yR"}},{"__type__":"cc.Node","_name":"E-01-01","_parent":{"__id__":33},"_contentSize":{"__type__":"cc.Size","width":68,"height":57},"_position":{"__type__":"cc.Vec2","x":34,"y":28.5},"_components":[{"__type__":"cc.Sprite","node":{"__id__":35},"_sizeMode":0,"_isTrimmedMode":false}],"_prefab":{"__type__":"cc.PrefabInfo","root":{"__id__":33},"fileId":"45c8bsaeSdJjL23FXtNK2Um"}},{"__type__":"cc.Node","_name":"PlayerCard","_parent":{"__id__":1},"_children":[{"__id__":37},{"__id__":38}],"_id":"f8f35ViAnlAy4plRIBvEpNG","_active":false,"_prefab":{"__type__":"cc.PrefabInfo","root":{"__id__":36},"fileId":"f8f35ViAnlAy4plRIBvEpNG"}},{"__type__":"cc.Node","_name":"D-01","_parent":{"__id__":36},"_contentSize":{"__type__":"cc.Size","width":82,"height":117},"_position":{"__type__":"cc.Vec2","x":41,"y":58.5},"_components":[{"__type__":"cc.Sprite","node":{"__id__":37}}],"_prefab":{"__type__":"cc.PrefabInfo","root":{"__id__":36},"fileId":"7f663TbKApDRrC+xRlebrdi"}},{"__type__":"cc.Node","_name":"D-01-01","_parent":{"__id__":36},"_contentSize":{"__type__":"cc.Size","width":82,"height":117},"_position":{"__type__":"cc.Vec2","x":42,"y":58.5},"_components":[{"__type__":"cc.Sprite","node":{"__id__":38},"_sizeMode":0,"_isTrimmedMode":false}],"_prefab":{"__type__":"cc.PrefabInfo","root":{"__id__":36},"fileId":"79b31KVnaVG0pkzsQaQTWcR"}},{"__type__":"cc.Node","_name":"UnuseCard1","_parent":{"__id__":1},"_children":[{"__id__":40}],"_id":"2fe5f306YJIFrX+KQ9cPtLl","_active":false,"_prefab":{"__type__":"cc.PrefabInfo","root":{"__id__":39},"fileId":"2fe5f306YJIFrX+KQ9cPtLl"}},{"__type__":"cc.Node","_name":"A-01","_parent":{"__id__":39},"_contentSize":{"__type__":"cc.Size","width":36,"height":52},"_position":{"__type__":"cc.Vec2","x":18,"y":26},"_components":[{"__type__":"cc.Sprite","node":{"__id__":40},"_sizeMode":0}],"_prefab":{"__type__":"cc.PrefabInfo","root":{"__id__":39},"fileId":"f24be3Wv0xLL7CwVPJJ/Bvb"}},{"__type__":"cc.Node","_name":"UnuseCard2","_parent":{"__id__":1},"_children":[{"__id__":42}],"_id":"13d8ayDfg5G6YqtYRI6kDlL","_active":false,"_prefab":{"__type__":"cc.PrefabInfo","root":{"__id__":41},"fileId":"13d8ayDfg5G6YqtYRI6kDlL"}},{"__type__":"cc.Node","_name":"A-02","_parent":{"__id__":41},"_contentSize":{"__type__":"cc.Size","width":58,"height":46},"_position":{"__type__":"cc.Vec2","x":29,"y":23},"_components":[{"__type__":"cc.Sprite","node":{"__id__":42}}],"_prefab":{"__type__":"cc.PrefabInfo","root":{"__id__":41},"fileId":"1f4e5+6wWhLeq+/eXGGXl5C"}},{"__type__":"cc.Node","_name":"UnuseCard3","_parent":{"__id__":1},"_children":[{"__id__":44}],"_id":"1c56bBYJbJJAK4WCC4bhjYk","_active":false,"_prefab":{"__type__":"cc.PrefabInfo","root":{"__id__":43},"fileId":"1c56bBYJbJJAK4WCC4bhjYk"}},{"__type__":"cc.Node","_name":"B-01","_parent":{"__id__":43},"_contentSize":{"__type__":"cc.Size","width":34,"height":74},"_position":{"__type__":"cc.Vec2","x":17,"y":37},"_components":[{"__type__":"cc.Sprite","node":{"__id__":44}}],"_prefab":{"__type__":"cc.PrefabInfo","root":{"__id__":43},"fileId":"efd93Sm77xNzrmm4xFOJcQS"}},{"__type__":"cc.Node","_name":"UnuseCard4","_parent":{"__id__":1},"_children":[{"__id__":46}],"_id":"6339dq7Dc9LYYwk3VTkkidO","_active":false,"_prefab":{"__type__":"cc.PrefabInfo","root":{"__id__":45},"fileId":"6339dq7Dc9LYYwk3VTkkidO"}},{"__type__":"cc.Node","_name":"C-01","_parent":{"__id__":45},"_contentSize":{"__type__":"cc.Size","width":36,"height":52},"_position":{"__type__":"cc.Vec2","x":18,"y":26},"_components":[{"__type__":"cc.Sprite","node":{"__id__":46}}],"_prefab":{"__type__":"cc.PrefabInfo","root":{"__id__":45},"fileId":"857ea1A7HlBSJXT0uNTTskx"}},{"__type__":"cc.Node","_name":"TipLayer","_parent":{"__id__":1},"_children":[{"__id__":48},{"__id__":49},{"__id__":52}],"_id":"bf3cePB80JAh6+scx5jcBhE","_active":false,"_components":[{"__type__":"6f67fkYoftA0okwrknaWVKB","node":{"__id__":47},"rootNod":{"__id__":47},"btn":{"__id__":51}}],"_prefab":{"__type__":"cc.PrefabInfo","root":{"__id__":47},"fileId":"a65f4nXtoZDUqCVnG6CH1i9"}},{"__type__":"cc.Node","_name":"11","_parent":{"__id__":47},"_contentSize":{"__type__":"cc.Size","width":500,"height":300},"_components":[{"__type__":"cc.Sprite","node":{"__id__":48},"_spriteFrame":{"__uuid__":"bdb25c2c-6599-4688-bfec-3b8001229372"},"_type":1,"_sizeMode":0}],"_prefab":{"__type__":"cc.PrefabInfo","root":{"__id__":47},"fileId":"035b1TrGadN/YLyc8m5iSxR"}},{"__type__":"cc.Node","_name":"09","_parent":{"__id__":47},"_contentSize":{"__type__":"cc.Size","width":214,"height":70},"_children":[{"__id__":50}],"_position":{"__type__":"cc.Vec2","x":-3,"y":-88},"_components":[{"__type__":"cc.Sprite","node":{"__id__":49},"_spriteFrame":{"__uuid__":"8eff65ab-3b96-4cab-9937-cf4bc7f11a63"}},{"__id__":51}],"_prefab":{"__type__":"cc.PrefabInfo","root":{"__id__":47},"fileId":"10546n8iqhNCb0GdxhNSf6E"}},{"__type__":"cc.Node","_name":"38","_parent":{"__id__":49},"_contentSize":{"__type__":"cc.Size","width":100,"height":46},"_position":{"__type__":"cc.Vec2","y":4.6},"_components":[{"__type__":"cc.Sprite","node":{"__id__":50},"_spriteFrame":{"__uuid__":"a8689710-f170-49e6-b896-d32816589797"}}],"_prefab":{"__type__":"cc.PrefabInfo","root":{"__id__":47},"fileId":"48559ZPAj5GbJAicTzjj8pE"}},{"__type__":"cc.Button","node":{"__id__":49},"_N$target":{"__id__":49}},{"__type__":"cc.Node","_name":"Label","_color":{"__type__":"cc.Color","r":174,"g":81,"b":54},"_parent":{"__id__":47},"_contentSize":{"__type__":"cc.Size","width":148,"height":40},"_position":{"__type__":"cc.Vec2","y":63},"_components":[{"__type__":"cc.Label","node":{"__id__":52},"_useOriginalSize":false,"_actualFontSize":30,"_fontSize":30,"_N$file":{"__uuid__":"71a88407-d7db-42c8-9a31-5a7b0c84ba19"},"_isSystemFontUsed":false,"_N$string":"重新连接中","_N$horizontalAlign":1,"_N$verticalAlign":1,"_N$overflow":3}],"_prefab":{"__type__":"cc.PrefabInfo","root":{"__id__":47},"fileId":"cda695ls6VFapH7aCoIf14V"}},{"__type__":"cc.Node","_name":"SpecialCard1","_parent":{"__id__":1},"_children":[{"__id__":54},{"__id__":55}],"_id":"52e26YtIYVKbIeWcPLbbSrE","_active":false},{"__type__":"cc.Node","_name":"02","_parent":{"__id__":53},"_contentSize":{"__type__":"cc.Size","width":75,"height":64},"_position":{"__type__":"cc.Vec2","x":37.5,"y":32},"_components":[{"__type__":"cc.Sprite","node":{"__id__":54}}]},{"__type__":"cc.Node","_name":"img","_parent":{"__id__":53},"_contentSize":{"__type__":"cc.Size","width":90,"height":122},"_rotationX":90,"_rotationY":90,"_scaleX":0.55,"_scaleY":0.6,"_position":{"__type__":"cc.Vec2","x":39.6,"y":44.2},"_components":[{"__type__":"cc.Sprite","node":{"__id__":55},"_sizeMode":0,"_isTrimmedMode":false}]},{"__type__":"cc.Node","_name":"SpecialCard2","_parent":{"__id__":1},"_children":[{"__id__":57},{"__id__":58}],"_id":"ebca1xrGIxOJJxRBDNAKRqa","_active":false},{"__type__":"cc.Node","_name":"02","_parent":{"__id__":56},"_contentSize":{"__type__":"cc.Size","width":64,"height":51},"_position":{"__type__":"cc.Vec2","x":32,"y":25.5},"_components":[{"__type__":"cc.Sprite","node":{"__id__":57}}]},{"__type__":"cc.Node","_name":"img","_parent":{"__id__":56},"_anchorPoint":{"__type__":"cc.Vec2"},"_contentSize":{"__type__":"cc.Size","width":90,"height":122},"_rotationX":90,"_rotationY":90,"_scaleX":0.4,"_scaleY":0.5,"_position":{"__type__":"cc.Vec2","x":7.5,"y":54.5},"_skewY":-12,"_components":[{"__type__":"cc.Sprite","node":{"__id__":58},"_sizeMode":0,"_isTrimmedMode":false}]},{"__type__":"cc.Node","_name":"SpecialCard3","_parent":{"__id__":1},"_children":[{"__id__":60},{"__id__":61}],"_id":"116ffAaAaRL8aaiSNd5dn7I","_active":false},{"__type__":"cc.Node","_name":"02","_parent":{"__id__":59},"_contentSize":{"__type__":"cc.Size","width":57,"height":62},"_position":{"__type__":"cc.Vec2","x":28,"y":31},"_components":[{"__type__":"cc.Sprite","node":{"__id__":60}}]},{"__type__":"cc.Node","_name":"img","_parent":{"__id__":59},"_anchorPoint":{"__type__":"cc.Vec2"},"_contentSize":{"__type__":"cc.Size","width":90,"height":122},"_scaleX":0.5,"_scaleY":0.45,"_position":{"__type__":"cc.Vec2","x":-2.9,"y":15.4},"_skewX":14,"_components":[{"__type__":"cc.Sprite","node":{"__id__":61},"_sizeMode":0,"_isTrimmedMode":false}]},{"__type__":"cc.Node","_name":"AnGang1","_parent":{"__id__":1},"_children":[{"__id__":63},{"__id__":65},{"__id__":67},{"__id__":69}],"_id":"97e7eXDCTNIoLAPdc6E586A","_prefab":{"__type__":"cc.PrefabInfo","root":{"__id__":62},"fileId":"97e7eXDCTNIoLAPdc6E586A"}},{"__type__":"cc.Node","_name":"UnuseCard1","_parent":{"__id__":62},"_children":[{"__id__":64}],"_scaleX":0.46,"_scaleY":0.46,"_prefab":{"__type__":"cc.PrefabInfo","root":{"__id__":62},"fileId":"46877AU55BE9IThcJxGEyzW"}},{"__type__":"cc.Node","_name":"02","_parent":{"__id__":63},"_contentSize":{"__type__":"cc.Size","width":90,"height":122},"_position":{"__type__":"cc.Vec2","x":45,"y":61},"_components":[{"__type__":"cc.Sprite","node":{"__id__":64},"_sizeMode":0,"_isTrimmedMode":false}],"_prefab":{"__type__":"cc.PrefabInfo","root":{"__id__":62},"fileId":"3668eSnvxdP86p0leBB+Slb"}},{"__type__":"cc.Node","_name":"UnuseCard2","_parent":{"__id__":62},"_children":[{"__id__":66}],"_scaleX":0.46,"_scaleY":0.46,"_position":{"__type__":"cc.Vec2","x":38},"_prefab":{"__type__":"cc.PrefabInfo","root":{"__id__":62},"fileId":"dcddeXWuotEwaj+SvU2HNYn"}},{"__type__":"cc.Node","_name":"02","_parent":{"__id__":65},"_contentSize":{"__type__":"cc.Size","width":90,"height":122},"_position":{"__type__":"cc.Vec2","x":45,"y":61},"_components":[{"__type__":"cc.Sprite","node":{"__id__":66},"_sizeMode":0,"_isTrimmedMode":false}],"_prefab":{"__type__":"cc.PrefabInfo","root":{"__id__":62},"fileId":"7d9a4dzoRRHiYgkYqHjR06q"}},{"__type__":"cc.Node","_name":"UnuseCard3","_parent":{"__id__":62},"_children":[{"__id__":68}],"_scaleX":0.46,"_scaleY":0.46,"_position":{"__type__":"cc.Vec2","x":75.6},"_prefab":{"__type__":"cc.PrefabInfo","root":{"__id__":62},"fileId":"e8edbjxiilBHp4byA0rLgcW"}},{"__type__":"cc.Node","_name":"02","_parent":{"__id__":67},"_contentSize":{"__type__":"cc.Size","width":90,"height":122},"_position":{"__type__":"cc.Vec2","x":45,"y":61},"_components":[{"__type__":"cc.Sprite","node":{"__id__":68},"_sizeMode":0,"_isTrimmedMode":false}],"_prefab":{"__type__":"cc.PrefabInfo","root":{"__id__":62},"fileId":"dda9aeBDA5BALJraXEsi5f3"}},{"__type__":"cc.Node","_name":"UnuseCard4","_parent":{"__id__":62},"_children":[{"__id__":70}],"_scaleX":0.46,"_scaleY":0.46,"_position":{"__type__":"cc.Vec2","x":38.4,"y":17.3},"_prefab":{"__type__":"cc.PrefabInfo","root":{"__id__":62},"fileId":"ea39bcEcSpKu5W3Rl1TQhpH"}},{"__type__":"cc.Node","_name":"02","_parent":{"__id__":69},"_contentSize":{"__type__":"cc.Size","width":90,"height":122},"_position":{"__type__":"cc.Vec2","x":45,"y":61},"_components":[{"__type__":"cc.Sprite","node":{"__id__":70},"_sizeMode":0,"_isTrimmedMode":false}],"_prefab":{"__type__":"cc.PrefabInfo","root":{"__id__":62},"fileId":"bf079EtC3xEC5IEUO1t192A"}},{"__type__":"cc.Node","_name":"AnGang2","_parent":{"__id__":1},"_children":[{"__id__":72},{"__id__":74},{"__id__":76},{"__id__":78}],"_id":"23712ILOfVAPKSfAQc2yirx","_prefab":{"__type__":"cc.PrefabInfo","root":{"__id__":71},"fileId":"23712ILOfVAPKSfAQc2yirx"}},{"__type__":"cc.Node","_name":"UnuseCard23","_parent":{"__id__":71},"_children":[{"__id__":73}],"_position":{"__type__":"cc.Vec2","x":7.9,"y":40.9},"_prefab":{"__type__":"cc.PrefabInfo","root":{"__id__":71},"fileId":"7b4dej00i5NpYq0LybvhK7M"}},{"__type__":"cc.Node","_name":"02","_parent":{"__id__":72},"_contentSize":{"__type__":"cc.Size","width":60,"height":48},"_position":{"__type__":"cc.Vec2","x":30,"y":24},"_components":[{"__type__":"cc.Sprite","node":{"__id__":73},"_sizeMode":0}],"_prefab":{"__type__":"cc.PrefabInfo","root":{"__id__":71},"fileId":"ed35f5o79dCLp0zlsr5E7DG"}},{"__type__":"cc.Node","_name":"UnuseCard22","_parent":{"__id__":71},"_children":[{"__id__":75}],"_position":{"__type__":"cc.Vec2","x":3.6,"y":20.8},"_prefab":{"__type__":"cc.PrefabInfo","root":{"__id__":71},"fileId":"be6f3cC9QdIBYL7M4C8kcOG"}},{"__type__":"cc.Node","_name":"02","_parent":{"__id__":74},"_contentSize":{"__type__":"cc.Size","width":60,"height":48},"_position":{"__type__":"cc.Vec2","x":30,"y":24},"_components":[{"__type__":"cc.Sprite","node":{"__id__":75},"_sizeMode":0}],"_prefab":{"__type__":"cc.PrefabInfo","root":{"__id__":71},"fileId":"90770Cv+l5MbpgqmOcJl4nw"}},{"__type__":"cc.Node","_name":"UnuseCard21","_parent":{"__id__":71},"_children":[{"__id__":77}],"_prefab":{"__type__":"cc.PrefabInfo","root":{"__id__":71},"fileId":"f71b2+0DRhDqaSp6qOfCjPK"}},{"__type__":"cc.Node","_name":"02","_parent":{"__id__":76},"_contentSize":{"__type__":"cc.Size","width":60,"height":48},"_position":{"__type__":"cc.Vec2","x":30,"y":24},"_components":[{"__type__":"cc.Sprite","node":{"__id__":77},"_sizeMode":0}],"_prefab":{"__type__":"cc.PrefabInfo","root":{"__id__":71},"fileId":"87a36TMceFEdrPOq4d2qIeK"}},{"__type__":"cc.Node","_name":"UnuseCard24","_parent":{"__id__":71},"_children":[{"__id__":79}],"_position":{"__type__":"cc.Vec2","x":3.5,"y":40.7},"_prefab":{"__type__":"cc.PrefabInfo","root":{"__id__":71},"fileId":"1da6b+nEl1JAJMA/kdwew21"}},{"__type__":"cc.Node","_name":"02","_parent":{"__id__":78},"_contentSize":{"__type__":"cc.Size","width":60,"height":48},"_position":{"__type__":"cc.Vec2","x":30,"y":24},"_components":[{"__type__":"cc.Sprite","node":{"__id__":79},"_sizeMode":0}],"_prefab":{"__type__":"cc.PrefabInfo","root":{"__id__":71},"fileId":"6330e2prwVIAKJJp/x4t2hy"}}]