[{"__type__":"cc.SceneAsset","_name":"InitialScene","scene":{"__id__":1},"asyncLoadAssets":false},{"__type__":"cc.Scene","_anchorPoint":{"__type__":"cc.Vec2"},"_children":[{"__id__":2}],"autoReleaseAssets":false},{"__type__":"cc.Node","_name":"Canvas","_parent":{"__id__":1},"_contentSize":{"__type__":"cc.Size","width":1334,"height":750},"_children":[{"__id__":3}],"_position":{"__type__":"cc.Vec2","x":667,"y":375},"_id":"1bd75kjrH5OrYUx1E1N/StN","_components":[{"__type__":"cc.Canvas","node":{"__id__":2},"_designResolution":{"__type__":"cc.Size","width":1334,"height":750},"_fitWidth":true},{"__type__":"1ddebCyp+RARZ/eTCOAyhKu","node":{"__id__":2},"show":{"__id__":4}}]},{"__type__":"cc.Node","_name":"jkyxzg","_parent":{"__id__":2},"_contentSize":{"__type__":"cc.Size","width":918,"height":437},"_components":[{"__id__":4}]},{"__type__":"cc.Sprite","node":{"__id__":3},"_spriteFrame":{"__uuid__":"693f087e-b218-4b96-98da-aca9ff819676"}}]