[{"__type__":"cc.Prefab","_name":"RoundOverLayer","data":{"__id__":1}},{"__type__":"cc.Node","_name":"Canvas","_contentSize":{"__type__":"cc.Size","width":1334,"height":750},"_children":[{"__id__":2},{"__id__":3},{"__id__":4},{"__id__":6},{"__id__":8},{"__id__":10}],"_components":[{"__type__":"3d93fljsfNA55AiQX1vtwH3","node":{"__id__":1},"bt_next":{"__id__":4},"layout_content":{"__id__":3},"item":{"__uuid__":"54e4f831-5f93-479f-989d-5bd447d49572"},"title_win":{"__id__":6},"title_lose":{"__id__":8},"title_huang":{"__id__":10}}],"_prefab":{"__type__":"cc.PrefabInfo","root":{"__id__":1},"fileId":"27e9fGAHVhAo6EPaGv7czNh"}},{"__type__":"cc.Node","_name":"background","_parent":{"__id__":1},"_contentSize":{"__type__":"cc.Size","width":1334,"height":750},"_components":[{"__type__":"cc.Sprite","node":{"__id__":2},"_spriteFrame":{"__uuid__":"69c8f62e-ae2f-49b9-ba94-0954cabf94f3"}}],"_prefab":{"__type__":"cc.PrefabInfo","root":{"__id__":1},"fileId":"36a0635KupKdqSGwltOMl30"}},{"__type__":"cc.Node","_name":"content","_parent":{"__id__":1},"_contentSize":{"__type__":"cc.Size","width":1100,"height":550},"_components":[{"__type__":"cc.Sprite","node":{"__id__":3},"_spriteFrame":{"__uuid__":"bdb25c2c-6599-4688-bfec-3b8001229372"},"_type":1,"_sizeMode":0},{"__type__":"cc.Layout","node":{"__id__":3},"_layoutSize":{"__type__":"cc.Size","width":1100,"height":550},"_N$layoutType":2,"_N$paddingTop":30,"_N$spacingY":15}],"_prefab":{"__type__":"cc.PrefabInfo","root":{"__id__":1},"fileId":"c0c49ymXCFGr5CWvx6tMRJE"}},{"__type__":"cc.Node","_name":"bt_next","_parent":{"__id__":1},"_contentSize":{"__type__":"cc.Size","width":280,"height":90},"_children":[{"__id__":5}],"_position":{"__type__":"cc.Vec2","y":-330},"_components":[{"__type__":"cc.Sprite","node":{"__id__":4},"_spriteFrame":{"__uuid__":"8eff65ab-3b96-4cab-9937-cf4bc7f11a63"},"_type":1,"_sizeMode":0},{"__type__":"cc.Button","node":{"__id__":4},"transition":3,"pressedColor":{"__type__":"cc.Color","r":255,"g":255,"b":255},"pressedSprite":{"__uuid__":"e9ec654c-97a2-4787-9325-e6a10375219a"},"hoverSprite":{"__uuid__":"e9ec654c-97a2-4787-9325-e6a10375219a"},"_N$normalColor":{"__type__":"cc.Color","r":255,"g":255,"b":255},"_N$disabledColor":{"__type__":"cc.Color","r":255,"g":255,"b":255},"_N$normalSprite":{"__uuid__":"f0048c10-f03e-4c97-b9d3-3506e1d58952"},"_N$disabledSprite":{"__uuid__":"29158224-f8dd-4661-a796-1ffab537140e"},"_N$target":{"__id__":4}}],"_prefab":{"__type__":"cc.PrefabInfo","root":{"__id__":1},"fileId":"c7764PWyahIeIWEP1V2OMhI"}},{"__type__":"cc.Node","_name":"120","_parent":{"__id__":4},"_contentSize":{"__type__":"cc.Size","width":140,"height":48},"_components":[{"__type__":"cc.Sprite","node":{"__id__":5},"_spriteFrame":{"__uuid__":"a28bf2cf-5352-4100-a8a8-4bf67972c787"}}],"_prefab":{"__type__":"cc.PrefabInfo","root":{"__id__":1},"fileId":"707486GmwhLdZ8spJSa1C8W"}},{"__type__":"cc.Node","_name":"title_win","_parent":{"__id__":1},"_contentSize":{"__type__":"cc.Size","width":501,"height":127},"_children":[{"__id__":7}],"_position":{"__type__":"cc.Vec2","y":305},"_components":[{"__type__":"cc.Sprite","node":{"__id__":6},"_spriteFrame":{"__uuid__":"9a34a46c-1b08-4ffd-a4e8-f3f5b480e920"}}],"_prefab":{"__type__":"cc.PrefabInfo","root":{"__id__":1},"fileId":"28be1QphZBCxYniWZqWQKsD"}},{"__type__":"cc.Node","_name":"sp_win","_parent":{"__id__":6},"_contentSize":{"__type__":"cc.Size","width":232,"height":97},"_position":{"__type__":"cc.Vec2","y":20},"_components":[{"__type__":"cc.Sprite","node":{"__id__":7},"_spriteFrame":{"__uuid__":"2eb56b9a-eb53-4de6-82ef-047465498647"}}],"_prefab":{"__type__":"cc.PrefabInfo","root":{"__id__":1},"fileId":"74977gIvW5Aw4vhN0Y6DAA4"}},{"__type__":"cc.Node","_name":"title_lose","_parent":{"__id__":1},"_contentSize":{"__type__":"cc.Size","width":502,"height":127},"_children":[{"__id__":9}],"_position":{"__type__":"cc.Vec2","y":305},"_active":false,"_components":[{"__type__":"cc.Sprite","node":{"__id__":8},"_spriteFrame":{"__uuid__":"303a4e0f-c5d1-4de7-a79b-833b077876ac"}}],"_prefab":{"__type__":"cc.PrefabInfo","root":{"__id__":1},"fileId":"63519uao6tOCa4X9PIgx/rU"}},{"__type__":"cc.Node","_name":"sp_lose","_parent":{"__id__":8},"_contentSize":{"__type__":"cc.Size","width":225,"height":95},"_position":{"__type__":"cc.Vec2","y":20},"_components":[{"__type__":"cc.Sprite","node":{"__id__":9},"_spriteFrame":{"__uuid__":"87347c0f-d4bc-4a42-bcb1-af95ef0fdea7"}}],"_prefab":{"__type__":"cc.PrefabInfo","root":{"__id__":1},"fileId":"488acYkCWVGN6XFJ5HI7lq/"}},{"__type__":"cc.Node","_name":"title_huang","_parent":{"__id__":1},"_contentSize":{"__type__":"cc.Size","width":502,"height":127},"_children":[{"__id__":11}],"_position":{"__type__":"cc.Vec2","y":305},"_active":false,"_components":[{"__type__":"cc.Sprite","node":{"__id__":10},"_spriteFrame":{"__uuid__":"303a4e0f-c5d1-4de7-a79b-833b077876ac"}}],"_prefab":{"__type__":"cc.PrefabInfo","root":{"__id__":1},"fileId":"360481XduNIQrLxVFArfkTR"}},{"__type__":"cc.Node","_name":"sp_huang","_parent":{"__id__":10},"_contentSize":{"__type__":"cc.Size","width":212,"height":97},"_position":{"__type__":"cc.Vec2","y":20},"_components":[{"__type__":"cc.Sprite","node":{"__id__":11},"_spriteFrame":{"__uuid__":"5fc5ca1c-d94e-453e-9335-e0cce20d3612"}}],"_prefab":{"__type__":"cc.PrefabInfo","root":{"__id__":1},"fileId":"68007ViHL5JsYlTp9/4Xfmw"}}]