[{"__type__":"cc.Prefab","_name":"EmojiItem","data":{"__id__":1}},{"__type__":"cc.Node","_name":"EmojiItem","_contentSize":{"__type__":"cc.Size","width":80,"height":80},"_children":[{"__id__":2}],"_position":{"__type__":"cc.Vec2","x":127,"y":442},"_components":[{"__type__":"cc.Button","node":{"__id__":1},"transition":3,"_N$target":{"__id__":1}},{"__type__":"993d46kq4tJ5IMB5hu44wJB","node":{"__id__":1},"emoji_node":{"__id__":3}}],"_prefab":{"__type__":"cc.PrefabInfo","root":{"__id__":1},"fileId":"b9bf0OavodLiIItR/3ILHOv"}},{"__type__":"cc.Node","_name":"sprite","_parent":{"__id__":1},"_contentSize":{"__type__":"cc.Size","width":60,"height":64},"_scaleX":1.2,"_scaleY":1.2,"_components":[{"__id__":3}],"_prefab":{"__type__":"cc.PrefabInfo","root":{"__id__":1},"fileId":"d7118yAG5lKybkFOAh8koPL"}},{"__type__":"cc.Sprite","node":{"__id__":2},"_spriteFrame":{"__uuid__":"d8fb07b4-4b8c-4edc-9ce4-8061ba49fdee"}}]