[{"__type__":"cc.SceneAsset","_name":"FinishedScene","scene":{"__id__":1},"asyncLoadAssets":false},{"__type__":"cc.Scene","_anchorPoint":{"__type__":"cc.Vec2"},"_children":[{"__id__":2}],"autoReleaseAssets":false},{"__type__":"cc.Node","_name":"Canvas","_parent":{"__id__":1},"_contentSize":{"__type__":"cc.Size","width":1334,"height":750},"_children":[{"__id__":3},{"__id__":4},{"__id__":26}],"_position":{"__type__":"cc.Vec2","x":667,"y":375},"_id":"d4460rUNNdE9JVJJKORqvXc","_components":[{"__type__":"cc.Canvas","node":{"__id__":2},"_designResolution":{"__type__":"cc.Size","width":1334,"height":750},"_fitWidth":true}]},{"__type__":"cc.Node","_name":"bg3","_parent":{"__id__":2},"_contentSize":{"__type__":"cc.Size","width":1334,"height":750},"_active":false,"_components":[{"__type__":"cc.Sprite","node":{"__id__":3},"_spriteFrame":{"__uuid__":"69c8f62e-ae2f-49b9-ba94-0954cabf94f3"}}]},{"__type__":"cc.Node","_name":"bigLayer","_parent":{"__id__":2},"_children":[{"__id__":5},{"__id__":6},{"__id__":8},{"__id__":9},{"__id__":10},{"__id__":11},{"__id__":12},{"__id__":13},{"__id__":14},{"__id__":15},{"__id__":16},{"__id__":17},{"__id__":18},{"__id__":19},{"__id__":20},{"__id__":21},{"__id__":22},{"__id__":23},{"__id__":24},{"__id__":25}],"_active":false},{"__type__":"cc.Node","_name":"11","_parent":{"__id__":4},"_contentSize":{"__type__":"cc.Size","width":1300,"height":600},"_position":{"__type__":"cc.Vec2","x":-1,"y":-13},"_active":false,"_components":[{"__type__":"cc.Sprite","node":{"__id__":5},"_spriteFrame":{"__uuid__":"bdb25c2c-6599-4688-bfec-3b8001229372"},"_type":1,"_sizeMode":0}]},{"__type__":"cc.Node","_name":"17","_parent":{"__id__":4},"_contentSize":{"__type__":"cc.Size","width":280,"height":100},"_children":[{"__id__":7}],"_position":{"__type__":"cc.Vec2","x":2,"y":-323},"_components":[{"__type__":"cc.Sprite","node":{"__id__":6},"_spriteFrame":{"__uuid__":"8eff65ab-3b96-4cab-9937-cf4bc7f11a63"},"_sizeMode":0}]},{"__type__":"cc.Node","_name":"120","_parent":{"__id__":6},"_contentSize":{"__type__":"cc.Size","width":140,"height":48},"_position":{"__type__":"cc.Vec2","y":5},"_components":[{"__type__":"cc.Sprite","node":{"__id__":7},"_spriteFrame":{"__uuid__":"a28bf2cf-5352-4100-a8a8-4bf67972c787"}}]},{"__type__":"cc.Node","_name":"119","_parent":{"__id__":4},"_contentSize":{"__type__":"cc.Size","width":502,"height":127},"_position":{"__type__":"cc.Vec2","y":306},"_components":[{"__type__":"cc.Sprite","node":{"__id__":8},"_spriteFrame":{"__uuid__":"303a4e0f-c5d1-4de7-a79b-833b077876ac"}}]},{"__type__":"cc.Node","_name":"title","_parent":{"__id__":4},"_contentSize":{"__type__":"cc.Size","width":225,"height":95},"_position":{"__type__":"cc.Vec2","y":326},"_components":[{"__type__":"cc.Sprite","node":{"__id__":9},"_spriteFrame":{"__uuid__":"87347c0f-d4bc-4a42-bcb1-af95ef0fdea7"}}]},{"__type__":"cc.Node","_name":"img1","_parent":{"__id__":4},"_contentSize":{"__type__":"cc.Size","width":100,"height":100},"_scaleX":0.75,"_scaleY":0.75,"_position":{"__type__":"cc.Vec2","x":-547,"y":190.4},"_components":[{"__type__":"cc.Sprite","node":{"__id__":10},"_spriteFrame":{"__uuid__":"697435bb-c8f0-46ef-94df-e8fabd8c6713"}}]},{"__type__":"cc.Node","_name":"la_name1","_color":{"__type__":"cc.Color","r":174,"g":81,"b":54},"_parent":{"__id__":4},"_contentSize":{"__type__":"cc.Size","width":156.67,"height":40},"_position":{"__type__":"cc.Vec2","x":-539,"y":138},"_components":[{"__type__":"cc.Label","node":{"__id__":11},"_useOriginalSize":false,"_actualFontSize":20,"_fontSize":20,"_N$string":"这里显示七个字...","_N$horizontalAlign":1,"_N$verticalAlign":1}]},{"__type__":"cc.Node","_name":"la_sc1","_color":{"__type__":"cc.Color","r":174,"g":81,"b":54},"_parent":{"__id__":4},"_contentSize":{"__type__":"cc.Size","width":45,"height":40},"_position":{"__type__":"cc.Vec2","x":543,"y":161},"_components":[{"__type__":"cc.Label","node":{"__id__":12},"_useOriginalSize":false,"_actualFontSize":30,"_fontSize":30,"_N$file":{"__uuid__":"71a88407-d7db-42c8-9a31-5a7b0c84ba19"},"_isSystemFontUsed":false,"_N$string":"-10","_N$horizontalAlign":1,"_N$verticalAlign":1}]},{"__type__":"cc.Node","_name":"img2","_parent":{"__id__":4},"_contentSize":{"__type__":"cc.Size","width":100,"height":100},"_scaleX":0.75,"_scaleY":0.75,"_position":{"__type__":"cc.Vec2","x":-547,"y":68},"_components":[{"__type__":"cc.Sprite","node":{"__id__":13},"_spriteFrame":{"__uuid__":"697435bb-c8f0-46ef-94df-e8fabd8c6713"}}]},{"__type__":"cc.Node","_name":"la_sc2","_color":{"__type__":"cc.Color","r":174,"g":81,"b":54},"_parent":{"__id__":4},"_contentSize":{"__type__":"cc.Size","width":45,"height":40},"_position":{"__type__":"cc.Vec2","x":543,"y":39},"_components":[{"__type__":"cc.Label","node":{"__id__":14},"_useOriginalSize":false,"_actualFontSize":30,"_fontSize":30,"_N$file":{"__uuid__":"71a88407-d7db-42c8-9a31-5a7b0c84ba19"},"_isSystemFontUsed":false,"_N$string":"-10","_N$horizontalAlign":1,"_N$verticalAlign":1}]},{"__type__":"cc.Node","_name":"la_name2","_color":{"__type__":"cc.Color","r":174,"g":81,"b":54},"_parent":{"__id__":4},"_contentSize":{"__type__":"cc.Size","width":156.67,"height":40},"_position":{"__type__":"cc.Vec2","x":-539,"y":16},"_components":[{"__type__":"cc.Label","node":{"__id__":15},"_useOriginalSize":false,"_actualFontSize":20,"_fontSize":20,"_N$string":"这里显示七个字...","_N$horizontalAlign":1,"_N$verticalAlign":1}]},{"__type__":"cc.Node","_name":"img3","_parent":{"__id__":4},"_contentSize":{"__type__":"cc.Size","width":100,"height":100},"_scaleX":0.75,"_scaleY":0.75,"_position":{"__type__":"cc.Vec2","x":-547,"y":-56},"_components":[{"__type__":"cc.Sprite","node":{"__id__":16},"_spriteFrame":{"__uuid__":"697435bb-c8f0-46ef-94df-e8fabd8c6713"}}]},{"__type__":"cc.Node","_name":"la_sc3","_color":{"__type__":"cc.Color","r":174,"g":81,"b":54},"_parent":{"__id__":4},"_contentSize":{"__type__":"cc.Size","width":45,"height":40},"_position":{"__type__":"cc.Vec2","x":543,"y":-85},"_components":[{"__type__":"cc.Label","node":{"__id__":17},"_useOriginalSize":false,"_actualFontSize":30,"_fontSize":30,"_N$file":{"__uuid__":"71a88407-d7db-42c8-9a31-5a7b0c84ba19"},"_isSystemFontUsed":false,"_N$string":"-10","_N$horizontalAlign":1,"_N$verticalAlign":1}]},{"__type__":"cc.Node","_name":"la_name3","_color":{"__type__":"cc.Color","r":174,"g":81,"b":54},"_parent":{"__id__":4},"_contentSize":{"__type__":"cc.Size","width":156.67,"height":40},"_position":{"__type__":"cc.Vec2","x":-539,"y":-108},"_components":[{"__type__":"cc.Label","node":{"__id__":18},"_useOriginalSize":false,"_actualFontSize":20,"_fontSize":20,"_N$string":"这里显示七个字...","_N$horizontalAlign":1,"_N$verticalAlign":1}]},{"__type__":"cc.Node","_name":"img4","_parent":{"__id__":4},"_contentSize":{"__type__":"cc.Size","width":100,"height":100},"_scaleX":0.75,"_scaleY":0.75,"_position":{"__type__":"cc.Vec2","x":-547,"y":-179},"_components":[{"__type__":"cc.Sprite","node":{"__id__":19},"_spriteFrame":{"__uuid__":"697435bb-c8f0-46ef-94df-e8fabd8c6713"}}]},{"__type__":"cc.Node","_name":"la_sc4","_color":{"__type__":"cc.Color","r":174,"g":81,"b":54},"_parent":{"__id__":4},"_contentSize":{"__type__":"cc.Size","width":45,"height":40},"_position":{"__type__":"cc.Vec2","x":543,"y":-208},"_components":[{"__type__":"cc.Label","node":{"__id__":20},"_useOriginalSize":false,"_actualFontSize":30,"_fontSize":30,"_N$file":{"__uuid__":"71a88407-d7db-42c8-9a31-5a7b0c84ba19"},"_isSystemFontUsed":false,"_N$string":"-10","_N$horizontalAlign":1,"_N$verticalAlign":1}]},{"__type__":"cc.Node","_name":"la_name4","_color":{"__type__":"cc.Color","r":174,"g":81,"b":54},"_parent":{"__id__":4},"_contentSize":{"__type__":"cc.Size","width":156.67,"height":40},"_position":{"__type__":"cc.Vec2","x":-539,"y":-231},"_components":[{"__type__":"cc.Label","node":{"__id__":21},"_useOriginalSize":false,"_actualFontSize":20,"_fontSize":20,"_N$string":"这里显示七个字...","_N$horizontalAlign":1,"_N$verticalAlign":1}]},{"__type__":"cc.Node","_name":"la_cj1","_color":{"__type__":"cc.Color","r":174,"g":81,"b":54},"_parent":{"__id__":4},"_anchorPoint":{"__type__":"cc.Vec2","y":0.5},"_contentSize":{"__type__":"cc.Size","width":175.02,"height":40},"_position":{"__type__":"cc.Vec2","x":-479,"y":212},"_components":[{"__type__":"cc.Label","node":{"__id__":22},"_useOriginalSize":false,"_actualFontSize":30,"_fontSize":30,"_N$string":"自摸 豪华7对","_N$horizontalAlign":1,"_N$verticalAlign":1}]},{"__type__":"cc.Node","_name":"la_cj2","_color":{"__type__":"cc.Color","r":174,"g":81,"b":54},"_parent":{"__id__":4},"_anchorPoint":{"__type__":"cc.Vec2","y":0.5},"_contentSize":{"__type__":"cc.Size","width":175.02,"height":40},"_position":{"__type__":"cc.Vec2","x":-479,"y":87},"_components":[{"__type__":"cc.Label","node":{"__id__":23},"_useOriginalSize":false,"_actualFontSize":30,"_fontSize":30,"_N$string":"自摸 豪华7对","_N$horizontalAlign":1,"_N$verticalAlign":1}]},{"__type__":"cc.Node","_name":"la_cj3","_color":{"__type__":"cc.Color","r":174,"g":81,"b":54},"_parent":{"__id__":4},"_anchorPoint":{"__type__":"cc.Vec2","y":0.5},"_contentSize":{"__type__":"cc.Size","width":175.02,"height":40},"_position":{"__type__":"cc.Vec2","x":-479,"y":-37},"_components":[{"__type__":"cc.Label","node":{"__id__":24},"_useOriginalSize":false,"_actualFontSize":30,"_fontSize":30,"_N$string":"自摸 豪华7对","_N$horizontalAlign":1,"_N$verticalAlign":1}]},{"__type__":"cc.Node","_name":"la_cj4","_color":{"__type__":"cc.Color","r":174,"g":81,"b":54},"_parent":{"__id__":4},"_anchorPoint":{"__type__":"cc.Vec2","y":0.5},"_contentSize":{"__type__":"cc.Size","width":175.02,"height":40},"_position":{"__type__":"cc.Vec2","x":-479,"y":-161},"_components":[{"__type__":"cc.Label","node":{"__id__":25},"_useOriginalSize":false,"_actualFontSize":30,"_fontSize":30,"_N$string":"自摸 豪华7对","_N$horizontalAlign":1,"_N$verticalAlign":1}]},{"__type__":"cc.Node","_name":"finished","_parent":{"__id__":2},"_children":[{"__id__":27},{"__id__":38},{"__id__":39},{"__id__":40},{"__id__":42}],"_position":{"__type__":"cc.Vec2","x":-667,"y":-375}},{"__type__":"cc.Node","_name":"cellLayer","_parent":{"__id__":26},"_children":[{"__id__":28},{"__id__":30},{"__id__":31},{"__id__":32},{"__id__":33},{"__id__":34},{"__id__":35},{"__id__":36},{"__id__":37}],"_position":{"__type__":"cc.Vec2","x":183,"y":375},"_prefab":{"__type__":"cc.PrefabInfo","root":{"__id__":27},"fileId":"f1dc2kNKW9Cq7t73880xwNI"}},{"__type__":"cc.Node","_name":"bg","_parent":{"__id__":27},"_contentSize":{"__type__":"cc.Size","width":315,"height":506},"_children":[{"__id__":29}],"_components":[{"__type__":"cc.Sprite","node":{"__id__":28},"_spriteFrame":{"__uuid__":"89fae0f5-0184-400d-8c37-a305c3acaf92"}}],"_prefab":{"__type__":"cc.PrefabInfo","root":{"__id__":27},"fileId":"19f3biCShJIvoyoSxIhCzSW"}},{"__type__":"cc.Node","_name":"imghead","_parent":{"__id__":28},"_contentSize":{"__type__":"cc.Size","width":100,"height":100},"_scaleX":0.8,"_scaleY":0.8,"_position":{"__type__":"cc.Vec2","x":-96,"y":192},"_components":[{"__type__":"cc.Sprite","node":{"__id__":29},"_spriteFrame":{"__uuid__":"697435bb-c8f0-46ef-94df-e8fabd8c6713"}}],"_prefab":{"__type__":"cc.PrefabInfo","root":{"__id__":27},"fileId":"241d9F9adNJa5s9MqkOgCj3"}},{"__type__":"cc.Node","_name":"la_name","_parent":{"__id__":27},"_anchorPoint":{"__type__":"cc.Vec2","y":0.5},"_contentSize":{"__type__":"cc.Size","width":195.84,"height":40},"_position":{"__type__":"cc.Vec2","x":-54,"y":168},"_components":[{"__type__":"cc.Label","node":{"__id__":30},"_useOriginalSize":false,"_actualFontSize":25,"_fontSize":25,"_N$string":"这里显示七个字...","_N$horizontalAlign":1,"_N$verticalAlign":1}],"_prefab":{"__type__":"cc.PrefabInfo","root":{"__id__":27},"fileId":"1561bmrKTVFBL5WZUp7F9au"}},{"__type__":"cc.Node","_name":"Label","_color":{"__type__":"cc.Color","r":174,"g":84,"b":51},"_parent":{"__id__":27},"_contentSize":{"__type__":"cc.Size","width":112,"height":37.33},"_position":{"__type__":"cc.Vec2","x":-67,"y":79},"_components":[{"__type__":"cc.Label","node":{"__id__":31},"_useOriginalSize":false,"_actualFontSize":28,"_fontSize":28,"_N$file":{"__uuid__":"71a88407-d7db-42c8-9a31-5a7b0c84ba19"},"_isSystemFontUsed":false,"_N$string":"点炮次数","_N$horizontalAlign":1,"_N$verticalAlign":1}],"_prefab":{"__type__":"cc.PrefabInfo","root":{"__id__":27},"fileId":"399a5sQwB9LN4QPvRXMk2zb"}},{"__type__":"cc.Node","_name":"Label","_color":{"__type__":"cc.Color","r":174,"g":84,"b":51},"_parent":{"__id__":27},"_contentSize":{"__type__":"cc.Size","width":112,"height":37.33},"_position":{"__type__":"cc.Vec2","x":-67,"y":26},"_components":[{"__type__":"cc.Label","node":{"__id__":32},"_useOriginalSize":false,"_actualFontSize":28,"_fontSize":28,"_N$file":{"__uuid__":"71a88407-d7db-42c8-9a31-5a7b0c84ba19"},"_isSystemFontUsed":false,"_N$string":"自摸次数","_N$horizontalAlign":1,"_N$verticalAlign":1}],"_prefab":{"__type__":"cc.PrefabInfo","root":{"__id__":27},"fileId":"5b86ejqhC1P6Kk+1mjkX7EQ"}},{"__type__":"cc.Node","_name":"Label","_color":{"__type__":"cc.Color","r":174,"g":84,"b":51},"_parent":{"__id__":27},"_contentSize":{"__type__":"cc.Size","width":112,"height":37.33},"_position":{"__type__":"cc.Vec2","x":-67,"y":-30},"_components":[{"__type__":"cc.Label","node":{"__id__":33},"_useOriginalSize":false,"_actualFontSize":28,"_fontSize":28,"_N$file":{"__uuid__":"71a88407-d7db-42c8-9a31-5a7b0c84ba19"},"_isSystemFontUsed":false,"_N$string":"开杠次数","_N$horizontalAlign":1,"_N$verticalAlign":1}],"_prefab":{"__type__":"cc.PrefabInfo","root":{"__id__":27},"fileId":"2d41cO0SBJDGo5MUAUKJmvH"}},{"__type__":"cc.Node","_name":"la_dp","_color":{"__type__":"cc.Color","r":174,"g":84,"b":51},"_parent":{"__id__":27},"_contentSize":{"__type__":"cc.Size","width":14,"height":37.33},"_position":{"__type__":"cc.Vec2","x":72,"y":79},"_components":[{"__type__":"cc.Label","node":{"__id__":34},"_useOriginalSize":false,"_actualFontSize":28,"_fontSize":28,"_N$file":{"__uuid__":"71a88407-d7db-42c8-9a31-5a7b0c84ba19"},"_isSystemFontUsed":false,"_N$string":"0","_N$horizontalAlign":1,"_N$verticalAlign":1}],"_prefab":{"__type__":"cc.PrefabInfo","root":{"__id__":27},"fileId":"547e6XRx0FIlJPeylBTLvQ6"}},{"__type__":"cc.Node","_name":"la_zm","_color":{"__type__":"cc.Color","r":174,"g":84,"b":51},"_parent":{"__id__":27},"_contentSize":{"__type__":"cc.Size","width":14,"height":37.33},"_position":{"__type__":"cc.Vec2","x":72,"y":25},"_components":[{"__type__":"cc.Label","node":{"__id__":35},"_useOriginalSize":false,"_actualFontSize":28,"_fontSize":28,"_N$file":{"__uuid__":"71a88407-d7db-42c8-9a31-5a7b0c84ba19"},"_isSystemFontUsed":false,"_N$string":"0","_N$horizontalAlign":1,"_N$verticalAlign":1}],"_prefab":{"__type__":"cc.PrefabInfo","root":{"__id__":27},"fileId":"845e71ORopNGrYwlv5JKcPU"}},{"__type__":"cc.Node","_name":"la_kg","_color":{"__type__":"cc.Color","r":174,"g":84,"b":51},"_parent":{"__id__":27},"_contentSize":{"__type__":"cc.Size","width":14,"height":37.33},"_position":{"__type__":"cc.Vec2","x":72,"y":-32},"_components":[{"__type__":"cc.Label","node":{"__id__":36},"_useOriginalSize":false,"_actualFontSize":28,"_fontSize":28,"_N$file":{"__uuid__":"71a88407-d7db-42c8-9a31-5a7b0c84ba19"},"_isSystemFontUsed":false,"_N$string":"0","_N$horizontalAlign":1,"_N$verticalAlign":1}],"_prefab":{"__type__":"cc.PrefabInfo","root":{"__id__":27},"fileId":"62c97HxqtNDF6ezMoRGAcfM"}},{"__type__":"cc.Node","_name":"la_sc","_color":{"__type__":"cc.Color","g":194,"b":23},"_parent":{"__id__":27},"_contentSize":{"__type__":"cc.Size","width":14,"height":37.33},"_position":{"__type__":"cc.Vec2","x":-107,"y":-198},"_components":[{"__type__":"cc.Label","node":{"__id__":37},"_useOriginalSize":false,"_actualFontSize":28,"_fontSize":28,"_N$file":{"__uuid__":"71a88407-d7db-42c8-9a31-5a7b0c84ba19"},"_isSystemFontUsed":false,"_N$string":"0","_N$horizontalAlign":1,"_N$verticalAlign":1}],"_prefab":{"__type__":"cc.PrefabInfo","root":{"__id__":27},"fileId":"62c97HxqtNDF6ezMoRGAcfM"}},{"__type__":"cc.Node","_name":"122","_parent":{"__id__":26},"_contentSize":{"__type__":"cc.Size","width":501,"height":127},"_scaleX":0.7,"_scaleY":0.7,"_position":{"__type__":"cc.Vec2","x":665.3,"y":690},"_components":[{"__type__":"cc.Sprite","node":{"__id__":38},"_spriteFrame":{"__uuid__":"9a34a46c-1b08-4ffd-a4e8-f3f5b480e920"}}]},{"__type__":"cc.Node","_name":"124","_parent":{"__id__":26},"_contentSize":{"__type__":"cc.Size","width":157,"height":69},"_position":{"__type__":"cc.Vec2","x":669.3,"y":702.5},"_components":[{"__type__":"cc.Sprite","node":{"__id__":39},"_spriteFrame":{"__uuid__":"4d17f1cb-f175-426b-bec7-e38cef6f0dd3"}}]},{"__type__":"cc.Node","_name":"btn_back","_parent":{"__id__":26},"_contentSize":{"__type__":"cc.Size","width":283,"height":92},"_children":[{"__id__":41}],"_position":{"__type__":"cc.Vec2","x":476,"y":49},"_components":[{"__type__":"cc.Sprite","node":{"__id__":40},"_spriteFrame":{"__uuid__":"2f937fa7-f083-4eec-bbd5-16bf9024b9c1"}}]},{"__type__":"cc.Node","_name":"98","_parent":{"__id__":40},"_contentSize":{"__type__":"cc.Size","width":188,"height":49},"_position":{"__type__":"cc.Vec2","y":6},"_components":[{"__type__":"cc.Sprite","node":{"__id__":41},"_spriteFrame":{"__uuid__":"21f8241d-8975-4f7e-a88d-7cfdd9279f0a"}}]},{"__type__":"cc.Node","_name":"btn_share","_parent":{"__id__":26},"_contentSize":{"__type__":"cc.Size","width":283,"height":87},"_children":[{"__id__":43}],"_position":{"__type__":"cc.Vec2","x":861,"y":49},"_components":[{"__type__":"cc.Sprite","node":{"__id__":42},"_spriteFrame":{"__uuid__":"1dd2536d-3723-4e17-9101-17f3cdcb14f8"},"_sizeMode":0}]},{"__type__":"cc.Node","_name":"98","_parent":{"__id__":42},"_contentSize":{"__type__":"cc.Size","width":109,"height":49},"_position":{"__type__":"cc.Vec2","x":3,"y":4},"_components":[{"__type__":"cc.Sprite","node":{"__id__":43},"_spriteFrame":{"__uuid__":"aaafecc8-cd24-42f8-97a9-eb78a5da69e2"}}]}]