[{"__type__":"cc.SceneAsset","_name":"GameScene","scene":{"__id__":1},"asyncLoadAssets":false},{"__type__":"cc.Scene","_anchorPoint":{"__type__":"cc.Vec2"},"_children":[{"__id__":2}],"autoReleaseAssets":true},{"__type__":"cc.Node","_name":"Canvas","_parent":{"__id__":1},"_contentSize":{"__type__":"cc.Size","width":1334,"height":750},"_children":[{"__id__":3},{"__id__":4},{"__id__":5},{"__id__":6},{"__id__":33},{"__id__":35},{"__id__":37},{"__id__":39},{"__id__":59},{"__id__":60},{"__id__":62},{"__id__":64},{"__id__":68},{"__id__":52},{"__id__":76},{"__id__":85},{"__id__":86},{"__id__":88},{"__id__":90},{"__id__":92},{"__id__":93},{"__id__":94},{"__id__":95},{"__id__":96},{"__id__":102},{"__id__":108},{"__id__":114},{"__id__":120},{"__id__":134},{"__id__":135}],"_position":{"__type__":"cc.Vec2","x":667,"y":375},"_id":"837b7+uNwxL8INt/shFlCnK","_components":[{"__type__":"cc.Canvas","node":{"__id__":2},"_designResolution":{"__type__":"cc.Size","width":1334,"height":750},"_fitWidth":true},{"__type__":"086dfUsDhhLnrD8iEPeBzqq","node":{"__id__":2},"setLayer":{"__id__":135},"shaiziAni":{"__id__":129},"btn_set":{"__id__":34},"btn_chu":{"__id__":89},"btn_mo":{"__id__":91},"cardNode":{"__id__":95},"cardNode2":{"__id__":92},"cardNode3":{"__id__":93},"cardNode4":{"__id__":94},"pro_battery":{"__id__":67},"la_time":{"__id__":61},"la_roomNum":{"__id__":63},"la_num":{"__id__":87},"shaiziNum1":{"__id__":131},"shaiziNum2":{"__id__":133},"wifi1":{"__id__":36},"wifi2":{"__id__":38},"head1":{"__id__":101},"head2":{"__id__":107},"head3":{"__id__":119},"head4":{"__id__":113},"la_djs":{"__id__":127},"la_name1":{"__id__":100},"la_name2":{"__id__":106},"la_name3":{"__id__":118},"la_name4":{"__id__":112}}]},{"__type__":"cc.Node","_name":"wanfaye","_parent":{"__id__":2},"_contentSize":{"__type__":"cc.Size","width":1334,"height":750},"_components":[{"__type__":"cc.Sprite","node":{"__id__":3},"_spriteFrame":{"__uuid__":"1bec11b6-46e7-4eac-ae9d-3f6c3dcd4788"}}]},{"__type__":"cc.Node","_name":"dsfsdfsdf","_parent":{"__id__":2},"_contentSize":{"__type__":"cc.Size","width":1334,"height":750},"_active":false,"_components":[{"__type__":"cc.Sprite","node":{"__id__":4},"_sizeMode":0}]},{"__type__":"cc.Node","_name":"Sprite","_parent":{"__id__":2},"_contentSize":{"__type__":"cc.Size","width":1334,"height":36},"_position":{"__type__":"cc.Vec2","y":357},"_components":[{"__type__":"cc.Sprite","node":{"__id__":5},"_spriteFrame":{"__uuid__":"fce34ca7-59a3-4bc9-a2e0-ccc80db449c4"},"_sizeMode":0}]},{"__type__":"cc.Node","_name":"conversation","_parent":{"__id__":2},"_contentSize":{"__type__":"cc.Size","width":40,"height":36},"_children":[{"__id__":7},{"__id__":16},{"__type__":"cc.Node","_name":"New Node","_parent":{"__id__":6}},{"__id__":17},{"__id__":25}],"_position":{"__type__":"cc.Vec2","x":2,"y":-6}},{"__type__":"cc.Node","_name":"mainPre","_parent":{"__id__":6},"_contentSize":{"__type__":"cc.Size","width":40,"height":36},"_children":[{"__id__":8},{"__id__":9},{"__id__":10},{"__id__":11},{"__id__":12},{"__id__":13},{"__id__":14},{"__id__":15}],"_components":[{"__type__":"cc.Sprite","node":{"__id__":7},"_spriteFrame":{"__uuid__":"8cdb44ac-a3f6-449f-b354-7cd48cf84061"}}],"_prefab":{"__type__":"cc.PrefabInfo","root":{"__id__":7},"fileId":"0d44atiq1tB2aQtHPwi3wAh"}},{"__type__":"cc.Node","_name":"ns","_opacity":100,"_color":{"__type__":"cc.Color"},"_parent":{"__id__":7},"_contentSize":{"__type__":"cc.Size","width":1334,"height":750},"_components":[{"__type__":"cc.Sprite","node":{"__id__":8},"_spriteFrame":{"__uuid__":"a23235d1-15db-4b95-8439-a2e005bfff91"},"_sizeMode":0},{"__type__":"65cce0XyaZCE79saRqYVWic","node":{"__id__":8}}],"_prefab":{"__type__":"cc.PrefabInfo","root":{"__id__":7},"fileId":"0e180tGCuRGzrabbVYLVpK5"}},{"__type__":"cc.Node","_name":"touch2","_parent":{"__id__":7},"_contentSize":{"__type__":"cc.Size","width":377,"height":78},"_scaleX":0.6,"_scaleY":0.6,"_position":{"__type__":"cc.Vec2","x":102,"y":240},"_components":[{"__type__":"cc.Sprite","node":{"__id__":9},"_spriteFrame":{"__uuid__":"fa416f65-2ab5-4070-a3e3-0717d3b98ba9"}},{"__type__":"cc.Button","node":{"__id__":9},"_N$target":{"__id__":9}}],"_prefab":{"__type__":"cc.PrefabInfo","root":{"__id__":7},"fileId":"c462cV7dAFHDK/OMuK1k72c"}},{"__type__":"cc.Node","_name":"touch1","_parent":{"__id__":7},"_contentSize":{"__type__":"cc.Size","width":377,"height":78},"_scaleX":0.6,"_scaleY":0.6,"_position":{"__type__":"cc.Vec2","x":-89,"y":244},"_components":[{"__type__":"cc.Sprite","node":{"__id__":10},"_spriteFrame":{"__uuid__":"fa416f65-2ab5-4070-a3e3-0717d3b98ba9"}},{"__type__":"cc.Button","node":{"__id__":10},"_N$target":{"__id__":10}}],"_prefab":{"__type__":"cc.PrefabInfo","root":{"__id__":7},"fileId":"c462cV7dAFHDK/OMuK1k72c"}},{"__type__":"cc.Node","_name":"hide1","_parent":{"__id__":7},"_contentSize":{"__type__":"cc.Size","width":292,"height":61},"_scaleX":0.8,"_scaleY":0.85,"_position":{"__type__":"cc.Vec2","x":-91,"y":242},"_components":[{"__type__":"cc.Sprite","node":{"__id__":11},"_spriteFrame":{"__uuid__":"4fb3431d-f0d0-4c2c-bdcd-e4139b338026"}}],"_prefab":{"__type__":"cc.PrefabInfo","root":{"__id__":7},"fileId":"f997eRQes9IqoufRvNhYn17"}},{"__type__":"cc.Node","_name":"hide2","_parent":{"__id__":7},"_contentSize":{"__type__":"cc.Size","width":292,"height":61},"_scaleX":0.8,"_scaleY":0.85,"_position":{"__type__":"cc.Vec2","x":106,"y":252},"_active":false,"_components":[{"__type__":"cc.Sprite","node":{"__id__":12},"_spriteFrame":{"__uuid__":"4fb3431d-f0d0-4c2c-bdcd-e4139b338026"}}],"_prefab":{"__type__":"cc.PrefabInfo","root":{"__id__":7},"fileId":"f997eRQes9IqoufRvNhYn17"}},{"__type__":"cc.Node","_name":"title1","_parent":{"__id__":7},"_contentSize":{"__type__":"cc.Size","width":96,"height":33},"_position":{"__type__":"cc.Vec2","x":-91,"y":241},"_components":[{"__type__":"cc.Sprite","node":{"__id__":13},"_spriteFrame":{"__uuid__":"f2da1df6-f812-4655-8b65-08ff7cff6047"}}],"_prefab":{"__type__":"cc.PrefabInfo","root":{"__id__":7},"fileId":"fa5a8h7g6NC75laqVpxujVB"}},{"__type__":"cc.Node","_name":"title2","_parent":{"__id__":7},"_contentSize":{"__type__":"cc.Size","width":74,"height":33},"_position":{"__type__":"cc.Vec2","x":108,"y":240},"_components":[{"__type__":"cc.Sprite","node":{"__id__":14},"_spriteFrame":{"__uuid__":"4affed9a-f044-4ad0-87ae-d9ddbe55bb8f"}}],"_prefab":{"__type__":"cc.PrefabInfo","root":{"__id__":7},"fileId":"fa5a8h7g6NC75laqVpxujVB"}},{"__type__":"cc.Node","_name":"11","_parent":{"__id__":7},"_contentSize":{"__type__":"cc.Size","width":770,"height":500},"_position":{"__type__":"cc.Vec2","x":-6,"y":-33},"_components":[{"__type__":"cc.Sprite","node":{"__id__":15},"_spriteFrame":{"__uuid__":"bdb25c2c-6599-4688-bfec-3b8001229372"},"_type":1,"_sizeMode":0}],"_prefab":{"__type__":"cc.PrefabInfo","root":{"__id__":7},"fileId":"f4673yCjJRH5Y+F7e+1Eea2"}},{"__type__":"cc.Node","_name":"close","_parent":{"__id__":6},"_contentSize":{"__type__":"cc.Size","width":77,"height":77},"_scaleX":0.6,"_scaleY":0.6,"_position":{"__type__":"cc.Vec2","x":361,"y":255},"_components":[{"__type__":"cc.Sprite","node":{"__id__":16},"_spriteFrame":{"__uuid__":"db794eec-3040-4fc6-a109-0cf96d5638f1"}}]},{"__type__":"cc.Node","_name":"sc_txt","_parent":{"__id__":6},"_contentSize":{"__type__":"cc.Size","width":720,"height":450},"_children":[{"__id__":18},{"__id__":24}],"_position":{"__type__":"cc.Vec2","x":-4,"y":-29},"_components":[{"__type__":"cc.Sprite","node":{"__id__":17},"_enabled":false,"_spriteFrame":{"__uuid__":"9bbda31e-ad49-43c9-aaf2-f7d9896bac69"},"_type":1,"_sizeMode":0},{"__id__":22}]},{"__type__":"cc.Node","_name":"scrollBar","_color":{"__type__":"cc.Color","r":238,"g":217,"b":227},"_parent":{"__id__":17},"_anchorPoint":{"__type__":"cc.Vec2","x":1,"y":0.5},"_contentSize":{"__type__":"cc.Size","width":12,"height":250},"_children":[{"__id__":19}],"_position":{"__type__":"cc.Vec2","x":120},"_active":false,"_components":[{"__id__":21},{"__type__":"cc.Widget","node":{"__id__":18},"_alignFlags":37,"_left":350.07654921020657,"_originalHeight":237},{"__type__":"cc.Sprite","node":{"__id__":18},"_spriteFrame":{"__uuid__":"5fe5dcaa-b513-4dc5-a166-573627b3a159"},"_type":1,"_sizeMode":0}]},{"__type__":"cc.Node","_name":"bar","_color":{"__type__":"cc.Color","r":236,"g":241,"b":245},"_parent":{"__id__":18},"_anchorPoint":{"__type__":"cc.Vec2","x":1},"_contentSize":{"__type__":"cc.Size","width":10,"height":30},"_position":{"__type__":"cc.Vec2","x":-1},"_components":[{"__id__":20}]},{"__type__":"cc.Sprite","node":{"__id__":19},"_spriteFrame":{"__uuid__":"5c3bb932-6c3c-468f-88a9-c8c61d458641"},"_type":1,"_sizeMode":0},{"__type__":"cc.Scrollbar","node":{"__id__":18},"_scrollView":{"__id__":22},"_N$handle":{"__id__":20},"_N$direction":1},{"__type__":"cc.ScrollView","node":{"__id__":17},"content":{"__id__":23},"horizontal":false,"brake":0.75,"bounceDuration":0.23,"_N$horizontalScrollBar":null,"_N$verticalScrollBar":{"__id__":21}},{"__type__":"cc.Node","_name":"content","_parent":{"__id__":24},"_anchorPoint":{"__type__":"cc.Vec2","x":0.5,"y":1},"_contentSize":{"__type__":"cc.Size","width":720,"height":450},"_position":{"__type__":"cc.Vec2","y":224}},{"__type__":"cc.Node","_name":"view","_parent":{"__id__":17},"_contentSize":{"__type__":"cc.Size","width":720,"height":450},"_children":[{"__id__":23}],"_components":[{"__type__":"cc.Mask","node":{"__id__":24}}]},{"__type__":"cc.Node","_name":"sc_bq","_parent":{"__id__":6},"_contentSize":{"__type__":"cc.Size","width":720,"height":450},"_children":[{"__id__":26},{"__id__":32}],"_position":{"__type__":"cc.Vec2","x":-4,"y":-29},"_active":false,"_components":[{"__type__":"cc.Sprite","node":{"__id__":25},"_enabled":false,"_spriteFrame":{"__uuid__":"9bbda31e-ad49-43c9-aaf2-f7d9896bac69"},"_type":1,"_sizeMode":0},{"__id__":30}]},{"__type__":"cc.Node","_name":"scrollBar","_color":{"__type__":"cc.Color","r":238,"g":217,"b":227},"_parent":{"__id__":25},"_anchorPoint":{"__type__":"cc.Vec2","x":1,"y":0.5},"_contentSize":{"__type__":"cc.Size","width":12,"height":250},"_children":[{"__id__":27}],"_position":{"__type__":"cc.Vec2","x":120},"_active":false,"_components":[{"__id__":29},{"__type__":"cc.Widget","node":{"__id__":26},"_alignFlags":37,"_left":350.07654921020657,"_originalHeight":237},{"__type__":"cc.Sprite","node":{"__id__":26},"_spriteFrame":{"__uuid__":"5fe5dcaa-b513-4dc5-a166-573627b3a159"},"_type":1,"_sizeMode":0}]},{"__type__":"cc.Node","_name":"bar","_color":{"__type__":"cc.Color","r":236,"g":241,"b":245},"_parent":{"__id__":26},"_anchorPoint":{"__type__":"cc.Vec2","x":1},"_contentSize":{"__type__":"cc.Size","width":10,"height":30},"_position":{"__type__":"cc.Vec2","x":-1},"_components":[{"__id__":28}]},{"__type__":"cc.Sprite","node":{"__id__":27},"_spriteFrame":{"__uuid__":"5c3bb932-6c3c-468f-88a9-c8c61d458641"},"_type":1,"_sizeMode":0},{"__type__":"cc.Scrollbar","node":{"__id__":26},"_scrollView":{"__id__":30},"_N$handle":{"__id__":28},"_N$direction":1},{"__type__":"cc.ScrollView","node":{"__id__":25},"content":{"__id__":31},"horizontal":false,"brake":0.75,"bounceDuration":0.23,"_N$horizontalScrollBar":null,"_N$verticalScrollBar":{"__id__":29}},{"__type__":"cc.Node","_name":"content","_parent":{"__id__":32},"_anchorPoint":{"__type__":"cc.Vec2","x":0.5,"y":1},"_contentSize":{"__type__":"cc.Size","width":720,"height":450},"_position":{"__type__":"cc.Vec2","y":224}},{"__type__":"cc.Node","_name":"view","_parent":{"__id__":25},"_contentSize":{"__type__":"cc.Size","width":720,"height":450},"_children":[{"__id__":31}],"_components":[{"__type__":"cc.Mask","node":{"__id__":32}}]},{"__type__":"cc.Node","_name":"set","_parent":{"__id__":2},"_contentSize":{"__type__":"cc.Size","width":30,"height":30},"_position":{"__type__":"cc.Vec2","x":634,"y":356},"_components":[{"__type__":"cc.Sprite","node":{"__id__":33},"_spriteFrame":{"__uuid__":"efda989f-b615-4f94-908f-0bcddc570dda"}},{"__id__":34}]},{"__type__":"cc.Button","node":{"__id__":33},"transition":3,"_N$target":{"__id__":33}},{"__type__":"cc.Node","_name":"wifi1","_parent":{"__id__":2},"_contentSize":{"__type__":"cc.Size","width":38,"height":30},"_position":{"__type__":"cc.Vec2","x":580.7,"y":357.7},"_active":false,"_components":[{"__id__":36}]},{"__type__":"cc.Sprite","node":{"__id__":35},"_spriteFrame":{"__uuid__":"4e74469d-3bda-493b-aa95-c401efce04c0"}},{"__type__":"cc.Node","_name":"wifi2","_parent":{"__id__":2},"_contentSize":{"__type__":"cc.Size","width":34,"height":26},"_position":{"__type__":"cc.Vec2","x":580.4,"y":357.7},"_components":[{"__id__":38}]},{"__type__":"cc.Sprite","node":{"__id__":37},"_spriteFrame":{"__uuid__":"947c2a48-8335-477a-9163-1e3465171a66"}},{"__type__":"cc.Node","_name":"readyLayer","_parent":{"__id__":2},"_children":[{"__id__":40},{"__id__":43},{"__id__":46},{"__id__":49}],"_position":{"__type__":"cc.Vec2","x":13},"_active":false,"_components":[{"__type__":"23769S2x7pOB7+JznymyvlU","node":{"__id__":39},"btn_back":{"__id__":42},"btn_dismiss":{"__id__":45},"btn_join":{"__id__":48},"btn_ok":{"__id__":50},"btn_cancel":{"__id__":57},"ready_back":{"__id__":52}}]},{"__type__":"cc.Node","_name":"btn_fh","_parent":{"__id__":39},"_contentSize":{"__type__":"cc.Size","width":283,"height":92},"_children":[{"__id__":41}],"_position":{"__type__":"cc.Vec2","x":-333},"_components":[{"__type__":"cc.Sprite","node":{"__id__":40},"_spriteFrame":{"__uuid__":"2f937fa7-f083-4eec-bbd5-16bf9024b9c1"}},{"__id__":42}]},{"__type__":"cc.Node","_name":"98","_parent":{"__id__":40},"_contentSize":{"__type__":"cc.Size","width":188,"height":49},"_position":{"__type__":"cc.Vec2","y":5},"_components":[{"__type__":"cc.Sprite","node":{"__id__":41},"_spriteFrame":{"__uuid__":"21f8241d-8975-4f7e-a88d-7cfdd9279f0a"}}]},{"__type__":"cc.Button","node":{"__id__":40},"transition":3,"_N$target":{"__id__":40}},{"__type__":"cc.Node","_name":"btn_js","_parent":{"__id__":39},"_contentSize":{"__type__":"cc.Size","width":283,"height":92},"_children":[{"__id__":44}],"_position":{"__type__":"cc.Vec2","x":-12},"_components":[{"__type__":"cc.Sprite","node":{"__id__":43},"_spriteFrame":{"__uuid__":"c4863863-af26-466e-8925-8584b65d661e"},"_sizeMode":0},{"__id__":45}]},{"__type__":"cc.Node","_name":"99","_parent":{"__id__":43},"_contentSize":{"__type__":"cc.Size","width":191,"height":50},"_position":{"__type__":"cc.Vec2","y":3},"_components":[{"__type__":"cc.Sprite","node":{"__id__":44}}]},{"__type__":"cc.Button","node":{"__id__":43},"transition":3,"_N$target":{"__id__":43}},{"__type__":"cc.Node","_name":"btn_yq","_parent":{"__id__":39},"_contentSize":{"__type__":"cc.Size","width":283,"height":92},"_children":[{"__id__":47}],"_position":{"__type__":"cc.Vec2","x":305},"_components":[{"__type__":"cc.Sprite","node":{"__id__":46},"_spriteFrame":{"__uuid__":"1dd2536d-3723-4e17-9101-17f3cdcb14f8"},"_sizeMode":0},{"__id__":48}]},{"__type__":"cc.Node","_name":"100","_parent":{"__id__":46},"_contentSize":{"__type__":"cc.Size","width":257,"height":46},"_position":{"__type__":"cc.Vec2","y":4},"_components":[{"__type__":"cc.Sprite","node":{"__id__":47},"_spriteFrame":{"__uuid__":"3d4684ac-c310-4e91-b0d6-e038085d6e8f"}}]},{"__type__":"cc.Button","node":{"__id__":46},"transition":3,"_N$target":{"__id__":46}},{"__type__":"cc.Node","_name":"102","_parent":{"__id__":39},"_contentSize":{"__type__":"cc.Size","width":179,"height":53},"_position":{"__type__":"cc.Vec2","x":-11,"y":143},"_components":[{"__type__":"cc.Sprite","node":{"__id__":49},"_spriteFrame":{"__uuid__":"c72b20c3-558b-47b5-ae27-316a48abf020"}}]},{"__type__":"cc.Button","node":{"__id__":51},"transition":3,"_N$target":{"__id__":51}},{"__type__":"cc.Node","_name":"btn_ok","_parent":{"__id__":52},"_contentSize":{"__type__":"cc.Size","width":180,"height":55},"_children":[{"__id__":58}],"_position":{"__type__":"cc.Vec2","x":-97,"y":-165},"_components":[{"__type__":"cc.Sprite","node":{"__id__":51},"_spriteFrame":{"__uuid__":"c4863863-af26-466e-8925-8584b65d661e"},"_sizeMode":0},{"__id__":50}]},{"__type__":"cc.Node","_name":"readyBack","_parent":{"__id__":2},"_children":[{"__id__":53},{"__id__":54},{"__id__":51},{"__id__":55}],"_position":{"__type__":"cc.Vec2","y":187},"_active":false},{"__type__":"cc.Node","_name":"11","_parent":{"__id__":52},"_contentSize":{"__type__":"cc.Size","width":500,"height":200},"_position":{"__type__":"cc.Vec2","y":-126},"_components":[{"__type__":"cc.Sprite","node":{"__id__":53},"_spriteFrame":{"__uuid__":"bdb25c2c-6599-4688-bfec-3b8001229372"},"_type":1,"_sizeMode":0}]},{"__type__":"cc.Node","_name":"Label","_color":{"__type__":"cc.Color","r":174,"g":84,"b":51},"_parent":{"__id__":52},"_contentSize":{"__type__":"cc.Size","width":300,"height":80},"_position":{"__type__":"cc.Vec2","x":-2,"y":-95},"_components":[{"__type__":"cc.Label","node":{"__id__":54},"_useOriginalSize":false,"_actualFontSize":30,"_fontSize":30,"_N$string":"返回大厅房间仍会保留\n快去邀请好友来玩吧！","_N$horizontalAlign":1,"_N$verticalAlign":1,"_N$overflow":2}]},{"__type__":"cc.Node","_name":"btn_cancel","_parent":{"__id__":52},"_contentSize":{"__type__":"cc.Size","width":180,"height":58},"_children":[{"__id__":56}],"_position":{"__type__":"cc.Vec2","x":106,"y":-165},"_components":[{"__type__":"cc.Sprite","node":{"__id__":55},"_spriteFrame":{"__uuid__":"2f937fa7-f083-4eec-bbd5-16bf9024b9c1"},"_sizeMode":0},{"__id__":57}]},{"__type__":"cc.Node","_name":"99","_parent":{"__id__":55},"_contentSize":{"__type__":"cc.Size","width":85,"height":43},"_position":{"__type__":"cc.Vec2","x":2},"_components":[{"__type__":"cc.Sprite","node":{"__id__":56},"_spriteFrame":{"__uuid__":"87bb9e3c-01b0-4ab0-90ae-5c7652eef06c"}}]},{"__type__":"cc.Button","node":{"__id__":55},"transition":3,"_N$target":{"__id__":55}},{"__type__":"cc.Node","_name":"99","_parent":{"__id__":51},"_contentSize":{"__type__":"cc.Size","width":92,"height":42},"_position":{"__type__":"cc.Vec2","x":2},"_components":[{"__type__":"cc.Sprite","node":{"__id__":58},"_spriteFrame":{"__uuid__":"d75cbfa1-3dc2-478e-ba99-ae06ede6556c"}}]},{"__type__":"cc.Node","_name":"btn_ly","_parent":{"__id__":2},"_contentSize":{"__type__":"cc.Size","width":38,"height":38},"_position":{"__type__":"cc.Vec2","x":606.2,"y":-188},"_active":false,"_components":[{"__type__":"cc.Sprite","node":{"__id__":59},"_spriteFrame":{"__uuid__":"ffff25ed-bb6c-4d9e-be77-3b557c4cc39d"}},{"__type__":"cc.Button","node":{"__id__":59},"_N$target":{"__id__":59}}]},{"__type__":"cc.Node","_name":"la_time","_color":{"__type__":"cc.Color","r":255,"g":220,"b":28},"_parent":{"__id__":2},"_contentSize":{"__type__":"cc.Size","width":62.56,"height":40},"_position":{"__type__":"cc.Vec2","x":-610.1,"y":357.4},"_components":[{"__id__":61}]},{"__type__":"cc.Label","node":{"__id__":60},"_useOriginalSize":false,"_actualFontSize":25,"_fontSize":25,"_N$string":"12:34","_N$horizontalAlign":1,"_N$verticalAlign":1},{"__type__":"cc.Node","_name":"la_roomNum","_color":{"__type__":"cc.Color","r":255,"g":220,"b":28},"_parent":{"__id__":2},"_anchorPoint":{"__type__":"cc.Vec2","y":0.5},"_contentSize":{"__type__":"cc.Size","width":140.37,"height":40},"_position":{"__type__":"cc.Vec2","x":-556,"y":357.4},"_components":[{"__id__":63}]},{"__type__":"cc.Label","node":{"__id__":62},"_useOriginalSize":false,"_actualFontSize":25,"_fontSize":25,"_N$string":"房号:123456","_N$horizontalAlign":1,"_N$verticalAlign":1},{"__type__":"cc.Node","_name":"battery","_parent":{"__id__":2},"_contentSize":{"__type__":"cc.Size","width":52,"height":28},"_children":[{"__id__":65}],"_position":{"__type__":"cc.Vec2","x":517.8,"y":355.3},"_components":[{"__type__":"cc.Sprite","node":{"__id__":64},"_spriteFrame":{"__uuid__":"d4a5d7a6-61e4-4eae-9ab1-4aee3c60df62"},"_sizeMode":0},{"__id__":67}]},{"__type__":"cc.Node","_name":"bar","_parent":{"__id__":64},"_anchorPoint":{"__type__":"cc.Vec2","y":0.5},"_contentSize":{"__type__":"cc.Size","width":40,"height":19},"_position":{"__type__":"cc.Vec2","x":-22.1,"y":2.1},"_components":[{"__id__":66}]},{"__type__":"cc.Sprite","node":{"__id__":65},"_spriteFrame":{"__uuid__":"1f5f24e5-f007-426a-932c-8f6d50a4d97f"},"_type":1,"_sizeMode":0},{"__type__":"cc.ProgressBar","node":{"__id__":64},"_N$barSprite":{"__id__":66},"_N$totalLength":40},{"__type__":"cc.Node","_name":"videoControl","_parent":{"__id__":2},"_children":[{"__id__":69},{"__id__":70},{"__id__":71},{"__id__":72},{"__id__":73},{"__id__":74},{"__id__":75}],"_position":{"__type__":"cc.Vec2","x":440,"y":-177},"_active":false},{"__type__":"cc.Node","_name":"77","_parent":{"__id__":68},"_contentSize":{"__type__":"cc.Size","width":433,"height":83},"_components":[{"__type__":"cc.Sprite","node":{"__id__":69},"_spriteFrame":{"__uuid__":"1cd6f1ef-78f0-4899-b9d5-fa75f4b0d26e"}}]},{"__type__":"cc.Node","_name":"btn_open","_parent":{"__id__":68},"_contentSize":{"__type__":"cc.Size","width":53,"height":54},"_position":{"__type__":"cc.Vec2","x":173,"y":3},"_components":[{"__type__":"cc.Sprite","node":{"__id__":70},"_spriteFrame":{"__uuid__":"100f8465-cfad-471e-86d2-d3ba1c1315dd"}},{"__type__":"cc.Button","node":{"__id__":70},"transition":3,"_N$target":{"__id__":70}}]},{"__type__":"cc.Node","_name":"btn_next","_parent":{"__id__":68},"_contentSize":{"__type__":"cc.Size","width":53,"height":54},"_position":{"__type__":"cc.Vec2","x":35,"y":3},"_components":[{"__type__":"cc.Sprite","node":{"__id__":71},"_spriteFrame":{"__uuid__":"3d15c84b-f7cb-431e-bc6b-a91bc6c79b2c"}},{"__type__":"cc.Button","node":{"__id__":71},"transition":3,"_N$target":{"__id__":71}}]},{"__type__":"cc.Node","_name":"btn_go","_parent":{"__id__":68},"_contentSize":{"__type__":"cc.Size","width":53,"height":54},"_position":{"__type__":"cc.Vec2","x":106,"y":3},"_components":[{"__type__":"cc.Sprite","node":{"__id__":72},"_spriteFrame":{"__uuid__":"cbeb603e-abfe-4b33-9fdd-7f9d8d481aca"}},{"__type__":"cc.Button","node":{"__id__":72},"transition":3,"_N$target":{"__id__":72}}]},{"__type__":"cc.Node","_name":"btn_ever","_parent":{"__id__":68},"_contentSize":{"__type__":"cc.Size","width":53,"height":54},"_position":{"__type__":"cc.Vec2","x":-102,"y":3},"_components":[{"__type__":"cc.Sprite","node":{"__id__":73},"_spriteFrame":{"__uuid__":"f716b1d6-eb8a-4400-870d-6a97c41c4717"}},{"__type__":"cc.Button","node":{"__id__":73},"transition":3,"_N$target":{"__id__":73}}]},{"__type__":"cc.Node","_name":"btn_back","_parent":{"__id__":68},"_contentSize":{"__type__":"cc.Size","width":53,"height":54},"_position":{"__type__":"cc.Vec2","x":-35,"y":3},"_components":[{"__type__":"cc.Sprite","node":{"__id__":74},"_spriteFrame":{"__uuid__":"a3bc0d96-6bf1-489c-94a5-cff01611f146"}},{"__type__":"cc.Button","node":{"__id__":74},"transition":3,"_N$target":{"__id__":74}}]},{"__type__":"cc.Node","_name":"btn_pause","_parent":{"__id__":68},"_contentSize":{"__type__":"cc.Size","width":53,"height":54},"_position":{"__type__":"cc.Vec2","x":-171,"y":3},"_components":[{"__type__":"cc.Sprite","node":{"__id__":75},"_spriteFrame":{"__uuid__":"23a1ec31-23a0-4ff4-904e-d5db3bb8cf67"}},{"__type__":"cc.Button","node":{"__id__":75},"transition":3,"_N$target":{"__id__":75}}]},{"__type__":"cc.Node","_name":"dismiss","_parent":{"__id__":2},"_children":[{"__id__":77},{"__id__":78},{"__id__":79},{"__id__":80},{"__id__":81},{"__id__":82},{"__id__":83},{"__id__":84}],"_active":false},{"__type__":"cc.Node","_name":"11","_parent":{"__id__":76},"_contentSize":{"__type__":"cc.Size","width":360,"height":190},"_position":{"__type__":"cc.Vec2","x":-466,"y":194},"_components":[{"__type__":"cc.Sprite","node":{"__id__":77},"_spriteFrame":{"__uuid__":"bdb25c2c-6599-4688-bfec-3b8001229372"},"_type":1,"_sizeMode":0}]},{"__type__":"cc.Node","_name":"116","_parent":{"__id__":76},"_contentSize":{"__type__":"cc.Size","width":104,"height":27},"_position":{"__type__":"cc.Vec2","x":-465,"y":249},"_components":[{"__type__":"cc.Sprite","node":{"__id__":78},"_spriteFrame":{"__uuid__":"49998197-ee64-4650-9eb6-c0ffdf99ec68"}}]},{"__type__":"cc.Node","_name":"115","_parent":{"__id__":76},"_contentSize":{"__type__":"cc.Size","width":105,"height":35},"_position":{"__type__":"cc.Vec2","x":-386,"y":151},"_components":[{"__type__":"cc.Sprite","node":{"__id__":79},"_spriteFrame":{"__uuid__":"775bb858-da0a-4535-b98d-9687878bce8b"}}]},{"__type__":"cc.Node","_name":"114","_parent":{"__id__":76},"_contentSize":{"__type__":"cc.Size","width":105,"height":35},"_position":{"__type__":"cc.Vec2","x":-547,"y":151},"_components":[{"__type__":"cc.Sprite","node":{"__id__":80},"_spriteFrame":{"__uuid__":"3351051e-2f40-4d5d-b782-0263f8031233"}}]},{"__type__":"cc.Node","_name":"t1","_parent":{"__id__":76},"_contentSize":{"__type__":"cc.Size","width":71,"height":29},"_position":{"__type__":"cc.Vec2","x":-580,"y":204},"_components":[{"__type__":"cc.Sprite","node":{"__id__":81},"_spriteFrame":{"__uuid__":"ea68a728-af5f-4be9-a133-44ab7792d494"}}]},{"__type__":"cc.Node","_name":"t2","_parent":{"__id__":76},"_contentSize":{"__type__":"cc.Size","width":71,"height":29},"_position":{"__type__":"cc.Vec2","x":-504,"y":204},"_components":[{"__type__":"cc.Sprite","node":{"__id__":82},"_spriteFrame":{"__uuid__":"ea68a728-af5f-4be9-a133-44ab7792d494"}}]},{"__type__":"cc.Node","_name":"t3","_parent":{"__id__":76},"_contentSize":{"__type__":"cc.Size","width":71,"height":29},"_position":{"__type__":"cc.Vec2","x":-428,"y":204},"_components":[{"__type__":"cc.Sprite","node":{"__id__":83},"_spriteFrame":{"__uuid__":"ea68a728-af5f-4be9-a133-44ab7792d494"}}]},{"__type__":"cc.Node","_name":"t4","_parent":{"__id__":76},"_contentSize":{"__type__":"cc.Size","width":71,"height":29},"_position":{"__type__":"cc.Vec2","x":-352,"y":204},"_components":[{"__type__":"cc.Sprite","node":{"__id__":84},"_spriteFrame":{"__uuid__":"ea68a728-af5f-4be9-a133-44ab7792d494"}}]},{"__type__":"cc.Node","_name":"Sprite","_parent":{"__id__":2},"_contentSize":{"__type__":"cc.Size","width":43,"height":59},"_scaleX":0.5,"_scaleY":0.5,"_position":{"__type__":"cc.Vec2","x":-392,"y":356},"_components":[{"__type__":"cc.Sprite","node":{"__id__":85}}]},{"__type__":"cc.Node","_name":"la_num","_color":{"__type__":"cc.Color","r":255,"g":220,"b":28},"_parent":{"__id__":2},"_anchorPoint":{"__type__":"cc.Vec2","y":0.5},"_contentSize":{"__type__":"cc.Size","width":41.71,"height":40},"_position":{"__type__":"cc.Vec2","x":-377.4,"y":357.4},"_components":[{"__id__":87}]},{"__type__":"cc.Label","node":{"__id__":86},"_useOriginalSize":false,"_actualFontSize":25,"_fontSize":25,"_N$string":"123","_N$horizontalAlign":1,"_N$verticalAlign":1},{"__type__":"cc.Node","_name":"Button","_parent":{"__id__":2},"_contentSize":{"__type__":"cc.Size","width":134,"height":136},"_position":{"__type__":"cc.Vec2","x":167,"y":-117},"_components":[{"__type__":"cc.Sprite","node":{"__id__":88},"_spriteFrame":{"__uuid__":"0f3fe66c-f20c-4c8f-a215-7adf9690c564"},"_type":1,"_sizeMode":0,"_isTrimmedMode":false},{"__id__":89}]},{"__type__":"cc.Button","node":{"__id__":88},"pressedColor":{"__type__":"cc.Color","r":255,"g":255,"b":255},"pressedSprite":{"__uuid__":"e9ec654c-97a2-4787-9325-e6a10375219a"},"hoverSprite":{"__uuid__":"e9ec654c-97a2-4787-9325-e6a10375219a"},"_N$normalColor":{"__type__":"cc.Color","r":255,"g":255,"b":255},"_N$disabledColor":{"__type__":"cc.Color","r":255,"g":255,"b":255},"_N$normalSprite":{"__uuid__":"f0048c10-f03e-4c97-b9d3-3506e1d58952"},"_N$disabledSprite":{"__uuid__":"29158224-f8dd-4661-a796-1ffab537140e"},"_N$target":{"__id__":88}},{"__type__":"cc.Node","_name":"Button","_parent":{"__id__":2},"_contentSize":{"__type__":"cc.Size","width":134,"height":136},"_position":{"__type__":"cc.Vec2","x":359,"y":10},"_components":[{"__type__":"cc.Sprite","node":{"__id__":90},"_spriteFrame":{"__uuid__":"0f3fe66c-f20c-4c8f-a215-7adf9690c564"},"_type":1,"_sizeMode":0,"_isTrimmedMode":false},{"__id__":91}]},{"__type__":"cc.Button","node":{"__id__":90},"pressedColor":{"__type__":"cc.Color","r":255,"g":255,"b":255},"pressedSprite":{"__uuid__":"e9ec654c-97a2-4787-9325-e6a10375219a"},"hoverSprite":{"__uuid__":"e9ec654c-97a2-4787-9325-e6a10375219a"},"_N$normalColor":{"__type__":"cc.Color","r":255,"g":255,"b":255},"_N$disabledColor":{"__type__":"cc.Color","r":255,"g":255,"b":255},"_N$normalSprite":{"__uuid__":"f0048c10-f03e-4c97-b9d3-3506e1d58952"},"_N$disabledSprite":{"__uuid__":"29158224-f8dd-4661-a796-1ffab537140e"},"_N$target":{"__id__":90}},{"__type__":"cc.Node","_name":"cardNode2","_parent":{"__id__":2},"_position":{"__type__":"cc.Vec2","x":615,"y":2},"_components":[{"__type__":"e3039kGE8tGOIxcJ79AW17l","node":{"__id__":92},"playerID":2}]},{"__type__":"cc.Node","_name":"cardNode3","_parent":{"__id__":2},"_position":{"__type__":"cc.Vec2","x":-5,"y":260},"_components":[{"__type__":"e3039kGE8tGOIxcJ79AW17l","node":{"__id__":93},"playerID":3}]},{"__type__":"cc.Node","_name":"cardNode4","_parent":{"__id__":2},"_position":{"__type__":"cc.Vec2","x":-519,"y":-8},"_components":[{"__type__":"e3039kGE8tGOIxcJ79AW17l","node":{"__id__":94},"playerID":4}]},{"__type__":"cc.Node","_name":"cardNode","_parent":{"__id__":2},"_position":{"__type__":"cc.Vec2","y":-370},"_components":[{"__type__":"e3039kGE8tGOIxcJ79AW17l","node":{"__id__":95},"playerID":1}]},{"__type__":"cc.Node","_name":"head1","_parent":{"__id__":2},"_contentSize":{"__type__":"cc.Size","width":84,"height":84},"_children":[{"__id__":97},{"__id__":99}],"_position":{"__type__":"cc.Vec2","x":-1.1368683772161603e-13,"y":-287},"_components":[{"__id__":101}]},{"__type__":"cc.Node","_name":"con1","_parent":{"__id__":96},"_anchorPoint":{"__type__":"cc.Vec2","y":0.5},"_contentSize":{"__type__":"cc.Size","width":100,"height":71},"_children":[{"__id__":98}],"_position":{"__type__":"cc.Vec2","x":-48.9,"y":75.4},"_active":false,"_components":[{"__type__":"cc.Sprite","node":{"__id__":97},"_spriteFrame":{"__uuid__":"0b4b4d90-def4-4b4c-be59-0b49ef1b366b"}}]},{"__type__":"cc.Node","_name":"la_con1","_color":{"__type__":"cc.Color","r":174,"g":84,"b":51},"_parent":{"__id__":97},"_anchorPoint":{"__type__":"cc.Vec2","y":0.5},"_contentSize":{"__type__":"cc.Size","width":40,"height":40},"_position":{"__type__":"cc.Vec2","x":13,"y":12},"_components":[{"__type__":"cc.Label","node":{"__id__":98},"_useOriginalSize":false,"_actualFontSize":20,"_fontSize":20,"_N$string":"谈话","_N$horizontalAlign":1,"_N$verticalAlign":1}]},{"__type__":"cc.Node","_name":"la_name1","_parent":{"__id__":96},"_contentSize":{"__type__":"cc.Size","width":156.67,"height":40},"_position":{"__type__":"cc.Vec2","x":5.2,"y":-67},"_components":[{"__id__":100}]},{"__type__":"cc.Label","node":{"__id__":99},"_useOriginalSize":false,"_actualFontSize":20,"_fontSize":20,"_N$string":"这里共有七个字...","_N$horizontalAlign":1,"_N$verticalAlign":1},{"__type__":"cc.Sprite","node":{"__id__":96},"_spriteFrame":{"__uuid__":"f57d3aef-dc46-455b-b6c4-101a0f0edfb2"}},{"__type__":"cc.Node","_name":"head2","_parent":{"__id__":2},"_contentSize":{"__type__":"cc.Size","width":84,"height":84},"_children":[{"__id__":103},{"__id__":105}],"_position":{"__type__":"cc.Vec2","x":567,"y":-1.0000000000000568},"_components":[{"__id__":107}]},{"__type__":"cc.Node","_name":"con2","_parent":{"__id__":102},"_anchorPoint":{"__type__":"cc.Vec2","x":1,"y":0.5},"_contentSize":{"__type__":"cc.Size","width":100,"height":71},"_children":[{"__id__":104}],"_position":{"__type__":"cc.Vec2","x":-45,"y":-12},"_active":false,"_components":[{"__type__":"cc.Sprite","node":{"__id__":103},"_spriteFrame":{"__uuid__":"ea666fb5-0406-4727-a4e6-451e86e2b416"}}]},{"__type__":"cc.Node","_name":"la_con2","_color":{"__type__":"cc.Color","r":174,"g":84,"b":51},"_parent":{"__id__":103},"_anchorPoint":{"__type__":"cc.Vec2","x":1,"y":0.5},"_contentSize":{"__type__":"cc.Size","width":40,"height":40},"_position":{"__type__":"cc.Vec2","x":-8.7,"y":-4.4},"_components":[{"__type__":"cc.Label","node":{"__id__":104},"_useOriginalSize":false,"_actualFontSize":20,"_fontSize":20,"_N$string":"谈话","_N$horizontalAlign":1,"_N$verticalAlign":1}]},{"__type__":"cc.Node","_name":"la_name2","_parent":{"__id__":102},"_contentSize":{"__type__":"cc.Size","width":156.67,"height":40},"_position":{"__type__":"cc.Vec2","x":5,"y":-67},"_components":[{"__id__":106}]},{"__type__":"cc.Label","node":{"__id__":105},"_useOriginalSize":false,"_actualFontSize":20,"_fontSize":20,"_N$string":"这里共有七个字...","_N$horizontalAlign":1,"_N$verticalAlign":1},{"__type__":"cc.Sprite","node":{"__id__":102},"_spriteFrame":{"__uuid__":"f57d3aef-dc46-455b-b6c4-101a0f0edfb2"}},{"__type__":"cc.Node","_name":"head4","_parent":{"__id__":2},"_contentSize":{"__type__":"cc.Size","width":84,"height":84},"_children":[{"__id__":109},{"__id__":111}],"_position":{"__type__":"cc.Vec2","x":-581.9,"y":-0.8999999999999773},"_components":[{"__id__":113}]},{"__type__":"cc.Node","_name":"con4","_parent":{"__id__":108},"_anchorPoint":{"__type__":"cc.Vec2","y":0.5},"_contentSize":{"__type__":"cc.Size","width":100,"height":71},"_children":[{"__id__":110}],"_position":{"__type__":"cc.Vec2","x":-45,"y":79},"_active":false,"_components":[{"__type__":"cc.Sprite","node":{"__id__":109},"_spriteFrame":{"__uuid__":"0b4b4d90-def4-4b4c-be59-0b49ef1b366b"}}]},{"__type__":"cc.Node","_name":"la_con4","_color":{"__type__":"cc.Color","r":174,"g":84,"b":51},"_parent":{"__id__":109},"_anchorPoint":{"__type__":"cc.Vec2","y":0.5},"_contentSize":{"__type__":"cc.Size","width":40,"height":40},"_position":{"__type__":"cc.Vec2","x":9,"y":12},"_components":[{"__type__":"cc.Label","node":{"__id__":110},"_useOriginalSize":false,"_actualFontSize":20,"_fontSize":20,"_N$string":"谈话","_N$horizontalAlign":1,"_N$verticalAlign":1}]},{"__type__":"cc.Node","_name":"la_name4","_parent":{"__id__":108},"_contentSize":{"__type__":"cc.Size","width":156.67,"height":40},"_position":{"__type__":"cc.Vec2","x":5.4,"y":-67.1},"_components":[{"__id__":112}]},{"__type__":"cc.Label","node":{"__id__":111},"_useOriginalSize":false,"_actualFontSize":20,"_fontSize":20,"_N$string":"这里共有七个字...","_N$horizontalAlign":1,"_N$verticalAlign":1},{"__type__":"cc.Sprite","node":{"__id__":108},"_spriteFrame":{"__uuid__":"f57d3aef-dc46-455b-b6c4-101a0f0edfb2"}},{"__type__":"cc.Node","_name":"head3","_parent":{"__id__":2},"_contentSize":{"__type__":"cc.Size","width":84,"height":84},"_children":[{"__id__":115},{"__id__":117}],"_position":{"__type__":"cc.Vec2","x":-1.1368683772161603e-13,"y":288.99999999999983},"_components":[{"__id__":119}]},{"__type__":"cc.Node","_name":"con3","_parent":{"__id__":114},"_anchorPoint":{"__type__":"cc.Vec2","x":1,"y":0.5},"_contentSize":{"__type__":"cc.Size","width":100,"height":71},"_children":[{"__id__":116}],"_position":{"__type__":"cc.Vec2","x":-44,"y":-6},"_active":false,"_components":[{"__type__":"cc.Sprite","node":{"__id__":115},"_spriteFrame":{"__uuid__":"ea666fb5-0406-4727-a4e6-451e86e2b416"}}]},{"__type__":"cc.Node","_name":"la_con3","_color":{"__type__":"cc.Color","r":174,"g":84,"b":51},"_parent":{"__id__":115},"_anchorPoint":{"__type__":"cc.Vec2","x":1,"y":0.5},"_contentSize":{"__type__":"cc.Size","width":40,"height":40},"_position":{"__type__":"cc.Vec2","x":-8.9,"y":-3.9},"_components":[{"__type__":"cc.Label","node":{"__id__":116},"_useOriginalSize":false,"_actualFontSize":20,"_fontSize":20,"_N$string":"谈话","_N$horizontalAlign":1,"_N$verticalAlign":1}]},{"__type__":"cc.Node","_name":"la_name3","_parent":{"__id__":114},"_contentSize":{"__type__":"cc.Size","width":156.67,"height":40},"_position":{"__type__":"cc.Vec2","x":-1.6,"y":-67.9},"_components":[{"__id__":118}]},{"__type__":"cc.Label","node":{"__id__":117},"_useOriginalSize":false,"_actualFontSize":20,"_fontSize":20,"_N$string":"这里共有七个字...","_N$horizontalAlign":1,"_N$verticalAlign":1},{"__type__":"cc.Sprite","node":{"__id__":114},"_spriteFrame":{"__uuid__":"f57d3aef-dc46-455b-b6c4-101a0f0edfb2"}},{"__type__":"cc.Node","_name":"lunpan","_opacity":245,"_parent":{"__id__":2},"_contentSize":{"__type__":"cc.Size","width":152,"height":152},"_children":[{"__id__":121},{"__id__":126},{"__id__":128},{"__id__":130},{"__id__":132}],"_scaleX":0.9,"_scaleY":0.9,"_position":{"__type__":"cc.Vec2","y":18},"_components":[{"__type__":"cc.Sprite","node":{"__id__":120},"_spriteFrame":{"__uuid__":"8669924d-f599-4762-a3e0-6cc9d6f12999"}}]},{"__type__":"cc.Node","_name":"roll","_parent":{"__id__":120},"_contentSize":{"__type__":"cc.Size","width":138,"height":138},"_children":[{"__id__":122},{"__id__":123},{"__id__":124},{"__id__":125}],"_components":[{"__type__":"cc.Sprite","node":{"__id__":121},"_spriteFrame":{"__uuid__":"f3edc381-975f-4462-84ac-84c97e4ae98d"}}]},{"__type__":"cc.Node","_name":"dong","_parent":{"__id__":121},"_contentSize":{"__type__":"cc.Size","width":140,"height":54},"_position":{"__type__":"cc.Vec2","y":-51.8},"_active":false,"_components":[{"__type__":"cc.Sprite","node":{"__id__":122},"_spriteFrame":{"__uuid__":"e5782f95-e159-44da-92b5-fcdca8e3aa56"}}]},{"__type__":"cc.Node","_name":"bei","_parent":{"__id__":121},"_contentSize":{"__type__":"cc.Size","width":55,"height":140},"_position":{"__type__":"cc.Vec2","x":-49.2,"y":-3.3},"_active":false,"_components":[{"__type__":"cc.Sprite","node":{"__id__":123},"_spriteFrame":{"__uuid__":"d43cd6a5-840d-4a17-9681-1ba5ab51bc62"}}]},{"__type__":"cc.Node","_name":"xi","_parent":{"__id__":121},"_contentSize":{"__type__":"cc.Size","width":140,"height":55},"_position":{"__type__":"cc.Vec2","x":-0.9,"y":48.6},"_active":false,"_components":[{"__type__":"cc.Sprite","node":{"__id__":124},"_spriteFrame":{"__uuid__":"d425d030-f8ca-4d0e-86c1-eebde03bc495"}}]},{"__type__":"cc.Node","_name":"nan","_parent":{"__id__":121},"_contentSize":{"__type__":"cc.Size","width":55,"height":140},"_position":{"__type__":"cc.Vec2","x":51.7,"y":-1.6},"_active":false,"_components":[{"__type__":"cc.Sprite","node":{"__id__":125},"_spriteFrame":{"__uuid__":"9a2aac62-5ae6-494c-9064-e02437bb6bf9"}}]},{"__type__":"cc.Node","_name":"la_time","_parent":{"__id__":120},"_contentSize":{"__type__":"cc.Size","width":51.7,"height":44},"_position":{"__type__":"cc.Vec2","x":-2.1,"y":15.2},"_components":[{"__id__":127}]},{"__type__":"cc.Label","node":{"__id__":126},"_useOriginalSize":false,"_actualFontSize":55,"_fontSize":55,"_N$file":{"__uuid__":"d7613280-3442-46a7-af24-43c35202ae94"},"_isSystemFontUsed":false,"_N$string":"07","_N$horizontalAlign":1,"_N$verticalAlign":1},{"__type__":"cc.Node","_name":"shaizi","_parent":{"__id__":120},"_contentSize":{"__type__":"cc.Size","width":51,"height":22},"_scaleX":1.1111111,"_scaleY":1.1111111,"_position":{"__type__":"cc.Vec2","x":1.7,"y":-2.4},"_components":[{"__type__":"cc.Sprite","node":{"__id__":128},"_spriteFrame":{"__uuid__":"f86c09bb-305e-400b-a43a-6ea1ab66d3ce"}},{"__id__":129}],"_prefab":{"__type__":"cc.PrefabInfo","root":{"__id__":128},"fileId":"66cd0AP0WBLN7gPHz0RHpfp"}},{"__type__":"cc.Animation","node":{"__id__":128},"_clips":[{"__uuid__":"2e8f8508-3386-4f1a-89f2-82d369f36685"}]},{"__type__":"cc.Node","_name":"shaizi1Num","_parent":{"__id__":120},"_contentSize":{"__type__":"cc.Size","width":26,"height":30},"_scaleX":0.85,"_scaleY":0.85,"_position":{"__type__":"cc.Vec2","x":-16.7,"y":-2.2},"_active":false,"_components":[{"__id__":131}]},{"__type__":"cc.Sprite","node":{"__id__":130},"_spriteFrame":{"__uuid__":"626cec26-8cac-4f58-9e24-f9cf7f38cde9"}},{"__type__":"cc.Node","_name":"shaizi2Num","_parent":{"__id__":120},"_contentSize":{"__type__":"cc.Size","width":26,"height":30},"_scaleX":0.85,"_scaleY":0.85,"_position":{"__type__":"cc.Vec2","x":18.6000001,"y":-2.5},"_active":false,"_components":[{"__id__":133}]},{"__type__":"cc.Sprite","node":{"__id__":132},"_spriteFrame":{"__uuid__":"5247d017-04e8-46b2-98b2-ef2fbf8fda11"}},{"__type__":"cc.Node","_name":"btn_txt","_parent":{"__id__":2},"_contentSize":{"__type__":"cc.Size","width":39,"height":38},"_position":{"__type__":"cc.Vec2","x":606.5,"y":-121},"_components":[{"__type__":"cc.Sprite","node":{"__id__":134},"_spriteFrame":{"__uuid__":"9919c48e-9ade-46ed-89c9-14ba3827ec99"}},{"__type__":"cc.Button","node":{"__id__":134},"_N$target":{"__id__":134}}]},{"__type__":"cc.Node","_name":"setting","_parent":{"__id__":2},"_children":[{"__id__":136},{"__id__":144},{"__id__":146},{"__id__":148},{"__id__":151},{"__id__":154},{"__id__":156},{"__id__":158},{"__id__":160},{"__id__":162},{"__id__":169}],"_active":false,"_components":[{"__type__":"6f67fkYoftA0okwrknaWVKB","node":{"__id__":135},"rootNod":{"__id__":135},"btn":{"__id__":143}},{"__type__":"197adV7wXBBlI1MvMm3eKWN","node":{"__id__":135},"btn_yx":{"__id__":145},"btn_yy":{"__id__":147},"btn_exit":{"__id__":150},"btn_exitLogin":{"__id__":153},"btn_gps":{"__id__":155},"btn_closeGps":{"__id__":157},"sp_gps":{"__id__":159},"sl_yx":{"__id__":168},"sl_yy":{"__id__":175},"sp_yx":{"__id__":164},"sp_yy":{"__id__":171},"sp_ha1":{"__id__":166},"sp_ha2":{"__id__":173},"la_gps":{"__id__":161}}],"_prefab":{"__type__":"cc.PrefabInfo","root":{"__id__":135},"fileId":"c9832u1jItPAJH7SaNdR9HI"}},{"__type__":"cc.Node","_name":"mainPre1","_parent":{"__id__":135},"_contentSize":{"__type__":"cc.Size","width":40,"height":36},"_children":[{"__id__":137},{"__id__":138},{"__id__":139},{"__id__":140},{"__id__":141},{"__id__":142}],"_position":{"__type__":"cc.Vec2","x":2},"_components":[{"__type__":"cc.Sprite","node":{"__id__":136},"_spriteFrame":{"__uuid__":"8cdb44ac-a3f6-449f-b354-7cd48cf84061"}}],"_prefab":{"__type__":"cc.PrefabInfo","root":{"__id__":135},"fileId":"ea6d2LTDGhC8L5fcF4+XOQx"}},{"__type__":"cc.Node","_name":"ns","_opacity":100,"_color":{"__type__":"cc.Color"},"_parent":{"__id__":136},"_contentSize":{"__type__":"cc.Size","width":1334,"height":750},"_components":[{"__type__":"cc.Sprite","node":{"__id__":137},"_spriteFrame":{"__uuid__":"a23235d1-15db-4b95-8439-a2e005bfff91"},"_sizeMode":0},{"__type__":"65cce0XyaZCE79saRqYVWic","node":{"__id__":137}}],"_prefab":{"__type__":"cc.PrefabInfo","root":{"__id__":135},"fileId":"a5856+wzRNGw5maEKtWCOA7"}},{"__type__":"cc.Node","_name":"69","_parent":{"__id__":136},"_contentSize":{"__type__":"cc.Size","width":377,"height":78},"_scaleX":1.6,"_scaleY":1.3,"_position":{"__type__":"cc.Vec2","x":-4,"y":266},"_components":[{"__type__":"cc.Sprite","node":{"__id__":138},"_spriteFrame":{"__uuid__":"fa416f65-2ab5-4070-a3e3-0717d3b98ba9"}}],"_prefab":{"__type__":"cc.PrefabInfo","root":{"__id__":135},"fileId":"46662lCiKtMRoasE1Qk+rOD"}},{"__type__":"cc.Node","_name":"11","_parent":{"__id__":136},"_contentSize":{"__type__":"cc.Size","width":950,"height":470},"_scaleX":0.92,"_scaleY":0.92,"_position":{"__type__":"cc.Vec2","x":-5,"y":1},"_components":[{"__type__":"cc.Sprite","node":{"__id__":139},"_spriteFrame":{"__uuid__":"bdb25c2c-6599-4688-bfec-3b8001229372"},"_type":1,"_sizeMode":0}],"_prefab":{"__type__":"cc.PrefabInfo","root":{"__id__":135},"fileId":"6f234PrLFtMx7XBquTNZi6d"}},{"__type__":"cc.Node","_name":"14","_parent":{"__id__":136},"_contentSize":{"__type__":"cc.Size","width":292,"height":61},"_scaleX":2,"_scaleY":1.55,"_position":{"__type__":"cc.Vec2","x":-3,"y":260},"_components":[{"__type__":"cc.Sprite","node":{"__id__":140},"_spriteFrame":{"__uuid__":"4fb3431d-f0d0-4c2c-bdcd-e4139b338026"}}],"_prefab":{"__type__":"cc.PrefabInfo","root":{"__id__":135},"fileId":"b57a7Y707JCgrznLIN/VZJe"}},{"__type__":"cc.Node","_name":"title","_parent":{"__id__":136},"_contentSize":{"__type__":"cc.Size","width":144,"height":56},"_position":{"__type__":"cc.Vec2","y":256},"_components":[{"__type__":"cc.Sprite","node":{"__id__":141},"_spriteFrame":{"__uuid__":"814ccdfc-81f1-4045-8719-1548d35e2b12"}}],"_prefab":{"__type__":"cc.PrefabInfo","root":{"__id__":135},"fileId":"1f432AyzqRBZZ00WsLo46B2"}},{"__type__":"cc.Node","_name":"close","_parent":{"__id__":136},"_contentSize":{"__type__":"cc.Size","width":77,"height":77},"_position":{"__type__":"cc.Vec2","x":401,"y":270},"_components":[{"__type__":"cc.Sprite","node":{"__id__":142},"_spriteFrame":{"__uuid__":"db794eec-3040-4fc6-a109-0cf96d5638f1"}},{"__id__":143}],"_prefab":{"__type__":"cc.PrefabInfo","root":{"__id__":135},"fileId":"5496etzRmNBwZ7AQNZdKGZ3"}},{"__type__":"cc.Button","node":{"__id__":142},"transition":3,"_N$target":{"__id__":142}},{"__type__":"cc.Node","_name":"132","_parent":{"__id__":135},"_contentSize":{"__type__":"cc.Size","width":81,"height":84},"_position":{"__type__":"cc.Vec2","x":-312,"y":131},"_components":[{"__type__":"cc.Sprite","node":{"__id__":144},"_spriteFrame":{"__uuid__":"3c9b1cf9-c3b2-4a30-a29d-3af950db68cc"}},{"__id__":145}],"_prefab":{"__type__":"cc.PrefabInfo","root":{"__id__":135},"fileId":"a1e59YNpuFN0ZnT0CuanUYT"}},{"__type__":"cc.Button","node":{"__id__":144},"_N$target":{"__id__":144}},{"__type__":"cc.Node","_name":"133","_parent":{"__id__":135},"_contentSize":{"__type__":"cc.Size","width":81,"height":84},"_position":{"__type__":"cc.Vec2","x":-315,"y":-3},"_components":[{"__type__":"cc.Sprite","node":{"__id__":146},"_spriteFrame":{"__uuid__":"e2c7fe32-33a2-423e-8956-fc77141b7324"}},{"__id__":147}],"_prefab":{"__type__":"cc.PrefabInfo","root":{"__id__":135},"fileId":"1e9c9hhwddFUIf9iRP6RzNF"}},{"__type__":"cc.Button","node":{"__id__":146},"_N$target":{"__id__":146}},{"__type__":"cc.Node","_name":"btn_exit","_parent":{"__id__":135},"_contentSize":{"__type__":"cc.Size","width":300,"height":100},"_children":[{"__id__":149}],"_position":{"__type__":"cc.Vec2","x":-208,"y":-246},"_active":false,"_components":[{"__type__":"cc.Sprite","node":{"__id__":148},"_spriteFrame":{"__uuid__":"8eff65ab-3b96-4cab-9937-cf4bc7f11a63"},"_sizeMode":0},{"__id__":150}],"_prefab":{"__type__":"cc.PrefabInfo","root":{"__id__":135},"fileId":"9d8cbzhuRRJhrVoe6rlniWW"}},{"__type__":"cc.Node","_name":"130","_parent":{"__id__":148},"_contentSize":{"__type__":"cc.Size","width":181,"height":50},"_position":{"__type__":"cc.Vec2","y":7},"_components":[{"__type__":"cc.Sprite","node":{"__id__":149},"_spriteFrame":{"__uuid__":"ca6926e2-c669-4b92-ae9d-11cc1234f513"}}],"_prefab":{"__type__":"cc.PrefabInfo","root":{"__id__":135},"fileId":"e4b91CKe51KMKjWK7wMvT2T"}},{"__type__":"cc.Button","node":{"__id__":148},"_N$target":{"__id__":148}},{"__type__":"cc.Node","_name":"btn_exitLogin","_parent":{"__id__":135},"_contentSize":{"__type__":"cc.Size","width":300,"height":100},"_children":[{"__id__":152}],"_position":{"__type__":"cc.Vec2","x":218,"y":-246},"_active":false,"_components":[{"__type__":"cc.Sprite","node":{"__id__":151},"_spriteFrame":{"__uuid__":"8eff65ab-3b96-4cab-9937-cf4bc7f11a63"},"_sizeMode":0},{"__id__":153}],"_prefab":{"__type__":"cc.PrefabInfo","root":{"__id__":135},"fileId":"7d03aYqsElJAoJ7U6O2uJqr"}},{"__type__":"cc.Node","_name":"130","_parent":{"__id__":151},"_contentSize":{"__type__":"cc.Size","width":191,"height":49},"_position":{"__type__":"cc.Vec2","y":7},"_components":[{"__type__":"cc.Sprite","node":{"__id__":152},"_spriteFrame":{"__uuid__":"ec728a47-cf88-496c-b9d3-b9b922cad51d"}}],"_prefab":{"__type__":"cc.PrefabInfo","root":{"__id__":135},"fileId":"56b4e2RkKVOKIdPnK1XbYMd"}},{"__type__":"cc.Button","node":{"__id__":151},"_N$target":{"__id__":151}},{"__type__":"cc.Node","_name":"gps_open","_parent":{"__id__":135},"_contentSize":{"__type__":"cc.Size","width":160,"height":55},"_position":{"__type__":"cc.Vec2","x":75,"y":-124},"_components":[{"__type__":"cc.Sprite","node":{"__id__":154},"_spriteFrame":{"__uuid__":"a3c2dccf-ad09-4739-b00e-91f54e1b7c13"}},{"__id__":155}],"_prefab":{"__type__":"cc.PrefabInfo","root":{"__id__":135},"fileId":"0cc05KQztBBMKspbKwJpG2a"}},{"__type__":"cc.Button","node":{"__id__":154},"_N$target":{"__id__":154}},{"__type__":"cc.Node","_name":"gps_close","_parent":{"__id__":135},"_contentSize":{"__type__":"cc.Size","width":163,"height":55},"_position":{"__type__":"cc.Vec2","x":77,"y":-125},"_components":[{"__id__":157}],"_prefab":{"__type__":"cc.PrefabInfo","root":{"__id__":135},"fileId":"383f4dvZUZDMIIFW1bybw/V"}},{"__type__":"cc.Sprite","node":{"__id__":156},"_spriteFrame":{"__uuid__":"ee68eee6-0e1a-4cee-915b-99dee95e922b"}},{"__type__":"cc.Node","_name":"btn_gps","_parent":{"__id__":135},"_contentSize":{"__type__":"cc.Size","width":77,"height":77},"_position":{"__type__":"cc.Vec2","x":32,"y":-123},"_components":[{"__id__":159}],"_prefab":{"__type__":"cc.PrefabInfo","root":{"__id__":135},"fileId":"5c1e2oANxpNtKaQR5RcwlD7"}},{"__type__":"cc.Sprite","node":{"__id__":158},"_spriteFrame":{"__uuid__":"8a629d08-2d27-41a7-8db0-7e09666a9452"}},{"__type__":"cc.Node","_name":"Label","_color":{"__type__":"cc.Color","r":234,"g":105},"_parent":{"__id__":135},"_contentSize":{"__type__":"cc.Size","width":134.17,"height":46.67},"_position":{"__type__":"cc.Vec2","x":-99,"y":-129.5},"_components":[{"__id__":161}],"_prefab":{"__type__":"cc.PrefabInfo","root":{"__id__":135},"fileId":"7b0d2YFm/dNb4bP/YLBZjRO"}},{"__type__":"cc.Label","node":{"__id__":160},"_useOriginalSize":false,"_actualFontSize":35,"_fontSize":35,"_N$string":"打开GPS","_N$horizontalAlign":1,"_N$verticalAlign":1},{"__type__":"cc.Node","_name":"sl_yx","_parent":{"__id__":135},"_contentSize":{"__type__":"cc.Size","width":557,"height":55},"_children":[{"__id__":163},{"__id__":165}],"_position":{"__type__":"cc.Vec2","x":55,"y":126},"_components":[{"__id__":168}],"_prefab":{"__type__":"cc.PrefabInfo","root":{"__id__":135},"fileId":"7b726waKOZDsISi9TFVwBde"}},{"__type__":"cc.Node","_name":"Background","_parent":{"__id__":162},"_anchorPoint":{"__type__":"cc.Vec2","y":0.5},"_contentSize":{"__type__":"cc.Size","width":557,"height":55},"_position":{"__type__":"cc.Vec2","x":-278},"_components":[{"__id__":164}],"_prefab":{"__type__":"cc.PrefabInfo","root":{"__id__":135},"fileId":"5d6b9dihCRPG6jy+kUSLGny"}},{"__type__":"cc.Sprite","node":{"__id__":163},"_spriteFrame":{"__uuid__":"0d273a71-4c3c-475d-bd46-5bf9e8dae48b"},"_sizeMode":0},{"__type__":"cc.Node","_name":"Handle","_parent":{"__id__":162},"_contentSize":{"__type__":"cc.Size","width":80,"height":78},"_position":{"__type__":"cc.Vec2","x":278.5,"y":-1.1368683772161603e-13},"_components":[{"__id__":166},{"__id__":167}],"_prefab":{"__type__":"cc.PrefabInfo","root":{"__id__":135},"fileId":"5a270o13V5HbIud/ku03Kix"}},{"__type__":"cc.Sprite","node":{"__id__":165},"_spriteFrame":{"__uuid__":"a6f2594f-584b-4ce2-a547-1aad6034aa94"},"_type":1,"_sizeMode":0},{"__type__":"cc.Button","node":{"__id__":165},"pressedColor":{"__type__":"cc.Color","r":255,"g":255,"b":255},"zoomScale":0.1,"pressedSprite":{"__uuid__":"a6f2594f-584b-4ce2-a547-1aad6034aa94"},"hoverSprite":{"__uuid__":"e9ec654c-97a2-4787-9325-e6a10375219a"},"_N$normalColor":{"__type__":"cc.Color","r":255,"g":255,"b":255},"_N$disabledColor":{"__type__":"cc.Color","r":255,"g":255,"b":255},"_N$normalSprite":{"__uuid__":"a6f2594f-584b-4ce2-a547-1aad6034aa94"},"_N$disabledSprite":{"__uuid__":"29158224-f8dd-4661-a796-1ffab537140e"},"_N$target":{"__id__":165}},{"__type__":"cc.Slider","node":{"__id__":162},"slideEvents":[{"__type__":"cc.ClickEvent","target":{"__id__":135},"component":"Setting","handler":"sl_yxCallBack"}],"_N$handle":{"__id__":167},"_N$progress":1},{"__type__":"cc.Node","_name":"sl_yy","_parent":{"__id__":135},"_contentSize":{"__type__":"cc.Size","width":557,"height":55},"_children":[{"__id__":170},{"__id__":172}],"_position":{"__type__":"cc.Vec2","x":55,"y":-7},"_components":[{"__id__":175}],"_prefab":{"__type__":"cc.PrefabInfo","root":{"__id__":135},"fileId":"9ed12MLdm1GJ6WlO2sRIYcj"}},{"__type__":"cc.Node","_name":"Background","_parent":{"__id__":169},"_anchorPoint":{"__type__":"cc.Vec2","y":0.5},"_contentSize":{"__type__":"cc.Size","width":557,"height":55},"_position":{"__type__":"cc.Vec2","x":-278},"_components":[{"__id__":171}],"_prefab":{"__type__":"cc.PrefabInfo","root":{"__id__":135},"fileId":"97689FaJq5Nf6LeAFhHoOrp"}},{"__type__":"cc.Sprite","node":{"__id__":170},"_spriteFrame":{"__uuid__":"0d273a71-4c3c-475d-bd46-5bf9e8dae48b"},"_sizeMode":0},{"__type__":"cc.Node","_name":"Handle","_parent":{"__id__":169},"_contentSize":{"__type__":"cc.Size","width":80,"height":78},"_position":{"__type__":"cc.Vec2","x":278.5,"y":1.1368683772161603e-13},"_components":[{"__id__":173},{"__id__":174}],"_prefab":{"__type__":"cc.PrefabInfo","root":{"__id__":135},"fileId":"e25951zBupDwLi6dHtO7yxF"}},{"__type__":"cc.Sprite","node":{"__id__":172},"_spriteFrame":{"__uuid__":"a6f2594f-584b-4ce2-a547-1aad6034aa94"},"_type":1,"_sizeMode":0},{"__type__":"cc.Button","node":{"__id__":172},"pressedColor":{"__type__":"cc.Color","r":255,"g":255,"b":255},"zoomScale":0.1,"pressedSprite":{"__uuid__":"a6f2594f-584b-4ce2-a547-1aad6034aa94"},"hoverSprite":{"__uuid__":"e9ec654c-97a2-4787-9325-e6a10375219a"},"_N$normalColor":{"__type__":"cc.Color","r":255,"g":255,"b":255},"_N$disabledColor":{"__type__":"cc.Color","r":255,"g":255,"b":255},"_N$normalSprite":{"__uuid__":"a6f2594f-584b-4ce2-a547-1aad6034aa94"},"_N$disabledSprite":{"__uuid__":"29158224-f8dd-4661-a796-1ffab537140e"},"_N$target":{"__id__":172}},{"__type__":"cc.Slider","node":{"__id__":169},"slideEvents":[{"__type__":"cc.ClickEvent","target":{"__id__":135},"component":"Setting","handler":"sl_yyCallBack"}],"_N$handle":{"__id__":174},"_N$progress":1}]