[{"__type__":"cc.Prefab","_name":"converItem","data":{"__id__":1}},{"__type__":"cc.Node","_name":"converItem","_contentSize":{"__type__":"cc.Size","width":724,"height":77},"_children":[{"__id__":2}],"_position":{"__type__":"cc.Vec2","y":-43},"_components":[{"__type__":"cc.Sprite","node":{"__id__":1},"_spriteFrame":{"__uuid__":"485083c2-122a-4a0d-a241-3f4ead569f63"}},{"__type__":"cc.Button","node":{"__id__":1},"transition":1,"pressedColor":{"__type__":"cc.Color","r":71,"g":164,"b":238,"a":193},"_N$normalColor":{"__type__":"cc.Color","r":255,"g":255,"b":255},"_N$target":{"__id__":1}},{"__type__":"993d46kq4tJ5IMB5hu44wJB","node":{"__id__":1},"txt":{"__id__":3}}],"_prefab":{"__type__":"cc.PrefabInfo","root":{"__id__":1},"fileId":"2ec75k841hAPq6Qvsc/lr8z"}},{"__type__":"cc.Node","_name":"info","_color":{"__type__":"cc.Color","r":174,"g":81,"b":54},"_parent":{"__id__":1},"_anchorPoint":{"__type__":"cc.Vec2","y":0.5},"_contentSize":{"__type__":"cc.Size","width":429,"height":40},"_position":{"__type__":"cc.Vec2","x":-340},"_components":[{"__id__":3}],"_prefab":{"__type__":"cc.PrefabInfo","root":{"__id__":1},"fileId":"668710azTxOSKGEIh1A+NDH"}},{"__type__":"cc.Label","node":{"__id__":2},"_useOriginalSize":false,"_actualFontSize":33,"_fontSize":33,"_N$string":"速度些三，都又要少打两盘咯","_N$horizontalAlign":1,"_N$verticalAlign":1}]