[{"__type__":"cc.Prefab","_name":"Oppanel","data":{"__id__":1}},{"__type__":"cc.Node","_name":"Oppanel","_color":{"__type__":"cc.Color","r":167,"g":167,"b":167},"_anchorPoint":{"__type__":"cc.Vec2","x":0.5},"_contentSize":{"__type__":"cc.Size","width":1624,"height":150},"_children":[{"__id__":2},{"__id__":3},{"__id__":4},{"__id__":5},{"__id__":6},{"__id__":7},{"__id__":8},{"__id__":9},{"__id__":10}],"_components":[{"__type__":"cc.Sprite","node":{"__id__":1},"_type":1,"_sizeMode":0},{"__type__":"cc.Layout","node":{"__id__":1},"_layoutSize":{"__type__":"cc.Size","width":1624,"height":150},"_resize":1,"_N$layoutType":1,"_N$spacingX":5},{"__type__":"a7d6etOvctBVpuu1C7SaSvY","node":{"__id__":1},"hupanel":{"__uuid__":"6c852bc7-b843-48dc-8962-268c24153c32"},"hucard":{"__uuid__":"51c275ae-fc82-4b25-8812-8ea0dbb51b50"},"chipanel":{"__uuid__":"0632c38a-1f46-4b01-abbe-4ff5996bf829"},"chicard":{"__uuid__":"d03521e0-639c-410e-a605-ee850b7b79e0"},"op_hu":{"__id__":4},"op_gang":{"__id__":5},"op_peng":{"__id__":6},"op_chi":{"__id__":7},"op_ting":{"__id__":8},"op_cancel":{"__id__":9},"op_guo":{"__id__":10},"op_niu":{"__id__":3},"op_tiao":{"__id__":2}}],"_prefab":{"__type__":"cc.PrefabInfo","root":{"__id__":1},"fileId":"98e2fW19zlHLbWt8cY2YdCV"}},{"__type__":"cc.Node","_name":"op_tiao","_parent":{"__id__":1},"_contentSize":{"__type__":"cc.Size","width":183,"height":155},"_position":{"__type__":"cc.Vec2","x":-720.5},"_components":[{"__type__":"cc.Sprite","node":{"__id__":2},"_spriteFrame":{"__uuid__":"4e37c0ed-3d9a-4c5e-8f0d-236cecc8726c"}}],"_prefab":{"__type__":"cc.PrefabInfo","root":{"__id__":1},"fileId":"c58b5OPnatA86XEY0+PV4Ye"}},{"__type__":"cc.Node","_name":"op_niu","_parent":{"__id__":1},"_contentSize":{"__type__":"cc.Size","width":175,"height":155},"_position":{"__type__":"cc.Vec2","x":-536.5},"_components":[{"__type__":"cc.Sprite","node":{"__id__":3},"_spriteFrame":{"__uuid__":"93524146-62db-46fa-9a58-d90bdb90b28f"}}],"_prefab":{"__type__":"cc.PrefabInfo","root":{"__id__":1},"fileId":"27ba5CsFtVBo7G3S209i0kf"}},{"__type__":"cc.Node","_name":"op_hu","_parent":{"__id__":1},"_contentSize":{"__type__":"cc.Size","width":210,"height":162},"_position":{"__type__":"cc.Vec2","x":-339},"_components":[{"__type__":"cc.Sprite","node":{"__id__":4},"_spriteFrame":{"__uuid__":"2b37a747-5886-418d-a5e4-207f24a5fe32"}}],"_prefab":{"__type__":"cc.PrefabInfo","root":{"__id__":1},"fileId":"5fe5dD6NjhFeYn9NK2nXdQs"}},{"__type__":"cc.Node","_name":"op_gang","_parent":{"__id__":1},"_contentSize":{"__type__":"cc.Size","width":183,"height":155},"_position":{"__type__":"cc.Vec2","x":-137.5},"_components":[{"__type__":"cc.Sprite","node":{"__id__":5},"_spriteFrame":{"__uuid__":"4f450930-470f-43c1-9564-bc6b1337e644"}}],"_prefab":{"__type__":"cc.PrefabInfo","root":{"__id__":1},"fileId":"6ed7bpKwtVDHLXIX9bYZjcW"}},{"__type__":"cc.Node","_name":"op_peng","_parent":{"__id__":1},"_contentSize":{"__type__":"cc.Size","width":187,"height":155},"_position":{"__type__":"cc.Vec2","x":52.5},"_components":[{"__type__":"cc.Sprite","node":{"__id__":6},"_spriteFrame":{"__uuid__":"73d8f7c2-23b8-46ef-9840-0c7b3f3b2eba"}}],"_prefab":{"__type__":"cc.PrefabInfo","root":{"__id__":1},"fileId":"3c994Wbb9tEDbOMLAzSVG4L"}},{"__type__":"cc.Node","_name":"op_chi","_parent":{"__id__":1},"_contentSize":{"__type__":"cc.Size","width":179,"height":158},"_position":{"__type__":"cc.Vec2","x":240.5},"_components":[{"__type__":"cc.Sprite","node":{"__id__":7},"_spriteFrame":{"__uuid__":"7b06aae2-aeec-40f2-b85a-f40db68a99f7"}}],"_prefab":{"__type__":"cc.PrefabInfo","root":{"__id__":1},"fileId":"f5c30chxU1Hi5nWTbxm45e0"}},{"__type__":"cc.Node","_name":"op_ting","_parent":{"__id__":1},"_contentSize":{"__type__":"cc.Size","width":192,"height":172},"_position":{"__type__":"cc.Vec2","x":431},"_components":[{"__type__":"cc.Sprite","node":{"__id__":8},"_spriteFrame":{"__uuid__":"a931baf4-a69a-4ca9-9e59-28b718738a0e"}}],"_prefab":{"__type__":"cc.PrefabInfo","root":{"__id__":1},"fileId":"182b8u8HuRCbZeppn7GJ4g5"}},{"__type__":"cc.Node","_name":"op_cancel","_parent":{"__id__":1},"_contentSize":{"__type__":"cc.Size","width":144,"height":144},"_position":{"__type__":"cc.Vec2","x":604},"_components":[{"__type__":"cc.Sprite","node":{"__id__":9},"_spriteFrame":{"__uuid__":"5fa20dae-f0ef-4233-b1a5-6c437e7313bb"}}],"_prefab":{"__type__":"cc.PrefabInfo","root":{"__id__":1},"fileId":"3e9e1FrNvNOBbQ1wGxJaOxG"}},{"__type__":"cc.Node","_name":"op_guo","_parent":{"__id__":1},"_contentSize":{"__type__":"cc.Size","width":131,"height":130},"_position":{"__type__":"cc.Vec2","x":746.5},"_components":[{"__type__":"cc.Sprite","node":{"__id__":10},"_spriteFrame":{"__uuid__":"09b92c5f-5187-4618-a573-aa11a5beb06f"}}],"_prefab":{"__type__":"cc.PrefabInfo","root":{"__id__":1},"fileId":"d6dc9MFcYhMdbeC098MjA2n"}}]