[{"__type__":"cc.Prefab","_name":"ResultItem","data":{"__id__":1}},{"__type__":"cc.Node","_name":"ResultItem","_color":{"__type__":"cc.Color","r":167,"g":167,"b":167},"_anchorPoint":{"__type__":"cc.Vec2","x":0.5},"_contentSize":{"__type__":"cc.Size","width":262,"height":30},"_children":[{"__id__":2},{"__id__":3}],"_components":[{"__type__":"cc.Sprite","node":{"__id__":1},"_type":1,"_sizeMode":0},{"__type__":"cc.Layout","node":{"__id__":1},"_layoutSize":{"__type__":"cc.Size","width":262,"height":30},"_resize":1,"_N$layoutType":1,"_N$spacingX":2}],"_prefab":{"__type__":"cc.PrefabInfo","root":{"__id__":1},"fileId":"6d04dMTc85AoYmsyiQ4A/qu"}},{"__type__":"cc.Node","_name":"lb_name","_color":{"__type__":"cc.Color","r":180,"g":41,"b":14},"_parent":{"__id__":1},"_anchorPoint":{"__type__":"cc.Vec2","y":0.5},"_contentSize":{"__type__":"cc.Size","width":230,"height":24},"_position":{"__type__":"cc.Vec2","x":-131},"_components":[{"__type__":"cc.Label","node":{"__id__":2},"_useOriginalSize":false,"_actualFontSize":23,"_fontSize":24,"_lineHeight":24,"_enableWrapText":false,"_N$string":"捉炮(把一对对胡海捞)","_N$verticalAlign":1,"_N$overflow":2}],"_prefab":{"__type__":"cc.PrefabInfo","root":{"__id__":1},"fileId":"1d0aedBBVJL1rgehNeQ9FwQ"}},{"__type__":"cc.Node","_name":"lb_count","_color":{"__type__":"cc.Color","r":180,"g":41,"b":14},"_parent":{"__id__":1},"_anchorPoint":{"__type__":"cc.Vec2","y":0.5},"_contentSize":{"__type__":"cc.Size","width":30,"height":24},"_position":{"__type__":"cc.Vec2","x":101},"_components":[{"__type__":"cc.Label","node":{"__id__":3},"_useOriginalSize":false,"_actualFontSize":24,"_fontSize":24,"_lineHeight":24,"_N$string":"30","_N$horizontalAlign":2,"_N$verticalAlign":1,"_N$overflow":2}],"_prefab":{"__type__":"cc.PrefabInfo","root":{"__id__":1},"fileId":"04fddETldtJCY4Po/DYMXfW"}}]