[{"__type__":"cc.Prefab","_name":"UserLoginLayer","data":{"__id__":1}},{"__type__":"cc.Node","_name":"UserLoginLayer","_contentSize":{"__type__":"cc.Size","width":1334,"height":750},"_children":[{"__id__":2},{"__id__":3}],"_components":[{"__type__":"e5e64PPaldCxa3Fnb12XElG","node":{"__id__":1},"btn_login":{"__id__":12},"btn_close":{"__id__":5},"input_count":{"__id__":7},"input_pwd":{"__id__":9}},{"__type__":"65cce0XyaZCE79saRqYVWic","node":{"__id__":1}}],"_prefab":{"__type__":"cc.PrefabInfo","root":{"__id__":1},"fileId":"84f0f+JfDxEjbWXTO94ObkQ"}},{"__type__":"cc.Node","_name":"mask","_opacity":90,"_color":{"__type__":"cc.Color"},"_parent":{"__id__":1},"_contentSize":{"__type__":"cc.Size","width":1334,"height":750},"_components":[{"__type__":"cc.Sprite","node":{"__id__":2},"_spriteFrame":{"__uuid__":"a23235d1-15db-4b95-8439-a2e005bfff91"},"_sizeMode":0}],"_prefab":{"__type__":"cc.PrefabInfo","root":{"__id__":1},"fileId":"239cbIn/X9FzpKcYX/aK19n"}},{"__type__":"cc.Node","_name":"content","_parent":{"__id__":1},"_contentSize":{"__type__":"cc.Size","width":572,"height":382},"_children":[{"__id__":4},{"__id__":6},{"__id__":8},{"__id__":10}],"_components":[{"__type__":"cc.Sprite","node":{"__id__":3},"_spriteFrame":{"__uuid__":"be4051c9-d609-41ba-a015-232119a444fc"}}],"_prefab":{"__type__":"cc.PrefabInfo","root":{"__id__":1},"fileId":"7da597q3BlKzqe+l2GiRrpG"}},{"__type__":"cc.Node","_name":"bt_close","_parent":{"__id__":3},"_contentSize":{"__type__":"cc.Size","width":77,"height":77},"_position":{"__type__":"cc.Vec2","x":250,"y":175},"_components":[{"__type__":"cc.Sprite","node":{"__id__":4},"_spriteFrame":{"__uuid__":"db794eec-3040-4fc6-a109-0cf96d5638f1"}},{"__id__":5}],"_prefab":{"__type__":"cc.PrefabInfo","root":{"__id__":1},"fileId":"3f450fJHUJBVqpk3BScWZc9"}},{"__type__":"cc.Button","node":{"__id__":4},"transition":3,"_N$target":{"__id__":4}},{"__type__":"cc.Node","_name":"input_account","_parent":{"__id__":3},"_anchorPoint":{"__type__":"cc.Vec2","y":0.5},"_contentSize":{"__type__":"cc.Size","width":343,"height":49},"_position":{"__type__":"cc.Vec2","x":-130,"y":56},"_components":[{"__id__":7}],"_prefab":{"__type__":"cc.PrefabInfo","root":{"__id__":1},"fileId":"3fcf2th1NRCHouFsd3i8KAN"}},{"__type__":"cc.EditBox","node":{"__id__":6},"_useOriginalSize":false,"_N$inputMode":2,"_N$fontSize":29,"_N$fontColor":{"__type__":"cc.Color"},"_N$placeholder":"","_N$maxLength":10},{"__type__":"cc.Node","_name":"input_psw","_parent":{"__id__":3},"_anchorPoint":{"__type__":"cc.Vec2","y":0.5},"_contentSize":{"__type__":"cc.Size","width":343,"height":49},"_position":{"__type__":"cc.Vec2","x":-130,"y":-36},"_components":[{"__id__":9}],"_prefab":{"__type__":"cc.PrefabInfo","root":{"__id__":1},"fileId":"d46e226PDZGj6dwxbHO8p/L"}},{"__type__":"cc.EditBox","node":{"__id__":8},"_useOriginalSize":false,"_N$inputFlag":0,"_N$inputMode":6,"_N$fontSize":29,"_N$fontColor":{"__type__":"cc.Color"},"_N$placeholder":"","_N$maxLength":16},{"__type__":"cc.Node","_name":"bt_login","_parent":{"__id__":3},"_contentSize":{"__type__":"cc.Size","width":214,"height":70},"_children":[{"__id__":11}],"_position":{"__type__":"cc.Vec2","y":-120},"_components":[{"__type__":"cc.Sprite","node":{"__id__":10},"_spriteFrame":{"__uuid__":"8eff65ab-3b96-4cab-9937-cf4bc7f11a63"}},{"__id__":12}],"_prefab":{"__type__":"cc.PrefabInfo","root":{"__id__":1},"fileId":"b94b0fjUAJOIq5EjjY8eQgp"}},{"__type__":"cc.Node","_name":"login1","_parent":{"__id__":10},"_contentSize":{"__type__":"cc.Size","width":110,"height":48},"_position":{"__type__":"cc.Vec2","y":1},"_components":[{"__type__":"cc.Sprite","node":{"__id__":11},"_spriteFrame":{"__uuid__":"47d3515a-0d74-44ba-96a3-0992fa6e8d45"}}],"_prefab":{"__type__":"cc.PrefabInfo","root":{"__id__":1},"fileId":"a43cdaaWu9EprY3hb2dhy7X"}},{"__type__":"cc.Button","node":{"__id__":10},"transition":3,"_N$target":{"__id__":10}}]