{"__type__":"cc.SpriteAtlas","_name":"emoji.plist","_spriteFrames":{"emoji1":{"__uuid__":"d8fb07b4-4b8c-4edc-9ce4-8061ba49fdee"},"emoji10":{"__uuid__":"fedf231e-55de-4f12-bb48-425a9c172f41"},"emoji11":{"__uuid__":"62d3bf5c-300e-40be-967e-cde843fe116f"},"emoji12":{"__uuid__":"fe050a29-6622-4fa0-b194-184203ccc223"},"emoji13":{"__uuid__":"20bb3925-bab5-48de-9f87-ad4f87331cb1"},"emoji14":{"__uuid__":"79440222-e62d-49ac-a63c-d8148cf1e377"},"emoji15":{"__uuid__":"9888801a-9022-4528-8409-4002fa3d7d53"},"emoji16":{"__uuid__":"322a44b6-5755-4d83-8cea-c5734256bf39"},"emoji17":{"__uuid__":"2fa15c06-1238-4d72-bc59-4ca10eb90a42"},"emoji18":{"__uuid__":"40254101-4c32-470a-bf14-01b21abb3f06"},"emoji19":{"__uuid__":"7a11b7f9-8423-48fa-a378-153a5315990b"},"emoji2":{"__uuid__":"047d8aeb-3886-4ce5-a9e9-a1061d7475aa"},"emoji20":{"__uuid__":"17383aad-58af-487f-804d-7ac8eeaa4b02"},"emoji21":{"__uuid__":"8062d957-550e-4748-9c09-6695aa297207"},"emoji22":{"__uuid__":"f3e7e9be-aeee-4ad1-9fa8-f66c0d789873"},"emoji23":{"__uuid__":"90b7883f-5fce-4936-8e83-c1e5ff85885e"},"emoji24":{"__uuid__":"01855af0-f72c-419e-bd8b-c9023fc5ff50"},"emoji25":{"__uuid__":"38bcc974-6bf3-47d9-ab1c-66ffb5b5a279"},"emoji26":{"__uuid__":"4c80f1ae-de66-47bf-8030-7fedbbd45d70"},"emoji27":{"__uuid__":"901a03d3-a8d8-488e-a98c-13267569e677"},"emoji3":{"__uuid__":"e0da9bab-8d3a-42f3-9445-c8644be3ca7a"},"emoji4":{"__uuid__":"51b343b4-0cb9-4637-b251-18270a6b27cb"},"emoji5":{"__uuid__":"d0098b6d-30d5-42f2-bee8-7568112de7a9"},"emoji6":{"__uuid__":"0aaad37a-4f73-4979-85ef-30e121c335d6"},"emoji7":{"__uuid__":"8c5ac7c0-0dc3-428a-a408-b102d87c5bcd"},"emoji8":{"__uuid__":"8bb00fb0-9f84-43a9-bc30-7996080f4eb5"},"emoji9":{"__uuid__":"d5c4f29a-1f8a-423d-ae4a-c738ba514bf8"}}}