[{"__type__":"cc.Prefab","_name":"HuCard","data":{"__id__":1}},{"__type__":"cc.Node","_name":"hucard","_contentSize":{"__type__":"cc.Size","width":200,"height":150},"_children":[{"__id__":2},{"__id__":4},{"__id__":5},{"__id__":6}],"_components":[{"__type__":"cc.Sprite","node":{"__id__":1},"_spriteFrame":{"__uuid__":"a2c6e089-48fd-468b-b4bd-f42f9cafc566"},"_type":1,"_sizeMode":0},{"__type__":"cc.Layout","node":{"__id__":1},"_layoutSize":{"__type__":"cc.Size","width":200,"height":150}}],"_prefab":{"__type__":"cc.PrefabInfo","root":{"__id__":1},"fileId":"735384t7DxOWJlBbGFZozCD"}},{"__type__":"cc.Node","_name":"card","_parent":{"__id__":1},"_contentSize":{"__type__":"cc.Size","width":87,"height":122},"_children":[{"__id__":3}],"_position":{"__type__":"cc.Vec2","x":-40},"_components":[{"__type__":"cc.Sprite","node":{"__id__":2},"_spriteFrame":{"__uuid__":"c1f7f4a5-9c2c-4e48-b0a5-325553ab26b5"},"_sizeMode":0}],"_prefab":{"__type__":"cc.PrefabInfo","root":{"__id__":1},"fileId":"ca047/lPyRFfbwjEIp1wvdQ"}},{"__type__":"cc.Node","_name":"content","_parent":{"__id__":2},"_contentSize":{"__type__":"cc.Size","width":46,"height":74},"_scaleX":1.2,"_scaleY":1.1,"_position":{"__type__":"cc.Vec2","y":-6},"_components":[{"__type__":"cc.Sprite","node":{"__id__":3},"_spriteFrame":{"__uuid__":"dcd91a66-1c16-4f37-b260-89fd2d757133"}}],"_prefab":{"__type__":"cc.PrefabInfo","root":{"__id__":1},"fileId":"aa585Ki3+xPpq8AtM2W/Qov"}},{"__type__":"cc.Node","_name":"l1","_color":{"__type__":"cc.Color","r":70,"g":63,"b":63},"_parent":{"__id__":1},"_contentSize":{"__type__":"cc.Size","width":30,"height":40},"_position":{"__type__":"cc.Vec2","x":20},"_components":[{"__type__":"cc.Label","node":{"__id__":4},"_useOriginalSize":false,"_actualFontSize":30,"_fontSize":30,"_N$string":"剩","_N$horizontalAlign":1,"_N$verticalAlign":1}],"_prefab":{"__type__":"cc.PrefabInfo","root":{"__id__":1},"fileId":"c9e7f/Nsx1IH5FNphbhTLTo"}},{"__type__":"cc.Node","_name":"lb_count","_color":{"__type__":"cc.Color","r":143,"g":24,"b":24},"_parent":{"__id__":1},"_contentSize":{"__type__":"cc.Size","width":17,"height":40},"_position":{"__type__":"cc.Vec2","x":45},"_components":[{"__type__":"cc.Label","node":{"__id__":5},"_useOriginalSize":false,"_actualFontSize":30,"_fontSize":30,"_N$string":"4","_N$horizontalAlign":1,"_N$verticalAlign":1}],"_prefab":{"__type__":"cc.PrefabInfo","root":{"__id__":1},"fileId":"95656FEmPdMXbbXwBcMxbvC"}},{"__type__":"cc.Node","_name":"l2","_color":{"__type__":"cc.Color","r":70,"g":63,"b":63},"_parent":{"__id__":1},"_contentSize":{"__type__":"cc.Size","width":30,"height":40},"_position":{"__type__":"cc.Vec2","x":70},"_components":[{"__type__":"cc.Label","node":{"__id__":6},"_useOriginalSize":false,"_actualFontSize":30,"_fontSize":30,"_N$string":"张","_N$horizontalAlign":1,"_N$verticalAlign":1}],"_prefab":{"__type__":"cc.PrefabInfo","root":{"__id__":1},"fileId":"22a0eOVqnZB94pt4RSwEmUU"}}]