[{"__type__":"cc.SceneAsset","_name":"New Scene","scene":{"__id__":1},"asyncLoadAssets":false},{"__type__":"cc.Scene","_anchorPoint":{"__type__":"cc.Vec2"},"_children":[{"__id__":2},{"__id__":9}],"autoReleaseAssets":false},{"__type__":"cc.Node","_name":"ReviewPanel","_parent":{"__id__":1},"_contentSize":{"__type__":"cc.Size","width":1200,"height":700},"_children":[{"__id__":3},{"__id__":5},{"__id__":6}],"_position":{"__type__":"cc.Vec2","x":667,"y":375},"_id":"63126eQgfdP9Lbkbz3qXdPw","_components":[{"__type__":"cc.Sprite","node":{"__id__":2},"_spriteFrame":{"__uuid__":"71cc6b7e-6b37-460e-841f-4fb85a45caa1"},"_type":1,"_sizeMode":0}],"_prefab":{"__type__":"cc.PrefabInfo","root":{"__id__":2},"fileId":"63126eQgfdP9Lbkbz3qXdPw"}},{"__type__":"cc.Node","_name":"title","_parent":{"__id__":2},"_contentSize":{"__type__":"cc.Size","width":552,"height":100},"_children":[{"__id__":4}],"_position":{"__type__":"cc.Vec2","y":290},"_components":[{"__type__":"cc.Sprite","node":{"__id__":3},"_spriteFrame":{"__uuid__":"dcc0b59f-99d4-4a4e-b51b-5126b7aea7f3"}}],"_prefab":{"__type__":"cc.PrefabInfo","root":{"__id__":2},"fileId":"719d7OgJalNwYAfy3ip7BSx"}},{"__type__":"cc.Node","_name":"content","_parent":{"__id__":3},"_contentSize":{"__type__":"cc.Size","width":227,"height":56},"_components":[{"__type__":"cc.Sprite","node":{"__id__":4},"_spriteFrame":{"__uuid__":"a8d39844-9d19-4b87-baad-db2cdde4e84f"}}],"_prefab":{"__type__":"cc.PrefabInfo","root":{"__id__":2},"fileId":"fc3fa+kgp9Mt6LJAVIzcz29"}},{"__type__":"cc.Node","_name":"bt_close","_parent":{"__id__":2},"_contentSize":{"__type__":"cc.Size","width":77,"height":77},"_position":{"__type__":"cc.Vec2","x":500,"y":300},"_components":[{"__type__":"cc.Sprite","node":{"__id__":5},"_spriteFrame":{"__uuid__":"db794eec-3040-4fc6-a109-0cf96d5638f1"}},{"__type__":"cc.Button","node":{"__id__":5},"transition":3,"_N$target":{"__id__":5}}],"_prefab":{"__type__":"cc.PrefabInfo","root":{"__id__":2},"fileId":"8ead4G7JYRFYoDHNkcRT2Jj"}},{"__type__":"cc.Node","_name":"sc_view","_color":{"__type__":"cc.Color","r":184,"g":184,"b":184},"_parent":{"__id__":2},"_contentSize":{"__type__":"cc.Size","width":1200,"height":500},"_children":[{"__id__":7}],"_position":{"__type__":"cc.Vec2","y":-50},"_components":[{"__type__":"cc.Sprite","node":{"__id__":6},"_type":1,"_sizeMode":0},{"__type__":"cc.ScrollView","node":{"__id__":6},"content":{"__id__":8},"horizontal":false,"brake":0.75,"bounceDuration":0.23,"_N$horizontalScrollBar":null,"_N$verticalScrollBar":null}],"_prefab":{"__type__":"cc.PrefabInfo","root":{"__id__":2},"fileId":"0cd551dE+pNiqDaGONcw/WR"}},{"__type__":"cc.Node","_name":"view","_parent":{"__id__":6},"_contentSize":{"__type__":"cc.Size","width":1200,"height":500},"_children":[{"__id__":8}],"_components":[{"__type__":"cc.Mask","node":{"__id__":7}}],"_prefab":{"__type__":"cc.PrefabInfo","root":{"__id__":2},"fileId":"af4c66oDZtHaJoSQbfuT2mq"}},{"__type__":"cc.Node","_name":"content","_parent":{"__id__":7},"_anchorPoint":{"__type__":"cc.Vec2","x":0.5,"y":1},"_contentSize":{"__type__":"cc.Size","width":1200,"height":830},"_position":{"__type__":"cc.Vec2","y":250},"_components":[{"__type__":"cc.Layout","node":{"__id__":8},"_layoutSize":{"__type__":"cc.Size","width":1200,"height":830},"_resize":1,"_N$layoutType":2,"_N$spacingY":20}],"_prefab":{"__type__":"cc.PrefabInfo","root":{"__id__":2},"fileId":"ca945paSD9Lh4u07R0PY8hz"}},{"__type__":"cc.Node","_name":"New Canvas","_parent":{"__id__":1},"_contentSize":{"__type__":"cc.Size","width":1334,"height":750},"_children":[{"__id__":10},{"__id__":11}],"_position":{"__type__":"cc.Vec2","x":667,"y":375},"_id":"353f4OAxGtJB7xpPqk4c/Hy","_components":[{"__type__":"cc.Canvas","node":{"__id__":9},"_designResolution":{"__type__":"cc.Size","width":1334,"height":750},"_fitWidth":true}]},{"__type__":"cc.Node","_name":"bg3","_parent":{"__id__":9},"_contentSize":{"__type__":"cc.Size","width":1334,"height":750},"_components":[{"__type__":"cc.Sprite","node":{"__id__":10},"_spriteFrame":{"__uuid__":"69c8f62e-ae2f-49b9-ba94-0954cabf94f3"}}]},{"__type__":"cc.Node","_name":"VoiceRecord","_parent":{"__id__":9},"_contentSize":{"__type__":"cc.Size","width":236,"height":236},"_children":[{"__id__":12}],"_components":[{"__type__":"29a1aItk89Fw7H3zYaP4PVa","node":{"__id__":11},"m_img":{"__id__":13},"m_view":{"__id__":12}}],"_prefab":{"__type__":"cc.PrefabInfo","root":{"__id__":11},"fileId":"bc0ffbMLkJOYJwPOcENOI6d"}},{"__type__":"cc.Node","_name":"view","_parent":{"__id__":11},"_children":[{"__id__":13},{"__id__":14}],"_prefab":{"__type__":"cc.PrefabInfo","root":{"__id__":11},"fileId":"5107fcB9PNP371+Nym80OK6"}},{"__type__":"cc.Node","_name":"m_img","_parent":{"__id__":12},"_contentSize":{"__type__":"cc.Size","width":236,"height":236},"_components":[{"__type__":"cc.Sprite","node":{"__id__":13},"_spriteFrame":{"__uuid__":"a12abd52-49d1-4ddf-ab1b-c3b3aba8c5dc"}}],"_prefab":{"__type__":"cc.PrefabInfo","root":{"__id__":11},"fileId":"df03ciOWTdI9LiBpcDxWSZ0"}},{"__type__":"cc.Node","_name":"lb_time","_parent":{"__id__":12},"_contentSize":{"__type__":"cc.Size","width":50.05,"height":20},"_position":{"__type__":"cc.Vec2","y":-48},"_components":[{"__type__":"cc.Label","node":{"__id__":14},"_enabled":false,"_useOriginalSize":false,"_actualFontSize":20,"_fontSize":20,"_lineHeight":20,"_N$string":"00:00","_N$horizontalAlign":1,"_N$verticalAlign":1}],"_prefab":{"__type__":"cc.PrefabInfo","root":{"__id__":11},"fileId":"f7ed6ZtqylPDqiU+3/gpqlB"}}]