{"__type__":"cc.BitmapFont","_name":"shuzi","fntDataStr":"info face=\"LcdD\" size=50 bold=0 italic=0 charset=\"\" unicode=0 stretchH=100 smooth=1 aa=1 padding=0,0,0,-3 spacing=0,0\r\ncommon lineHeight=61 base=52 scaleW=512 scaleH=64 pages=1 packed=0\r\npage id=0 file=\"shuzi.png\"\r\nchars count=10\r\nchar id=32   x=0     y=0     width=0     height=0     xoffset=0     yoffset=52    xadvance=10     page=0  chnl=0 \r\nchar id=55   x=0     y=0     width=20     height=36     xoffset=5     yoffset=18    xadvance=17     page=0  chnl=0 \r\nchar id=52   x=20     y=0     width=23     height=36     xoffset=5     yoffset=18    xadvance=20     page=0  chnl=0 \r\nchar id=49   x=43     y=0     width=11     height=36     xoffset=6     yoffset=18    xadvance=11     page=0  chnl=0 \r\nchar id=57   x=54     y=0     width=22     height=35     xoffset=4     yoffset=18    xadvance=21     page=0  chnl=0 \r\nchar id=56   x=76     y=0     width=23     height=35     xoffset=4     yoffset=18    xadvance=22     page=0  chnl=0 \r\nchar id=54   x=99     y=0     width=21     height=35     xoffset=4     yoffset=18    xadvance=21     page=0  chnl=0 \r\nchar id=53   x=120     y=0     width=20     height=35     xoffset=4     yoffset=18    xadvance=20     page=0  chnl=0 \r\nchar id=51   x=140     y=0     width=24     height=35     xoffset=1     yoffset=18    xadvance=18     page=0  chnl=0 \r\nchar id=50   x=164     y=0     width=25     height=35     xoffset=2     yoffset=18    xadvance=20     page=0  chnl=0 \r\nchar id=48   x=189     y=0     width=25     height=35     xoffset=3     yoffset=18    xadvance=22     page=0  chnl=0 \r\n","spriteFrame":{"__uuid__":"b521fb35-23a7-4936-96e5-52ed473e3eb0"},"fontSize":50}