[{"__type__":"cc.Prefab","_name":"RightChatInfo","data":{"__id__":1}},{"__type__":"cc.Node","_name":"RightChatInfo","_anchorPoint":{"__type__":"cc.Vec2","x":1,"y":1},"_contentSize":{"__type__":"cc.Size","width":165.81,"height":76},"_children":[{"__id__":2},{"__id__":3}],"_components":[{"__type__":"cc.Sprite","node":{"__id__":1},"_spriteFrame":{"__uuid__":"ea666fb5-0406-4727-a4e6-451e86e2b416"},"_type":1,"_sizeMode":0},{"__type__":"cc.Layout","node":{"__id__":1},"_layoutSize":{"__type__":"cc.Size","width":165.81,"height":76},"_resize":1,"_N$layoutType":1,"_N$paddingLeft":30,"_N$paddingRight":30}],"_prefab":{"__type__":"cc.PrefabInfo","root":{"__id__":1},"fileId":"cc705M1WnJG94eHPpQ3sNJ/"}},{"__type__":"cc.Node","_name":"text","_color":{"__type__":"cc.Color","r":172,"g":91,"b":56},"_parent":{"__id__":1},"_contentSize":{"__type__":"cc.Size","width":105.81,"height":28},"_position":{"__type__":"cc.Vec2","x":-82.905,"y":-40},"_components":[{"__type__":"cc.Label","node":{"__id__":2},"_useOriginalSize":false,"_actualFontSize":28,"_fontSize":28,"_lineHeight":28,"_N$string":"erewewr","_N$horizontalAlign":1,"_N$verticalAlign":1}],"_prefab":{"__type__":"cc.PrefabInfo","root":{"__id__":1},"fileId":"f45b3R2TzdIRaHIYxk+jLTO"}},{"__type__":"cc.Node","_name":"sp_voice","_parent":{"__id__":1},"_contentSize":{"__type__":"cc.Size","width":23,"height":36},"_position":{"__type__":"cc.Vec2","x":-41.5,"y":-40},"_active":false,"_components":[{"__type__":"cc.Sprite","node":{"__id__":3},"_spriteFrame":{"__uuid__":"7923235d-10e8-48b9-af2b-08f8d8f1edfd"}}],"_prefab":{"__type__":"cc.PrefabInfo","root":{"__id__":1},"fileId":"fb8b27AI9dKa54LCSK6XiUB"}}]