[{"__type__":"cc.Prefab","_name":"GameRecordItem","data":{"__id__":1}},{"__type__":"cc.Node","_name":"GameRecordItem","_contentSize":{"__type__":"cc.Size","width":1215,"height":190},"_children":[{"__id__":2},{"__id__":16}],"_components":[{"__type__":"cc.Sprite","node":{"__id__":1},"_spriteFrame":{"__uuid__":"dd4b8d37-1d1f-4a8c-8b7d-6ac27edf082d"},"_type":1,"_sizeMode":0},{"__type__":"cc.Layout","node":{"__id__":1},"_layoutSize":{"__type__":"cc.Size","width":1215,"height":190},"_resize":1,"_N$layoutType":1,"_N$paddingLeft":30,"_N$paddingRight":30,"_N$paddingTop":30,"_N$paddingBottom":30,"_N$spacingY":20},{"__type__":"be525pXy2pFdpuocPBzGYzy","node":{"__id__":1}}],"_prefab":{"__type__":"cc.PrefabInfo","root":{"__id__":1},"fileId":"7eb58LGFJtGOLxYUj8pIy7n"}},{"__type__":"cc.Node","_name":"info","_color":{"__type__":"cc.Color","r":167,"g":167,"b":167},"_parent":{"__id__":1},"_contentSize":{"__type__":"cc.Size","width":1080,"height":130},"_children":[{"__id__":3},{"__id__":6},{"__id__":11}],"_position":{"__type__":"cc.Vec2","x":-37.5},"_components":[{"__type__":"cc.Sprite","node":{"__id__":2},"_type":1,"_sizeMode":0},{"__type__":"cc.Layout","node":{"__id__":2},"_layoutSize":{"__type__":"cc.Size","width":1080,"height":130},"_resize":1,"_N$layoutType":2,"_N$spacingY":20}],"_prefab":{"__type__":"cc.PrefabInfo","root":{"__id__":1},"fileId":"bca84lhiq9A3qC4JGhQzaFZ"}},{"__type__":"cc.Node","_name":"g1","_parent":{"__id__":2},"_contentSize":{"__type__":"cc.Size","width":1060,"height":30},"_children":[{"__id__":4},{"__id__":5}],"_position":{"__type__":"cc.Vec2","y":50},"_components":[{"__type__":"cc.Sprite","node":{"__id__":3},"_type":1,"_sizeMode":0},{"__type__":"cc.Layout","node":{"__id__":3},"_layoutSize":{"__type__":"cc.Size","width":1060,"height":30},"_resize":1,"_N$layoutType":1,"_N$spacingX":10}],"_prefab":{"__type__":"cc.PrefabInfo","root":{"__id__":1},"fileId":"08733iOp0lFXphU7u+hbdyG"}},{"__type__":"cc.Node","_name":"lb_1","_color":{"__type__":"cc.Color","r":158,"g":81,"b":14},"_parent":{"__id__":3},"_contentSize":{"__type__":"cc.Size","width":530,"height":30},"_position":{"__type__":"cc.Vec2","x":-265},"_components":[{"__type__":"cc.Label","node":{"__id__":4},"_useOriginalSize":false,"_actualFontSize":30,"_fontSize":30,"_lineHeight":30,"_N$string":"房间号：1000001","_N$verticalAlign":1,"_N$overflow":1}],"_prefab":{"__type__":"cc.PrefabInfo","root":{"__id__":1},"fileId":"d15ffGN/lhOeoVvHww4/6xe"}},{"__type__":"cc.Node","_name":"lb_2","_color":{"__type__":"cc.Color","r":158,"g":81,"b":14},"_parent":{"__id__":3},"_contentSize":{"__type__":"cc.Size","width":520,"height":30},"_position":{"__type__":"cc.Vec2","x":270},"_components":[{"__type__":"cc.Label","node":{"__id__":5},"_useOriginalSize":false,"_actualFontSize":30,"_fontSize":30,"_lineHeight":30,"_N$string":"时间：2016-01-02 22:00:00","_N$verticalAlign":1,"_N$overflow":1}],"_prefab":{"__type__":"cc.PrefabInfo","root":{"__id__":1},"fileId":"92d0fyHw7hCWbVLTfcoqbyW"}},{"__type__":"cc.Node","_name":"g2","_parent":{"__id__":2},"_contentSize":{"__type__":"cc.Size","width":1060,"height":30},"_children":[{"__id__":7},{"__id__":8},{"__id__":9},{"__id__":10}],"_components":[{"__type__":"cc.Sprite","node":{"__id__":6},"_type":1,"_sizeMode":0},{"__type__":"cc.Layout","node":{"__id__":6},"_layoutSize":{"__type__":"cc.Size","width":1060,"height":30},"_resize":1,"_N$layoutType":1,"_N$spacingX":20}],"_prefab":{"__type__":"cc.PrefabInfo","root":{"__id__":1},"fileId":"e0dcfb0eMBP3IFdiKwzwtdB"}},{"__type__":"cc.Node","_name":"lb_1","_color":{"__type__":"cc.Color","r":158,"g":81,"b":14},"_parent":{"__id__":6},"_contentSize":{"__type__":"cc.Size","width":300,"height":30},"_position":{"__type__":"cc.Vec2","x":-380},"_components":[{"__type__":"cc.Label","node":{"__id__":7},"_useOriginalSize":false,"_actualFontSize":26,"_fontSize":26,"_lineHeight":26,"_enableWrapText":false,"_N$string":"玩家：1","_N$verticalAlign":1,"_N$overflow":1}],"_prefab":{"__type__":"cc.PrefabInfo","root":{"__id__":1},"fileId":"c3cbf0qiZZDh4iY4XoaJevD"}},{"__type__":"cc.Node","_name":"lb_2","_color":{"__type__":"cc.Color","r":158,"g":81,"b":14},"_parent":{"__id__":6},"_contentSize":{"__type__":"cc.Size","width":200,"height":30},"_position":{"__type__":"cc.Vec2","x":-110},"_components":[{"__type__":"cc.Label","node":{"__id__":8},"_useOriginalSize":false,"_actualFontSize":26,"_fontSize":26,"_lineHeight":26,"_N$string":"分数：-100","_N$verticalAlign":1,"_N$overflow":1}],"_prefab":{"__type__":"cc.PrefabInfo","root":{"__id__":1},"fileId":"e93f4UggKJOLax/suGQ9TQb"}},{"__type__":"cc.Node","_name":"lb_3","_color":{"__type__":"cc.Color","r":158,"g":81,"b":14},"_parent":{"__id__":6},"_contentSize":{"__type__":"cc.Size","width":300,"height":30},"_position":{"__type__":"cc.Vec2","x":160},"_components":[{"__type__":"cc.Label","node":{"__id__":9},"_useOriginalSize":false,"_actualFontSize":26,"_fontSize":26,"_lineHeight":26,"_enableWrapText":false,"_N$string":"玩家：33333","_N$verticalAlign":1,"_N$overflow":1}],"_prefab":{"__type__":"cc.PrefabInfo","root":{"__id__":1},"fileId":"44111nwIy9MBJRsJmPnDGLA"}},{"__type__":"cc.Node","_name":"lb_4","_color":{"__type__":"cc.Color","r":158,"g":81,"b":14},"_parent":{"__id__":6},"_contentSize":{"__type__":"cc.Size","width":200,"height":30},"_position":{"__type__":"cc.Vec2","x":430},"_components":[{"__type__":"cc.Label","node":{"__id__":10},"_useOriginalSize":false,"_actualFontSize":26,"_fontSize":26,"_lineHeight":26,"_N$string":"分数：-20","_N$verticalAlign":1,"_N$overflow":1}],"_prefab":{"__type__":"cc.PrefabInfo","root":{"__id__":1},"fileId":"82d71lEqmtPtauAughB0Ptx"}},{"__type__":"cc.Node","_name":"g3","_parent":{"__id__":2},"_contentSize":{"__type__":"cc.Size","width":1060,"height":30},"_children":[{"__id__":12},{"__id__":13},{"__id__":14},{"__id__":15}],"_position":{"__type__":"cc.Vec2","y":-50},"_components":[{"__type__":"cc.Sprite","node":{"__id__":11},"_type":1,"_sizeMode":0},{"__type__":"cc.Layout","node":{"__id__":11},"_layoutSize":{"__type__":"cc.Size","width":1060,"height":30},"_resize":1,"_N$layoutType":1,"_N$spacingX":20}],"_prefab":{"__type__":"cc.PrefabInfo","root":{"__id__":1},"fileId":"d9f0ajbmMNGhpIXS1NtVIWm"}},{"__type__":"cc.Node","_name":"lb_1","_color":{"__type__":"cc.Color","r":158,"g":81,"b":14},"_parent":{"__id__":11},"_contentSize":{"__type__":"cc.Size","width":300,"height":30},"_position":{"__type__":"cc.Vec2","x":-380},"_components":[{"__type__":"cc.Label","node":{"__id__":12},"_useOriginalSize":false,"_actualFontSize":26,"_fontSize":26,"_lineHeight":26,"_enableWrapText":false,"_N$string":"玩家：1","_N$verticalAlign":1,"_N$overflow":1}],"_prefab":{"__type__":"cc.PrefabInfo","root":{"__id__":1},"fileId":"fd2c3a/8nBMFJ4gwkxHRi/d"}},{"__type__":"cc.Node","_name":"lb_2","_color":{"__type__":"cc.Color","r":158,"g":81,"b":14},"_parent":{"__id__":11},"_contentSize":{"__type__":"cc.Size","width":200,"height":30},"_position":{"__type__":"cc.Vec2","x":-110},"_components":[{"__type__":"cc.Label","node":{"__id__":13},"_useOriginalSize":false,"_actualFontSize":26,"_fontSize":26,"_lineHeight":26,"_N$string":"分数：-100","_N$verticalAlign":1,"_N$overflow":1}],"_prefab":{"__type__":"cc.PrefabInfo","root":{"__id__":1},"fileId":"4793bs3pbpIu7bVT0cwK2HT"}},{"__type__":"cc.Node","_name":"lb_3","_color":{"__type__":"cc.Color","r":158,"g":81,"b":14},"_parent":{"__id__":11},"_contentSize":{"__type__":"cc.Size","width":300,"height":30},"_position":{"__type__":"cc.Vec2","x":160},"_components":[{"__type__":"cc.Label","node":{"__id__":14},"_useOriginalSize":false,"_actualFontSize":26,"_fontSize":26,"_lineHeight":26,"_enableWrapText":false,"_N$string":"玩家：33333","_N$verticalAlign":1,"_N$overflow":1}],"_prefab":{"__type__":"cc.PrefabInfo","root":{"__id__":1},"fileId":"0d38c0JbCRD+rXiRZhk7u6Q"}},{"__type__":"cc.Node","_name":"lb_4","_color":{"__type__":"cc.Color","r":158,"g":81,"b":14},"_parent":{"__id__":11},"_contentSize":{"__type__":"cc.Size","width":200,"height":30},"_position":{"__type__":"cc.Vec2","x":430},"_components":[{"__type__":"cc.Label","node":{"__id__":15},"_useOriginalSize":false,"_actualFontSize":26,"_fontSize":26,"_lineHeight":26,"_N$string":"分数：-20","_N$verticalAlign":1,"_N$overflow":1}],"_prefab":{"__type__":"cc.PrefabInfo","root":{"__id__":1},"fileId":"7b31eX9oZpGcZs5kM+lq/vx"}},{"__type__":"cc.Node","_name":"bt_play","_parent":{"__id__":1},"_contentSize":{"__type__":"cc.Size","width":75,"height":76},"_position":{"__type__":"cc.Vec2","x":540},"_components":[{"__type__":"cc.Sprite","node":{"__id__":16},"_spriteFrame":{"__uuid__":"c374cfb4-5d6e-4f7f-a82a-6def7c051890"}},{"__type__":"cc.Button","node":{"__id__":16},"transition":3,"_N$enableAutoGrayEffect":true,"_N$target":{"__id__":16}}],"_prefab":{"__type__":"cc.PrefabInfo","root":{"__id__":1},"fileId":"7fe10gztUVEF5LH4q93PFFH"}}]