[{"__type__":"cc.Prefab","_name":"PlayerInfoNode","data":{"__id__":1}},{"__type__":"cc.Node","_name":"PlayerInfoNode","_contentSize":{"__type__":"cc.Size","width":80,"height":80},"_children":[{"__id__":2},{"__id__":3},{"__id__":5},{"__id__":7},{"__id__":8},{"__id__":10},{"__id__":12},{"__id__":14},{"__id__":16},{"__id__":18},{"__id__":20}],"_position":{"__type__":"cc.Vec2","x":-590,"y":-200},"_components":[{"__type__":"58d3bE1cm9GFLip7szAqDlv","node":{"__id__":1},"lb_score":{"__id__":9},"lb_state":{"__id__":6},"sp_head":{"__id__":4},"lb_name":{"__id__":11},"sp_zhuang":{"__id__":21},"sp_ting":{"__id__":13},"sp_zimo":{"__id__":15},"sp_dianpao":{"__id__":19},"sp_chihu":{"__id__":17}}],"_prefab":{"__type__":"cc.PrefabInfo","root":{"__id__":1},"fileId":"91ef56JlOZNwZMCuKFfVnQj"}},{"__type__":"cc.Node","_name":"bg","_parent":{"__id__":1},"_contentSize":{"__type__":"cc.Size","width":80,"height":80},"_components":[{"__type__":"cc.Sprite","node":{"__id__":2},"_spriteFrame":{"__uuid__":"f57d3aef-dc46-455b-b6c4-101a0f0edfb2"},"_sizeMode":0}],"_prefab":{"__type__":"cc.PrefabInfo","root":{"__id__":1},"fileId":"7b22aDXizJLk7j+VWoW6YqD"}},{"__type__":"cc.Node","_name":"head","_parent":{"__id__":1},"_contentSize":{"__type__":"cc.Size","width":74,"height":74},"_components":[{"__id__":4}],"_prefab":{"__type__":"cc.PrefabInfo","root":{"__id__":1},"fileId":"17d4dmzPJFGtrTj5CMBokV4"}},{"__type__":"cc.Sprite","node":{"__id__":3},"_spriteFrame":{"__uuid__":"2f615101-d24a-4475-b59a-645cd35a745e"},"_sizeMode":0},{"__type__":"cc.Node","_name":"lb_state","_parent":{"__id__":1},"_contentSize":{"__type__":"cc.Size","width":60,"height":40},"_components":[{"__id__":6}],"_prefab":{"__type__":"cc.PrefabInfo","root":{"__id__":1},"fileId":"38e68WJxWdCH6G+GpNGxQi4"}},{"__type__":"cc.Label","node":{"__id__":5},"_useOriginalSize":false,"_actualFontSize":30,"_fontSize":30,"_N$string":"离线","_N$horizontalAlign":1,"_N$verticalAlign":1},{"__type__":"cc.Node","_name":"mask","_opacity":125,"_color":{"__type__":"cc.Color"},"_parent":{"__id__":1},"_contentSize":{"__type__":"cc.Size","width":76,"height":26},"_position":{"__type__":"cc.Vec2","y":-25},"_components":[{"__type__":"cc.Sprite","node":{"__id__":7},"_spriteFrame":{"__uuid__":"a23235d1-15db-4b95-8439-a2e005bfff91"},"_sizeMode":0}],"_prefab":{"__type__":"cc.PrefabInfo","root":{"__id__":1},"fileId":"8826adRQxRC65nIu5D1DGkK"}},{"__type__":"cc.Node","_name":"lb_score","_color":{"__type__":"cc.Color","r":233,"g":224,"b":12},"_parent":{"__id__":1},"_anchorPoint":{"__type__":"cc.Vec2","x":1,"y":0.5},"_contentSize":{"__type__":"cc.Size","width":23.12,"height":26},"_position":{"__type__":"cc.Vec2","x":35,"y":-26},"_components":[{"__id__":9}],"_prefab":{"__type__":"cc.PrefabInfo","root":{"__id__":1},"fileId":"aa22cfOQg5CGrj35rnKZSVo"}},{"__type__":"cc.Label","node":{"__id__":8},"_useOriginalSize":false,"_actualFontSize":26,"_fontSize":26,"_lineHeight":26,"_N$string":"-1","_N$verticalAlign":1},{"__type__":"cc.Node","_name":"lb_name","_parent":{"__id__":1},"_anchorPoint":{"__type__":"cc.Vec2","x":0.5,"y":1},"_contentSize":{"__type__":"cc.Size","width":140,"height":22},"_position":{"__type__":"cc.Vec2","y":-45},"_components":[{"__id__":11}],"_prefab":{"__type__":"cc.PrefabInfo","root":{"__id__":1},"fileId":"a0c65iJadFH45d3v7D29imA"}},{"__type__":"cc.Label","node":{"__id__":10},"_useOriginalSize":false,"_actualFontSize":22,"_fontSize":22,"_lineHeight":22,"_N$string":"","_N$horizontalAlign":1,"_N$verticalAlign":1,"_N$overflow":3},{"__type__":"cc.Node","_name":"sp_ting","_parent":{"__id__":1},"_anchorPoint":{"__type__":"cc.Vec2","x":0.5},"_contentSize":{"__type__":"cc.Size","width":95,"height":41},"_position":{"__type__":"cc.Vec2","y":40},"_active":false,"_components":[{"__id__":13}],"_prefab":{"__type__":"cc.PrefabInfo","root":{"__id__":1},"fileId":"0febaJJaxRGTrdX5mSV8wj2"}},{"__type__":"cc.Sprite","node":{"__id__":12},"_spriteFrame":{"__uuid__":"3e0d6bab-4c43-4be9-967d-2b854fa9a3ef"}},{"__type__":"cc.Node","_name":"sp_zimo","_parent":{"__id__":1},"_anchorPoint":{"__type__":"cc.Vec2","x":0.5},"_contentSize":{"__type__":"cc.Size","width":95,"height":41},"_position":{"__type__":"cc.Vec2","y":40},"_active":false,"_components":[{"__id__":15}],"_prefab":{"__type__":"cc.PrefabInfo","root":{"__id__":1},"fileId":"0febaJJaxRGTrdX5mSV8wj2"}},{"__type__":"cc.Sprite","node":{"__id__":14},"_spriteFrame":{"__uuid__":"d8db8f2f-6b5f-46ba-8fc4-5c7ddffaf1ff"}},{"__type__":"cc.Node","_name":"sp_chihu","_parent":{"__id__":1},"_anchorPoint":{"__type__":"cc.Vec2","x":0.5},"_contentSize":{"__type__":"cc.Size","width":95,"height":41},"_position":{"__type__":"cc.Vec2","y":40},"_active":false,"_components":[{"__id__":17}],"_prefab":{"__type__":"cc.PrefabInfo","root":{"__id__":1},"fileId":"0febaJJaxRGTrdX5mSV8wj2"}},{"__type__":"cc.Sprite","node":{"__id__":16},"_spriteFrame":{"__uuid__":"133fa96f-d3e8-46c5-aa92-d1776936f54d"}},{"__type__":"cc.Node","_name":"sp_dianpao","_parent":{"__id__":1},"_anchorPoint":{"__type__":"cc.Vec2","x":0.5},"_contentSize":{"__type__":"cc.Size","width":95,"height":41},"_position":{"__type__":"cc.Vec2","y":40},"_components":[{"__id__":19}],"_prefab":{"__type__":"cc.PrefabInfo","root":{"__id__":1},"fileId":"0febaJJaxRGTrdX5mSV8wj2"}},{"__type__":"cc.Sprite","node":{"__id__":18},"_spriteFrame":{"__uuid__":"242171dd-69ce-45c2-af61-8666de3d0f18"}},{"__type__":"cc.Node","_name":"sp_zhuang","_parent":{"__id__":1},"_contentSize":{"__type__":"cc.Size","width":40,"height":40},"_position":{"__type__":"cc.Vec2","x":40,"y":40},"_components":[{"__id__":21}],"_prefab":{"__type__":"cc.PrefabInfo","root":{"__id__":1},"fileId":"b6aafBHsGdPjLlOSOTkkBHW"}},{"__type__":"cc.Sprite","node":{"__id__":20},"_spriteFrame":{"__uuid__":"faa10d2d-cc52-4908-932b-df052246e512"},"_sizeMode":0}]