[{"__type__":"cc.Prefab","_name":"ChiCard","data":{"__id__":1}},{"__type__":"cc.Node","_name":"ChiCard","_color":{"__type__":"cc.Color","r":167,"g":167,"b":167},"_contentSize":{"__type__":"cc.Size","width":285,"height":130},"_children":[{"__id__":2},{"__id__":4},{"__id__":6},{"__id__":8}],"_components":[{"__type__":"cc.Sprite","node":{"__id__":1},"_spriteFrame":{"__uuid__":"2f615101-d24a-4475-b59a-645cd35a745e"},"_type":1,"_sizeMode":0},{"__type__":"cc.Layout","node":{"__id__":1},"_layoutSize":{"__type__":"cc.Size","width":285,"height":130},"_resize":1,"_N$layoutType":1,"_N$paddingLeft":10,"_N$paddingRight":10,"_N$spacingX":2}],"_prefab":{"__type__":"cc.PrefabInfo","root":{"__id__":1},"fileId":"885a497NMVPJ6+aIKjXJNJE"}},{"__type__":"cc.Node","_name":"card1","_parent":{"__id__":1},"_contentSize":{"__type__":"cc.Size","width":87,"height":122},"_children":[{"__id__":3}],"_position":{"__type__":"cc.Vec2","x":-89,"y":-2},"_components":[{"__type__":"cc.Sprite","node":{"__id__":2},"_spriteFrame":{"__uuid__":"c1f7f4a5-9c2c-4e48-b0a5-325553ab26b5"},"_sizeMode":0}],"_prefab":{"__type__":"cc.PrefabInfo","root":{"__id__":1},"fileId":"620a5vRYxtB+bacvv3XbbpX"}},{"__type__":"cc.Node","_name":"sp_card","_parent":{"__id__":2},"_contentSize":{"__type__":"cc.Size","width":46,"height":74},"_scaleX":1.2,"_scaleY":1.1,"_position":{"__type__":"cc.Vec2","y":-6},"_components":[{"__type__":"cc.Sprite","node":{"__id__":3},"_spriteFrame":{"__uuid__":"dcd91a66-1c16-4f37-b260-89fd2d757133"}}],"_prefab":{"__type__":"cc.PrefabInfo","root":{"__id__":1},"fileId":"785f1sCysxDKJp5NJnu7u1f"}},{"__type__":"cc.Node","_name":"card2","_parent":{"__id__":1},"_contentSize":{"__type__":"cc.Size","width":87,"height":122},"_children":[{"__id__":5}],"_position":{"__type__":"cc.Vec2","y":-2},"_components":[{"__type__":"cc.Sprite","node":{"__id__":4},"_spriteFrame":{"__uuid__":"c1f7f4a5-9c2c-4e48-b0a5-325553ab26b5"},"_sizeMode":0}],"_prefab":{"__type__":"cc.PrefabInfo","root":{"__id__":1},"fileId":"6353bb56URHG6NKD+TM0I1u"}},{"__type__":"cc.Node","_name":"sp_card","_parent":{"__id__":4},"_contentSize":{"__type__":"cc.Size","width":48,"height":74},"_scaleX":1.2,"_scaleY":1.1,"_position":{"__type__":"cc.Vec2","y":-6},"_components":[{"__type__":"cc.Sprite","node":{"__id__":5},"_spriteFrame":{"__uuid__":"7f522dc5-f02d-4003-b89c-87b3d34751d9"}}],"_prefab":{"__type__":"cc.PrefabInfo","root":{"__id__":1},"fileId":"19feewprShDWaYhZrdjEJzi"}},{"__type__":"cc.Node","_name":"card3","_parent":{"__id__":1},"_contentSize":{"__type__":"cc.Size","width":87,"height":122},"_children":[{"__id__":7}],"_position":{"__type__":"cc.Vec2","x":89,"y":-2},"_components":[{"__type__":"cc.Sprite","node":{"__id__":6},"_spriteFrame":{"__uuid__":"c1f7f4a5-9c2c-4e48-b0a5-325553ab26b5"},"_sizeMode":0}],"_prefab":{"__type__":"cc.PrefabInfo","root":{"__id__":1},"fileId":"a4b93lZCPxFMKtlwX1gYXg3"}},{"__type__":"cc.Node","_name":"sp_card","_parent":{"__id__":6},"_contentSize":{"__type__":"cc.Size","width":48,"height":76},"_scaleX":1.2,"_scaleY":1.1,"_position":{"__type__":"cc.Vec2","y":-6},"_components":[{"__type__":"cc.Sprite","node":{"__id__":7},"_spriteFrame":{"__uuid__":"14327fe8-7fce-4200-9ada-50b6852b77b1"}}],"_prefab":{"__type__":"cc.PrefabInfo","root":{"__id__":1},"fileId":"82e31qGXX1IlpcPb9MTwfxG"}},{"__type__":"cc.Node","_name":"card4","_parent":{"__id__":1},"_contentSize":{"__type__":"cc.Size","width":87,"height":122},"_children":[{"__id__":9}],"_position":{"__type__":"cc.Vec2","x":133.5,"y":-2},"_active":false,"_components":[{"__type__":"cc.Sprite","node":{"__id__":8},"_spriteFrame":{"__uuid__":"c1f7f4a5-9c2c-4e48-b0a5-325553ab26b5"},"_sizeMode":0}],"_prefab":{"__type__":"cc.PrefabInfo","root":{"__id__":1},"fileId":"a4b93lZCPxFMKtlwX1gYXg3"}},{"__type__":"cc.Node","_name":"sp_card","_parent":{"__id__":8},"_contentSize":{"__type__":"cc.Size","width":48,"height":76},"_scaleX":1.2,"_scaleY":1.1,"_position":{"__type__":"cc.Vec2","y":-6},"_components":[{"__type__":"cc.Sprite","node":{"__id__":9},"_spriteFrame":{"__uuid__":"14327fe8-7fce-4200-9ada-50b6852b77b1"}}],"_prefab":{"__type__":"cc.PrefabInfo","root":{"__id__":1},"fileId":"82e31qGXX1IlpcPb9MTwfxG"}}]