[{"__type__":"cc.SceneAsset","_name":"CreateRoomScene","scene":{"__id__":1},"asyncLoadAssets":false},{"__type__":"cc.Scene","_anchorPoint":{"__type__":"cc.Vec2"},"_children":[{"__id__":2}],"autoReleaseAssets":false},{"__type__":"cc.Node","_name":"Canvas","_parent":{"__id__":1},"_contentSize":{"__type__":"cc.Size","width":1334,"height":750},"_children":[{"__id__":3},{"__id__":5},{"__id__":7}],"_position":{"__type__":"cc.Vec2","x":667,"y":375},"_id":"6fa4bqmRVZOb62/gk8azALV","_components":[{"__type__":"cc.Canvas","node":{"__id__":2},"_designResolution":{"__type__":"cc.Size","width":1334,"height":750},"_fitWidth":true},{"__type__":"57f8eMiE1FAPoUSu0paFUic","node":{"__id__":2},"bt_create":{"__id__":5},"bt_join":{"__id__":3},"input_room":{"__id__":8}}]},{"__type__":"cc.Node","_name":"08","_parent":{"__id__":2},"_contentSize":{"__type__":"cc.Size","width":362,"height":87},"_children":[{"__id__":4}],"_components":[{"__type__":"cc.Sprite","node":{"__id__":3},"_spriteFrame":{"__uuid__":"1dd2536d-3723-4e17-9101-17f3cdcb14f8"}}]},{"__type__":"cc.Node","_name":"15","_parent":{"__id__":3},"_contentSize":{"__type__":"cc.Size","width":184,"height":49},"_components":[{"__type__":"cc.Sprite","node":{"__id__":4},"_spriteFrame":{"__uuid__":"bc6de002-d34e-4385-b0ea-c66694a2cce9"}}]},{"__type__":"cc.Node","_name":"17","_parent":{"__id__":2},"_contentSize":{"__type__":"cc.Size","width":362,"height":87},"_children":[{"__id__":6}],"_position":{"__type__":"cc.Vec2","y":-200},"_components":[{"__type__":"cc.Sprite","node":{"__id__":5},"_spriteFrame":{"__uuid__":"c4863863-af26-466e-8925-8584b65d661e"}}]},{"__type__":"cc.Node","_name":"18","_parent":{"__id__":5},"_contentSize":{"__type__":"cc.Size","width":185,"height":49},"_components":[{"__type__":"cc.Sprite","node":{"__id__":6},"_spriteFrame":{"__uuid__":"5fdc7357-a730-4c9e-aa46-63b8c58dd8aa"}}]},{"__type__":"cc.Node","_name":"input","_parent":{"__id__":2},"_contentSize":{"__type__":"cc.Size","width":400,"height":40},"_position":{"__type__":"cc.Vec2","y":100},"_components":[{"__id__":8}]},{"__type__":"cc.EditBox","node":{"__id__":7},"_useOriginalSize":false,"_N$backgroundImage":{"__uuid__":"67e68bc9-dad5-4ad9-a2d8-7e03d458e32f"},"_N$inputMode":6,"_N$fontSize":29,"_N$fontColor":{"__type__":"cc.Color"},"_N$maxLength":8}]