[{"__type__":"cc.Prefab","_name":"conversation","data":{"__id__":1}},{"__type__":"cc.Node","_name":"conversation","_contentSize":{"__type__":"cc.Size","width":40,"height":36},"_children":[{"__id__":2},{"__id__":15},{"__type__":"cc.Node","_name":"New Node","_parent":{"__id__":1},"_prefab":{"__type__":"cc.PrefabInfo","root":{"__id__":1},"fileId":"b87524UIz1FTLFORYx2grxO"}},{"__id__":16},{"__id__":24}],"_components":[{"__type__":"18fc7C9CUFHB5Gc/2OZOJDE","node":{"__id__":1},"touch1":{"__id__":7},"touch2":{"__id__":5},"hide1":{"__id__":9},"hide2":{"__id__":11},"sc_txt_node":{"__id__":21},"sc_bq_node":{"__id__":29},"sc_txt":{"__id__":22},"sc_bq":{"__id__":30},"emoji_node":{"__uuid__":"14dc1435-cef7-4179-8f7a-757e20f7588e"},"chat_txt_node":{"__uuid__":"0f2570f9-a64f-476b-810d-c7192a6e17f7"},"bt_close":{"__id__":15}}],"_prefab":{"__type__":"cc.PrefabInfo","root":{"__id__":1},"fileId":"ad0ceH3qc1LVI1MvtHC/5zN"}},{"__type__":"cc.Node","_name":"mainPre","_parent":{"__id__":1},"_contentSize":{"__type__":"cc.Size","width":40,"height":36},"_children":[{"__id__":3},{"__id__":4},{"__id__":6},{"__id__":8},{"__id__":10},{"__id__":12},{"__id__":13},{"__id__":14}],"_components":[{"__type__":"cc.Sprite","node":{"__id__":2},"_spriteFrame":{"__uuid__":"8cdb44ac-a3f6-449f-b354-7cd48cf84061"}}],"_prefab":{"__type__":"cc.PrefabInfo","root":{"__id__":1},"fileId":"5f9eeLngw9OuaRc2zl20plP"}},{"__type__":"cc.Node","_name":"ns","_opacity":100,"_color":{"__type__":"cc.Color"},"_parent":{"__id__":2},"_contentSize":{"__type__":"cc.Size","width":1334,"height":750},"_active":false,"_components":[{"__type__":"cc.Sprite","node":{"__id__":3},"_spriteFrame":{"__uuid__":"a23235d1-15db-4b95-8439-a2e005bfff91"},"_sizeMode":0},{"__type__":"65cce0XyaZCE79saRqYVWic","node":{"__id__":3}}],"_prefab":{"__type__":"cc.PrefabInfo","root":{"__id__":1},"fileId":"9db0adgT5FIratHYrGfVYit"}},{"__type__":"cc.Node","_name":"touch2","_parent":{"__id__":2},"_contentSize":{"__type__":"cc.Size","width":377,"height":78},"_scaleX":0.6,"_scaleY":0.6,"_position":{"__type__":"cc.Vec2","x":102,"y":240},"_components":[{"__type__":"cc.Sprite","node":{"__id__":4},"_spriteFrame":{"__uuid__":"fa416f65-2ab5-4070-a3e3-0717d3b98ba9"}},{"__id__":5}],"_prefab":{"__type__":"cc.PrefabInfo","root":{"__id__":1},"fileId":"05146OdEJtOerBPXDG9k7ih"}},{"__type__":"cc.Button","node":{"__id__":4},"_N$target":{"__id__":4}},{"__type__":"cc.Node","_name":"touch1","_parent":{"__id__":2},"_contentSize":{"__type__":"cc.Size","width":377,"height":78},"_scaleX":0.6,"_scaleY":0.6,"_position":{"__type__":"cc.Vec2","x":-89,"y":244},"_components":[{"__type__":"cc.Sprite","node":{"__id__":6},"_spriteFrame":{"__uuid__":"fa416f65-2ab5-4070-a3e3-0717d3b98ba9"}},{"__id__":7}],"_prefab":{"__type__":"cc.PrefabInfo","root":{"__id__":1},"fileId":"06db91Pd0RAlLlSzyt98WOH"}},{"__type__":"cc.Button","node":{"__id__":6},"_N$target":{"__id__":6}},{"__type__":"cc.Node","_name":"hide1","_parent":{"__id__":2},"_contentSize":{"__type__":"cc.Size","width":292,"height":61},"_scaleX":0.8,"_scaleY":0.85,"_position":{"__type__":"cc.Vec2","x":-91,"y":242},"_components":[{"__id__":9}],"_prefab":{"__type__":"cc.PrefabInfo","root":{"__id__":1},"fileId":"99eafCguJtHRbNeqQyUwdbZ"}},{"__type__":"cc.Sprite","node":{"__id__":8},"_spriteFrame":{"__uuid__":"4fb3431d-f0d0-4c2c-bdcd-e4139b338026"}},{"__type__":"cc.Node","_name":"hide2","_parent":{"__id__":2},"_contentSize":{"__type__":"cc.Size","width":292,"height":61},"_scaleX":0.8,"_scaleY":0.85,"_position":{"__type__":"cc.Vec2","x":106,"y":242.5},"_active":false,"_components":[{"__id__":11}],"_prefab":{"__type__":"cc.PrefabInfo","root":{"__id__":1},"fileId":"cb7e7qowDNJj4mrrelQvIL4"}},{"__type__":"cc.Sprite","node":{"__id__":10},"_spriteFrame":{"__uuid__":"4fb3431d-f0d0-4c2c-bdcd-e4139b338026"}},{"__type__":"cc.Node","_name":"title1","_parent":{"__id__":2},"_contentSize":{"__type__":"cc.Size","width":96,"height":33},"_position":{"__type__":"cc.Vec2","x":-91,"y":241},"_components":[{"__type__":"cc.Sprite","node":{"__id__":12},"_spriteFrame":{"__uuid__":"f2da1df6-f812-4655-8b65-08ff7cff6047"}}],"_prefab":{"__type__":"cc.PrefabInfo","root":{"__id__":1},"fileId":"5d94a/euPFBm4b1bR9qbMY9"}},{"__type__":"cc.Node","_name":"title2","_parent":{"__id__":2},"_contentSize":{"__type__":"cc.Size","width":74,"height":33},"_position":{"__type__":"cc.Vec2","x":108,"y":240},"_components":[{"__type__":"cc.Sprite","node":{"__id__":13},"_spriteFrame":{"__uuid__":"4affed9a-f044-4ad0-87ae-d9ddbe55bb8f"}}],"_prefab":{"__type__":"cc.PrefabInfo","root":{"__id__":1},"fileId":"fb114dd4UND0YlK6cMrB6v8"}},{"__type__":"cc.Node","_name":"11","_parent":{"__id__":2},"_contentSize":{"__type__":"cc.Size","width":770,"height":500},"_position":{"__type__":"cc.Vec2","x":-6,"y":-33},"_components":[{"__type__":"cc.Sprite","node":{"__id__":14},"_spriteFrame":{"__uuid__":"bdb25c2c-6599-4688-bfec-3b8001229372"},"_type":1,"_sizeMode":0}],"_prefab":{"__type__":"cc.PrefabInfo","root":{"__id__":1},"fileId":"59db1os13FBhqqV9jBDNR2U"}},{"__type__":"cc.Node","_name":"close","_parent":{"__id__":1},"_contentSize":{"__type__":"cc.Size","width":77,"height":77},"_scaleX":0.6,"_scaleY":0.6,"_position":{"__type__":"cc.Vec2","x":361,"y":255},"_components":[{"__type__":"cc.Sprite","node":{"__id__":15},"_spriteFrame":{"__uuid__":"db794eec-3040-4fc6-a109-0cf96d5638f1"}},{"__type__":"cc.Button","node":{"__id__":15},"transition":3,"_N$target":{"__id__":15}}],"_prefab":{"__type__":"cc.PrefabInfo","root":{"__id__":1},"fileId":"ddfa5fFhslE+L3YiMUtnjtm"}},{"__type__":"cc.Node","_name":"sc_txt","_parent":{"__id__":1},"_contentSize":{"__type__":"cc.Size","width":720,"height":450},"_children":[{"__id__":17},{"__id__":23}],"_position":{"__type__":"cc.Vec2","x":-4,"y":-29},"_components":[{"__type__":"cc.Sprite","node":{"__id__":16},"_enabled":false,"_spriteFrame":{"__uuid__":"9bbda31e-ad49-43c9-aaf2-f7d9896bac69"},"_type":1,"_sizeMode":0},{"__id__":21}],"_prefab":{"__type__":"cc.PrefabInfo","root":{"__id__":1},"fileId":"5342c7c0ixBG71XzL9H2kgN"}},{"__type__":"cc.Node","_name":"scrollBar","_color":{"__type__":"cc.Color","r":238,"g":217,"b":227},"_parent":{"__id__":16},"_anchorPoint":{"__type__":"cc.Vec2","x":1,"y":0.5},"_contentSize":{"__type__":"cc.Size","width":12,"height":250},"_children":[{"__id__":18}],"_position":{"__type__":"cc.Vec2","x":120},"_active":false,"_components":[{"__id__":20},{"__type__":"cc.Widget","node":{"__id__":17},"_alignFlags":37,"_left":350.07654921020657,"_originalHeight":237},{"__type__":"cc.Sprite","node":{"__id__":17},"_spriteFrame":{"__uuid__":"5fe5dcaa-b513-4dc5-a166-573627b3a159"},"_type":1,"_sizeMode":0}],"_prefab":{"__type__":"cc.PrefabInfo","root":{"__id__":1},"fileId":"d0f1aIDWglKcYFklSYA9hd5"}},{"__type__":"cc.Node","_name":"bar","_color":{"__type__":"cc.Color","r":236,"g":241,"b":245},"_parent":{"__id__":17},"_anchorPoint":{"__type__":"cc.Vec2","x":1},"_contentSize":{"__type__":"cc.Size","width":10,"height":30},"_position":{"__type__":"cc.Vec2","x":-1},"_components":[{"__id__":19}],"_prefab":{"__type__":"cc.PrefabInfo","root":{"__id__":1},"fileId":"e9e4asZAoVPco6/1g6fcgk2"}},{"__type__":"cc.Sprite","node":{"__id__":18},"_spriteFrame":{"__uuid__":"5c3bb932-6c3c-468f-88a9-c8c61d458641"},"_type":1,"_sizeMode":0},{"__type__":"cc.Scrollbar","node":{"__id__":17},"_scrollView":{"__id__":21},"_N$handle":{"__id__":19},"_N$direction":1},{"__type__":"cc.ScrollView","node":{"__id__":16},"content":{"__id__":22},"horizontal":false,"brake":0.75,"bounceDuration":0.23,"_N$horizontalScrollBar":null,"_N$verticalScrollBar":{"__id__":20}},{"__type__":"cc.Node","_name":"content","_parent":{"__id__":23},"_anchorPoint":{"__type__":"cc.Vec2","x":0.5,"y":1},"_contentSize":{"__type__":"cc.Size","width":720,"height":450},"_position":{"__type__":"cc.Vec2","y":224},"_prefab":{"__type__":"cc.PrefabInfo","root":{"__id__":1},"fileId":"81e95R/xd9KFL1cEHftOr0A"}},{"__type__":"cc.Node","_name":"view","_parent":{"__id__":16},"_contentSize":{"__type__":"cc.Size","width":720,"height":450},"_children":[{"__id__":22}],"_components":[{"__type__":"cc.Mask","node":{"__id__":23}}],"_prefab":{"__type__":"cc.PrefabInfo","root":{"__id__":1},"fileId":"b83c2ZCgdNOcpipkuzQB0LV"}},{"__type__":"cc.Node","_name":"sc_bq","_parent":{"__id__":1},"_contentSize":{"__type__":"cc.Size","width":720,"height":450},"_children":[{"__id__":25},{"__id__":31}],"_position":{"__type__":"cc.Vec2","x":-4,"y":-29},"_active":false,"_components":[{"__type__":"cc.Sprite","node":{"__id__":24},"_enabled":false,"_spriteFrame":{"__uuid__":"9bbda31e-ad49-43c9-aaf2-f7d9896bac69"},"_type":1,"_sizeMode":0},{"__id__":29}],"_prefab":{"__type__":"cc.PrefabInfo","root":{"__id__":1},"fileId":"4170fjWRbpOU5HxhZM6ijvz"}},{"__type__":"cc.Node","_name":"scrollBar","_color":{"__type__":"cc.Color","r":238,"g":217,"b":227},"_parent":{"__id__":24},"_anchorPoint":{"__type__":"cc.Vec2","x":1,"y":0.5},"_contentSize":{"__type__":"cc.Size","width":12,"height":250},"_children":[{"__id__":26}],"_position":{"__type__":"cc.Vec2","x":120},"_active":false,"_components":[{"__id__":28},{"__type__":"cc.Widget","node":{"__id__":25},"_alignFlags":37,"_left":350.07654921020657,"_originalHeight":237},{"__type__":"cc.Sprite","node":{"__id__":25},"_spriteFrame":{"__uuid__":"5fe5dcaa-b513-4dc5-a166-573627b3a159"},"_type":1,"_sizeMode":0}],"_prefab":{"__type__":"cc.PrefabInfo","root":{"__id__":1},"fileId":"bce31CVjjZI86aPE0B9o9++"}},{"__type__":"cc.Node","_name":"bar","_color":{"__type__":"cc.Color","r":236,"g":241,"b":245},"_parent":{"__id__":25},"_anchorPoint":{"__type__":"cc.Vec2","x":1},"_contentSize":{"__type__":"cc.Size","width":10,"height":30},"_position":{"__type__":"cc.Vec2","x":-1},"_components":[{"__id__":27}],"_prefab":{"__type__":"cc.PrefabInfo","root":{"__id__":1},"fileId":"4e7dbDVuyVI0a5Y3zekQz86"}},{"__type__":"cc.Sprite","node":{"__id__":26},"_spriteFrame":{"__uuid__":"5c3bb932-6c3c-468f-88a9-c8c61d458641"},"_type":1,"_sizeMode":0},{"__type__":"cc.Scrollbar","node":{"__id__":25},"_scrollView":{"__id__":29},"_N$handle":{"__id__":27},"_N$direction":1},{"__type__":"cc.ScrollView","node":{"__id__":24},"content":{"__id__":30},"horizontal":false,"brake":0.75,"bounceDuration":0.23,"_N$horizontalScrollBar":null,"_N$verticalScrollBar":{"__id__":28}},{"__type__":"cc.Node","_name":"content","_parent":{"__id__":31},"_anchorPoint":{"__type__":"cc.Vec2","y":1},"_contentSize":{"__type__":"cc.Size","width":720,"height":450},"_position":{"__type__":"cc.Vec2","x":-360,"y":224},"_prefab":{"__type__":"cc.PrefabInfo","root":{"__id__":1},"fileId":"3f9c5S26BdKJ7WObNLk+doE"}},{"__type__":"cc.Node","_name":"view","_parent":{"__id__":24},"_contentSize":{"__type__":"cc.Size","width":720,"height":450},"_children":[{"__id__":30}],"_components":[{"__type__":"cc.Mask","node":{"__id__":31}}],"_prefab":{"__type__":"cc.PrefabInfo","root":{"__id__":1},"fileId":"f7a73PLIoZCBq36J9cgcyx9"}}]