[{"__type__":"cc.Prefab","_name":"VoiceRecord","data":{"__id__":1}},{"__type__":"cc.Node","_name":"VoiceRecord","_contentSize":{"__type__":"cc.Size","width":236,"height":236},"_children":[{"__id__":2}],"_components":[{"__type__":"29a1aItk89Fw7H3zYaP4PVa","node":{"__id__":1},"m_img":{"__id__":3},"m_view":{"__id__":2},"m_time":{"__id__":6}}],"_prefab":{"__type__":"cc.PrefabInfo","root":{"__id__":1},"fileId":"bc0ffbMLkJOYJwPOcENOI6d"}},{"__type__":"cc.Node","_name":"view","_parent":{"__id__":1},"_children":[{"__id__":3},{"__id__":4},{"__id__":5},{"__id__":7}],"_prefab":{"__type__":"cc.PrefabInfo","root":{"__id__":1},"fileId":"5107fcB9PNP371+Nym80OK6"}},{"__type__":"cc.Node","_name":"m_img","_parent":{"__id__":2},"_contentSize":{"__type__":"cc.Size","width":236,"height":236},"_components":[{"__type__":"cc.Sprite","node":{"__id__":3},"_spriteFrame":{"__uuid__":"0409f43a-f470-4077-b6cd-ca4e9fcbd8ec"},"_type":1}],"_prefab":{"__type__":"cc.PrefabInfo","root":{"__id__":1},"fileId":"df03ciOWTdI9LiBpcDxWSZ0"}},{"__type__":"cc.Node","_name":"recordicon","_parent":{"__id__":2},"_contentSize":{"__type__":"cc.Size","width":60,"height":121},"_position":{"__type__":"cc.Vec2","y":30},"_components":[{"__type__":"cc.Sprite","node":{"__id__":4},"_spriteFrame":{"__uuid__":"276b89d4-3f42-45c2-8261-1da387b57616"}}],"_prefab":{"__type__":"cc.PrefabInfo","root":{"__id__":1},"fileId":"a0d63AcU7lDS7g1T/jWUzWN"}},{"__type__":"cc.Node","_name":"lb_time","_parent":{"__id__":2},"_contentSize":{"__type__":"cc.Size","width":55.05,"height":22},"_position":{"__type__":"cc.Vec2","y":-50},"_components":[{"__id__":6}],"_prefab":{"__type__":"cc.PrefabInfo","root":{"__id__":1},"fileId":"f7ed6ZtqylPDqiU+3/gpqlB"}},{"__type__":"cc.Label","node":{"__id__":5},"_useOriginalSize":false,"_actualFontSize":22,"_fontSize":22,"_lineHeight":22,"_N$string":"00:00","_N$horizontalAlign":1,"_N$verticalAlign":1},{"__type__":"cc.Node","_name":"lb_des","_parent":{"__id__":2},"_contentSize":{"__type__":"cc.Size","width":176,"height":22},"_position":{"__type__":"cc.Vec2","y":-80},"_components":[{"__type__":"cc.Label","node":{"__id__":7},"_useOriginalSize":false,"_actualFontSize":22,"_fontSize":22,"_lineHeight":22,"_N$string":"录音中，上滑取消","_N$horizontalAlign":1,"_N$verticalAlign":1}],"_prefab":{"__type__":"cc.PrefabInfo","root":{"__id__":1},"fileId":"8d331+qpjhBVqmF+5d9ePsm"}}]