[{"__type__":"cc.SceneAsset","_name":"ReviewScene","scene":{"__id__":1},"asyncLoadAssets":false},{"__type__":"cc.Scene","_anchorPoint":{"__type__":"cc.Vec2"},"_children":[{"__id__":2}],"autoReleaseAssets":false},{"__type__":"cc.Node","_name":"Canvas","_parent":{"__id__":1},"_contentSize":{"__type__":"cc.Size","width":1334,"height":750},"_children":[{"__id__":3},{"__id__":30},{"__id__":54},{"__id__":55}],"_position":{"__type__":"cc.Vec2","x":667,"y":375},"_id":"628a756l6RCs6PVxE4X9h4h","_components":[{"__type__":"cc.Canvas","node":{"__id__":2},"_designResolution":{"__type__":"cc.Size","width":1334,"height":750},"_fitWidth":true},{"__type__":"8590alwT3ZAeZCXdXxYUQb1","node":{"__id__":2},"gamelayer":{"__id__":6},"topbar":{"__id__":30},"playerinfonode":{"__uuid__":"f366cff8-8c6b-48b6-88e2-d4fad3f17223"},"playerinfolayer":{"__id__":29},"altas_card":{"__uuid__":"04ccf813-1d19-4649-a3d8-feb857ecdff4"},"roundOverLayer":{"__uuid__":"14796031-db3f-4aea-8428-e4ac9babd845"},"gameoverLayer":{"__uuid__":"95a6f8b7-0d44-4a20-a3e0-d52efe7d0b76"},"reviewController":{"__uuid__":"241554e0-4199-4a3c-92df-4487da551821"},"menulayer":{"__id__":55},"resultlayer":{"__id__":54},"renderLayer":{"__id__":3},"reviewPanel":{"__uuid__":"089070ec-5f95-42f2-98e9-6edbdb51cb77"},"disMissLayer":{"__uuid__":"8ecb95de-845f-4f66-b531-2528d89ec659"}},{"__type__":"f69d8BUUJ5Lmon+lyuxJcOu","node":{"__id__":2},"spf_chi":{"__uuid__":"319a7405-7eb3-40de-8c2c-c9913de82268"},"spf_peng":{"__uuid__":"d7b2af3a-ece8-4372-95b0-1f3b0dcdfa6c"},"spf_gang":{"__uuid__":"66c95799-0f28-43cb-9503-dd6bad2189d3"},"spf_hu":{"__uuid__":"6f167bad-77e7-48e5-842e-42d6bcb9a563"},"spf_zimo":{"__uuid__":"01d6d138-970d-4a7d-af4c-835d75d48429"},"spf_ting":{"__uuid__":"e3e699e8-7c35-4e8c-8089-eb2644b1562d"},"spf_haidilao":{"__uuid__":"cdaa7ed8-3572-4ad3-8f01-6c80445dbb20"}}],"_prefab":{"__type__":"cc.PrefabInfo","root":{"__id__":2},"fileId":"ed2b2KaZwFBioU916CRzX6Q"}},{"__type__":"cc.Node","_name":"renderlayer","_parent":{"__id__":2},"_children":[{"__id__":4},{"__id__":6},{"__id__":29}]},{"__type__":"cc.Node","_name":"table","_parent":{"__id__":3},"_contentSize":{"__type__":"cc.Size","width":1334,"height":750},"_children":[{"__id__":5}],"_components":[{"__type__":"cc.Sprite","node":{"__id__":4},"_spriteFrame":{"__uuid__":"1bec11b6-46e7-4eac-ae9d-3f6c3dcd4788"}}]},{"__type__":"cc.Node","_name":"sp_qdmj","_parent":{"__id__":4},"_contentSize":{"__type__":"cc.Size","width":264,"height":50},"_position":{"__type__":"cc.Vec2","y":-60},"_components":[{"__type__":"cc.Sprite","node":{"__id__":5},"_spriteFrame":{"__uuid__":"c72b20c3-558b-47b5-ae27-316a48abf020"}}]},{"__type__":"cc.Node","_name":"gamelayer","_parent":{"__id__":3},"_contentSize":{"__type__":"cc.Size","width":1334,"height":750},"_children":[{"__id__":7},{"__id__":22},{"__id__":23},{"__id__":24},{"__id__":25},{"__id__":28}],"_components":[{"__type__":"298ecfRKWBP64jaBvihFVN7","node":{"__id__":6},"playercard":{"__uuid__":"35a06e8f-405d-450e-b9f8-31aaa4aeb0d0"},"otherplayercardlayer":{"__id__":22},"firstplayercardlayer":{"__id__":24},"leftcardlayer":{"__id__":23},"dongnanxibei":{"__id__":7},"sp_point":{"__id__":27},"oppanel":{"__uuid__":"ab264143-872a-4f68-8539-894976510c55"},"menu_layer":{"__id__":28}}]},{"__type__":"cc.Node","_name":"DongNanXiBei","_parent":{"__id__":6},"_contentSize":{"__type__":"cc.Size","width":152,"height":152},"_children":[{"__id__":8},{"__id__":13},{"__id__":15}],"_scaleX":0.8,"_scaleY":0.8,"_position":{"__type__":"cc.Vec2","y":50},"_components":[{"__type__":"cc.Sprite","node":{"__id__":7},"_spriteFrame":{"__uuid__":"8669924d-f599-4762-a3e0-6cc9d6f12999"}},{"__type__":"e6ba4UYTI9M76wEK9KiS55O","node":{"__id__":7},"node_dong":{"__id__":9},"node_nan":{"__id__":10},"node_xi":{"__id__":11},"node_bei":{"__id__":12},"lb_lefttime":{"__id__":14},"node_dnxb":{"__id__":8},"shaizi":{"__id__":15}}]},{"__type__":"cc.Node","_name":"dnxb_node","_parent":{"__id__":7},"_contentSize":{"__type__":"cc.Size","width":138,"height":138},"_children":[{"__id__":9},{"__id__":10},{"__id__":11},{"__id__":12}],"_components":[{"__type__":"cc.Sprite","node":{"__id__":8},"_spriteFrame":{"__uuid__":"f3edc381-975f-4462-84ac-84c97e4ae98d"}}]},{"__type__":"cc.Node","_name":"sp_dong","_parent":{"__id__":8},"_contentSize":{"__type__":"cc.Size","width":140,"height":55},"_position":{"__type__":"cc.Vec2","y":-50},"_components":[{"__type__":"cc.Sprite","node":{"__id__":9},"_spriteFrame":{"__uuid__":"e5782f95-e159-44da-92b5-fcdca8e3aa56"}}]},{"__type__":"cc.Node","_name":"sp_nan","_parent":{"__id__":8},"_contentSize":{"__type__":"cc.Size","width":55,"height":138},"_position":{"__type__":"cc.Vec2","x":50},"_components":[{"__type__":"cc.Sprite","node":{"__id__":10},"_spriteFrame":{"__uuid__":"9a2aac62-5ae6-494c-9064-e02437bb6bf9"}}]},{"__type__":"cc.Node","_name":"sp_xi","_parent":{"__id__":8},"_contentSize":{"__type__":"cc.Size","width":140,"height":55},"_position":{"__type__":"cc.Vec2","y":50},"_components":[{"__type__":"cc.Sprite","node":{"__id__":11},"_spriteFrame":{"__uuid__":"d425d030-f8ca-4d0e-86c1-eebde03bc495"}}]},{"__type__":"cc.Node","_name":"sp_bei","_parent":{"__id__":8},"_contentSize":{"__type__":"cc.Size","width":55,"height":140},"_position":{"__type__":"cc.Vec2","x":-50},"_components":[{"__type__":"cc.Sprite","node":{"__id__":12},"_spriteFrame":{"__uuid__":"d43cd6a5-840d-4a17-9681-1ba5ab51bc62"}}]},{"__type__":"cc.Node","_name":"lb_lefttime","_parent":{"__id__":7},"_contentSize":{"__type__":"cc.Size","width":47,"height":40},"_position":{"__type__":"cc.Vec2","x":-5.5,"y":15},"_components":[{"__id__":14}]},{"__type__":"cc.Label","node":{"__id__":13},"_useOriginalSize":false,"_actualFontSize":50,"_fontSize":50,"_N$file":{"__uuid__":"d7613280-3442-46a7-af24-43c35202ae94"},"_isSystemFontUsed":false,"_N$string":"86","_N$horizontalAlign":1,"_N$verticalAlign":1},{"__type__":"cc.Node","_name":"ShaiZi","_parent":{"__id__":7},"_children":[{"__id__":16},{"__id__":18},{"__id__":20}],"_scaleX":1.4,"_scaleY":1.4,"_components":[{"__type__":"aeb34e4UOZAI6wDFhqyKc5R","node":{"__id__":15},"anim":{"__id__":17},"sp_dian1":{"__id__":19},"sp_dian2":{"__id__":21}}]},{"__type__":"cc.Node","_name":"shaizi","_parent":{"__id__":15},"_contentSize":{"__type__":"cc.Size","width":51,"height":22},"_scaleX":1.1111111,"_scaleY":1.1111111,"_position":{"__type__":"cc.Vec2","x":1.7,"y":-2.4},"_components":[{"__type__":"cc.Sprite","node":{"__id__":16},"_spriteFrame":{"__uuid__":"f86c09bb-305e-400b-a43a-6ea1ab66d3ce"}},{"__id__":17}]},{"__type__":"cc.Animation","node":{"__id__":16},"_clips":[{"__uuid__":"2e8f8508-3386-4f1a-89f2-82d369f36685"}]},{"__type__":"cc.Node","_name":"shaizi1Num","_parent":{"__id__":15},"_contentSize":{"__type__":"cc.Size","width":26,"height":30},"_scaleX":0.85,"_scaleY":0.85,"_position":{"__type__":"cc.Vec2","x":-16.7,"y":-2.2},"_components":[{"__id__":19}]},{"__type__":"cc.Sprite","node":{"__id__":18},"_spriteFrame":{"__uuid__":"626cec26-8cac-4f58-9e24-f9cf7f38cde9"}},{"__type__":"cc.Node","_name":"shaizi2Num","_parent":{"__id__":15},"_contentSize":{"__type__":"cc.Size","width":26,"height":30},"_scaleX":0.85,"_scaleY":0.85,"_position":{"__type__":"cc.Vec2","x":18.6000001,"y":-2.5},"_components":[{"__id__":21}]},{"__type__":"cc.Sprite","node":{"__id__":20},"_spriteFrame":{"__uuid__":"5247d017-04e8-46b2-98b2-ef2fbf8fda11"}},{"__type__":"cc.Node","_name":"otherplayercardlayer","_parent":{"__id__":6}},{"__type__":"cc.Node","_name":"leftcardlayer","_parent":{"__id__":6},"_contentSize":{"__type__":"cc.Size","width":1334,"height":750},"_components":[{"__type__":"96319j3mhNGPLWCXvpligNP","node":{"__id__":23},"card":{"__uuid__":"86428e42-2a08-44de-a88d-18e8817c2e0b"}}]},{"__type__":"cc.Node","_name":"firstplayercardlayer","_parent":{"__id__":6}},{"__type__":"cc.Node","_name":"point","_parent":{"__id__":6},"_children":[{"__id__":26}]},{"__type__":"cc.Node","_name":"sp_point","_parent":{"__id__":25},"_contentSize":{"__type__":"cc.Size","width":41,"height":49},"_components":[{"__id__":27}]},{"__type__":"cc.Sprite","node":{"__id__":26},"_spriteFrame":{"__uuid__":"36a36aab-d741-436a-82d3-e88774ec6359"}},{"__type__":"cc.Node","_name":"menu_layer","_parent":{"__id__":6},"_contentSize":{"__type__":"cc.Size","width":1334,"height":750}},{"__type__":"cc.Node","_name":"playerinfolayer","_color":{"__type__":"cc.Color","r":167,"g":167,"b":167},"_parent":{"__id__":3},"_contentSize":{"__type__":"cc.Size","width":1334,"height":750},"_components":[{"__type__":"cc.Sprite","node":{"__id__":29},"_type":1,"_sizeMode":0},{"__type__":"cc.Layout","node":{"__id__":29},"_layoutSize":{"__type__":"cc.Size","width":1334,"height":750}}]},{"__type__":"cc.Node","_name":"topbar","_parent":{"__id__":2},"_contentSize":{"__type__":"cc.Size","width":1334,"height":36},"_children":[{"__id__":31},{"__id__":42},{"__id__":52}],"_position":{"__type__":"cc.Vec2","y":358},"_components":[{"__type__":"cc.Sprite","node":{"__id__":30},"_spriteFrame":{"__uuid__":"fce34ca7-59a3-4bc9-a2e0-ccc80db449c4"},"_sizeMode":0},{"__type__":"f79384rI3tMl7p6EaqUCf5u","node":{"__id__":30},"lb_time":{"__id__":33},"lb_roomid":{"__id__":37},"loyout_leftcard":{"__id__":38},"lb_leftcard":{"__id__":41},"progress_battery":{"__id__":47},"icon_network":{"__id__":49},"bt_setting":{"__id__":51},"lb_title":{"__id__":53}}]},{"__type__":"cc.Node","_name":"leftlayout","_color":{"__type__":"cc.Color","r":167,"g":167,"b":167},"_parent":{"__id__":30},"_contentSize":{"__type__":"cc.Size","width":200,"height":38},"_children":[{"__id__":32},{"__id__":34},{"__id__":38}],"_position":{"__type__":"cc.Vec2","x":-550,"y":-2},"_components":[{"__type__":"cc.Sprite","node":{"__id__":31},"_type":1,"_sizeMode":0},{"__type__":"cc.Layout","node":{"__id__":31},"_layoutSize":{"__type__":"cc.Size","width":200,"height":38},"_N$layoutType":1,"_N$spacingX":20}]},{"__type__":"cc.Node","_name":"lb_time","_color":{"__type__":"cc.Color","r":240,"g":240,"b":18},"_parent":{"__id__":31},"_contentSize":{"__type__":"cc.Size","width":65,"height":34.67},"_position":{"__type__":"cc.Vec2","x":-67.5},"_components":[{"__id__":33}]},{"__type__":"cc.Label","node":{"__id__":32},"_useOriginalSize":false,"_actualFontSize":26,"_fontSize":26,"_N$file":{"__uuid__":"71a88407-d7db-42c8-9a31-5a7b0c84ba19"},"_isSystemFontUsed":false,"_N$string":"09:00","_N$verticalAlign":1},{"__type__":"cc.Node","_name":"roomidlayout","_color":{"__type__":"cc.Color","r":167,"g":167,"b":167},"_parent":{"__id__":31},"_contentSize":{"__type__":"cc.Size","width":160,"height":38},"_children":[{"__id__":35},{"__id__":36}],"_position":{"__type__":"cc.Vec2","x":65},"_components":[{"__type__":"cc.Sprite","node":{"__id__":34},"_type":1,"_sizeMode":0},{"__type__":"cc.Layout","node":{"__id__":34},"_layoutSize":{"__type__":"cc.Size","width":160,"height":38},"_N$layoutType":1,"_N$spacingX":5}]},{"__type__":"cc.Node","_name":"roomid","_color":{"__type__":"cc.Color","r":240,"g":240,"b":18},"_parent":{"__id__":34},"_contentSize":{"__type__":"cc.Size","width":52,"height":34.67},"_position":{"__type__":"cc.Vec2","x":-54},"_components":[{"__type__":"cc.Label","node":{"__id__":35},"_useOriginalSize":false,"_actualFontSize":26,"_fontSize":26,"_N$file":{"__uuid__":"71a88407-d7db-42c8-9a31-5a7b0c84ba19"},"_isSystemFontUsed":false,"_N$string":"房号","_N$horizontalAlign":1,"_N$verticalAlign":1}]},{"__type__":"cc.Node","_name":"lb_roomid","_color":{"__type__":"cc.Color","r":240,"g":240,"b":18},"_parent":{"__id__":34},"_contentSize":{"__type__":"cc.Size","width":78,"height":34.67},"_position":{"__type__":"cc.Vec2","x":16},"_components":[{"__id__":37}]},{"__type__":"cc.Label","node":{"__id__":36},"_useOriginalSize":false,"_actualFontSize":26,"_fontSize":26,"_N$file":{"__uuid__":"71a88407-d7db-42c8-9a31-5a7b0c84ba19"},"_isSystemFontUsed":false,"_N$string":"999999","_N$verticalAlign":1},{"__type__":"cc.Node","_name":"leftcardlayout","_color":{"__type__":"cc.Color","r":167,"g":167,"b":167},"_parent":{"__id__":31},"_contentSize":{"__type__":"cc.Size","width":100,"height":38},"_children":[{"__id__":39},{"__id__":40}],"_position":{"__type__":"cc.Vec2","x":215},"_components":[{"__type__":"cc.Sprite","node":{"__id__":38},"_type":1,"_sizeMode":0},{"__type__":"cc.Layout","node":{"__id__":38},"_layoutSize":{"__type__":"cc.Size","width":100,"height":38},"_N$layoutType":1,"_N$spacingX":3}]},{"__type__":"cc.Node","_name":"mj","_parent":{"__id__":38},"_contentSize":{"__type__":"cc.Size","width":22,"height":30},"_position":{"__type__":"cc.Vec2","x":-39},"_components":[{"__type__":"cc.Sprite","node":{"__id__":39},"_spriteFrame":{"__uuid__":"e53297e7-c05e-4cac-96ea-4a52a098d098"},"_sizeMode":0}]},{"__type__":"cc.Node","_name":"lb_leftcard","_color":{"__type__":"cc.Color","r":240,"g":240,"b":18},"_parent":{"__id__":38},"_contentSize":{"__type__":"cc.Size","width":39.87,"height":34.67},"_position":{"__type__":"cc.Vec2","x":-5.065000000000001},"_components":[{"__id__":41}]},{"__type__":"cc.Label","node":{"__id__":40},"_useOriginalSize":false,"_actualFontSize":26,"_fontSize":26,"_N$file":{"__uuid__":"71a88407-d7db-42c8-9a31-5a7b0c84ba19"},"_isSystemFontUsed":false,"_N$string":"136","_N$verticalAlign":1},{"__type__":"cc.Node","_name":"rightlayout","_color":{"__type__":"cc.Color","r":167,"g":167,"b":167},"_parent":{"__id__":30},"_contentSize":{"__type__":"cc.Size","width":111,"height":38},"_children":[{"__id__":43},{"__id__":48},{"__id__":50}],"_position":{"__type__":"cc.Vec2","x":560},"_components":[{"__type__":"cc.Sprite","node":{"__id__":42},"_type":1,"_sizeMode":0},{"__type__":"cc.Layout","node":{"__id__":42},"_layoutSize":{"__type__":"cc.Size","width":111,"height":38},"_resize":1,"_N$layoutType":1,"_N$spacingX":30}]},{"__type__":"cc.Node","_name":"battery","_color":{"__type__":"cc.Color","r":167,"g":167,"b":167},"_parent":{"__id__":42},"_contentSize":{"__type__":"cc.Size","width":52,"height":28},"_children":[{"__id__":44}],"_position":{"__type__":"cc.Vec2","x":-29.5},"_components":[{"__type__":"cc.Sprite","node":{"__id__":43},"_spriteFrame":{"__uuid__":"d4a5d7a6-61e4-4eae-9ab1-4aee3c60df62"},"_type":1,"_sizeMode":0},{"__type__":"cc.Layout","node":{"__id__":43},"_layoutSize":{"__type__":"cc.Size","width":52,"height":28}}]},{"__type__":"cc.Node","_name":"progress_battery","_parent":{"__id__":43},"_contentSize":{"__type__":"cc.Size","width":40,"height":18},"_children":[{"__id__":45}],"_position":{"__type__":"cc.Vec2","x":-2,"y":2},"_components":[{"__type__":"cc.Sprite","node":{"__id__":44},"_sizeMode":0},{"__id__":47}]},{"__type__":"cc.Node","_name":"bar","_parent":{"__id__":44},"_anchorPoint":{"__type__":"cc.Vec2","y":0.5},"_contentSize":{"__type__":"cc.Size","width":32,"height":18},"_position":{"__type__":"cc.Vec2","x":-20},"_components":[{"__id__":46}]},{"__type__":"cc.Sprite","node":{"__id__":45},"_spriteFrame":{"__uuid__":"1f5f24e5-f007-426a-932c-8f6d50a4d97f"},"_type":1,"_sizeMode":0},{"__type__":"cc.ProgressBar","node":{"__id__":44},"_N$barSprite":{"__id__":46},"_N$totalLength":40,"_N$progress":0.8},{"__type__":"cc.Node","_name":"icon_network","_parent":{"__id__":42},"_contentSize":{"__type__":"cc.Size","width":29,"height":23},"_position":{"__type__":"cc.Vec2","x":41},"_components":[{"__id__":49}]},{"__type__":"cc.Sprite","node":{"__id__":48},"_spriteFrame":{"__uuid__":"4e74469d-3bda-493b-aa95-c401efce04c0"}},{"__type__":"cc.Node","_name":"bt_setting","_parent":{"__id__":42},"_contentSize":{"__type__":"cc.Size","width":30,"height":30},"_position":{"__type__":"cc.Vec2","x":70.5},"_active":false,"_components":[{"__id__":51}]},{"__type__":"cc.Sprite","node":{"__id__":50},"_spriteFrame":{"__uuid__":"efda989f-b615-4f94-908f-0bcddc570dda"}},{"__type__":"cc.Node","_name":"lb_top","_color":{"__type__":"cc.Color","r":240,"g":240,"b":18},"_parent":{"__id__":30},"_contentSize":{"__type__":"cc.Size","width":443.43,"height":40},"_components":[{"__id__":53}]},{"__type__":"cc.Label","node":{"__id__":52},"_useOriginalSize":false,"_actualFontSize":26,"_fontSize":26,"_N$string":"对对胡 清一色 自摸 手把一 杠上开花(/)","_N$horizontalAlign":1,"_N$verticalAlign":1},{"__type__":"cc.Node","_name":"resultlayer","_parent":{"__id__":2},"_contentSize":{"__type__":"cc.Size","width":1334,"height":750}},{"__type__":"cc.Node","_name":"menulayer","_parent":{"__id__":2},"_contentSize":{"__type__":"cc.Size","width":1334,"height":750},"_components":[{"__type__":"65cce0XyaZCE79saRqYVWic","node":{"__id__":55}}]}]