[{"__type__":"cc.Prefab","_name":"videoNode","data":{"__id__":1}},{"__type__":"cc.Node","_name":"videoNode","_children":[{"__id__":2}],"_components":[{"__type__":"e427cHZ5ZxK+ZjYCyeYHlv/","node":{"__id__":1},"touch":{"__id__":10},"name1":{"__id__":15},"name2":{"__id__":13},"name3":{"__id__":27},"name4":{"__id__":25},"sc1":{"__id__":21},"sc2":{"__id__":19},"sc3":{"__id__":33},"sc4":{"__id__":31},"time":{"__id__":6}}],"_prefab":{"__type__":"cc.PrefabInfo","root":{"__id__":1},"fileId":"1adb4UbDIlLuK30DXfcscD6"}},{"__type__":"cc.Node","_name":"74","_parent":{"__id__":1},"_contentSize":{"__type__":"cc.Size","width":1230,"height":194},"_children":[{"__id__":3},{"__id__":4},{"__id__":5},{"__id__":7},{"__id__":8},{"__id__":9},{"__id__":11},{"__id__":12},{"__id__":14},{"__id__":16},{"__id__":17},{"__id__":18},{"__id__":20},{"__id__":22},{"__id__":23},{"__id__":24},{"__id__":26},{"__id__":28},{"__id__":29},{"__id__":30},{"__id__":32}],"_components":[{"__type__":"cc.Sprite","node":{"__id__":2},"_spriteFrame":{"__uuid__":"dd4b8d37-1d1f-4a8c-8b7d-6ac27edf082d"},"_type":1,"_sizeMode":0}],"_prefab":{"__type__":"cc.PrefabInfo","root":{"__id__":1},"fileId":"38b73dMIZ9FlrjmTFMMSBza"}},{"__type__":"cc.Node","_name":"Label","_color":{"__type__":"cc.Color","r":172,"g":91,"b":56},"_parent":{"__id__":2},"_anchorPoint":{"__type__":"cc.Vec2","y":0.5},"_contentSize":{"__type__":"cc.Size","width":112,"height":40},"_position":{"__type__":"cc.Vec2","x":-574,"y":49},"_components":[{"__type__":"cc.Label","node":{"__id__":3},"_useOriginalSize":false,"_actualFontSize":28,"_fontSize":28,"_N$string":"房间号：","_N$horizontalAlign":1,"_N$verticalAlign":1}],"_prefab":{"__type__":"cc.PrefabInfo","root":{"__id__":1},"fileId":"d8fbcM21z1Ky4e1Bd0YpJ0I"}},{"__type__":"cc.Node","_name":"num","_color":{"__type__":"cc.Color","r":172,"g":91,"b":56},"_parent":{"__id__":2},"_anchorPoint":{"__type__":"cc.Vec2","y":0.5},"_contentSize":{"__type__":"cc.Size","width":93.43,"height":40},"_position":{"__type__":"cc.Vec2","x":-463,"y":49},"_components":[{"__type__":"cc.Label","node":{"__id__":4},"_useOriginalSize":false,"_actualFontSize":28,"_fontSize":28,"_N$string":"123456","_N$horizontalAlign":1,"_N$verticalAlign":1}],"_prefab":{"__type__":"cc.PrefabInfo","root":{"__id__":1},"fileId":"a3418PIRTlBR58OJj0KFKqn"}},{"__type__":"cc.Node","_name":"time","_color":{"__type__":"cc.Color","r":172,"g":91,"b":56},"_parent":{"__id__":2},"_anchorPoint":{"__type__":"cc.Vec2","y":0.5},"_contentSize":{"__type__":"cc.Size","width":308.22,"height":40},"_position":{"__type__":"cc.Vec2","x":55,"y":49},"_components":[{"__id__":6}],"_prefab":{"__type__":"cc.PrefabInfo","root":{"__id__":1},"fileId":"01c2cC6CyVM+o09RlMVhE5G"}},{"__type__":"cc.Label","node":{"__id__":5},"_useOriginalSize":false,"_actualFontSize":28,"_fontSize":28,"_N$string":"2016-12-30  20：50：30","_N$horizontalAlign":1,"_N$verticalAlign":1},{"__type__":"cc.Node","_name":"Label","_color":{"__type__":"cc.Color","r":172,"g":91,"b":56},"_parent":{"__id__":2},"_anchorPoint":{"__type__":"cc.Vec2","y":0.5},"_contentSize":{"__type__":"cc.Size","width":84,"height":40},"_position":{"__type__":"cc.Vec2","x":-36,"y":49},"_components":[{"__type__":"cc.Label","node":{"__id__":7},"_useOriginalSize":false,"_actualFontSize":28,"_fontSize":28,"_N$string":"时间：","_N$horizontalAlign":1,"_N$verticalAlign":1}],"_prefab":{"__type__":"cc.PrefabInfo","root":{"__id__":1},"fileId":"ed628LpPWdC+pDyo8WF3IeB"}},{"__type__":"cc.Node","_name":"Label","_color":{"__type__":"cc.Color","r":172,"g":91,"b":56},"_parent":{"__id__":2},"_anchorPoint":{"__type__":"cc.Vec2","y":0.5},"_contentSize":{"__type__":"cc.Size","width":75,"height":40},"_position":{"__type__":"cc.Vec2","x":-590,"y":-9},"_components":[{"__type__":"cc.Label","node":{"__id__":8},"_useOriginalSize":false,"_actualFontSize":25,"_fontSize":25,"_N$string":"玩家：","_N$horizontalAlign":1,"_N$verticalAlign":1}],"_prefab":{"__type__":"cc.PrefabInfo","root":{"__id__":1},"fileId":"1b517/3QEJDca6wmkQJJEGO"}},{"__type__":"cc.Node","_name":"73","_parent":{"__id__":2},"_contentSize":{"__type__":"cc.Size","width":75,"height":76},"_position":{"__type__":"cc.Vec2","x":511,"y":-4},"_components":[{"__type__":"cc.Sprite","node":{"__id__":9},"_spriteFrame":{"__uuid__":"c374cfb4-5d6e-4f7f-a82a-6def7c051890"}},{"__id__":10}],"_prefab":{"__type__":"cc.PrefabInfo","root":{"__id__":1},"fileId":"e68a8ORywFAOatOlGyGy8wQ"}},{"__type__":"cc.Button","node":{"__id__":9},"_N$target":{"__id__":9}},{"__type__":"cc.Node","_name":"Label","_color":{"__type__":"cc.Color","r":172,"g":91,"b":56},"_parent":{"__id__":2},"_anchorPoint":{"__type__":"cc.Vec2","y":0.5},"_contentSize":{"__type__":"cc.Size","width":84,"height":40},"_position":{"__type__":"cc.Vec2","x":-590,"y":-53},"_components":[{"__type__":"cc.Label","node":{"__id__":11},"_useOriginalSize":false,"_actualFontSize":28,"_fontSize":28,"_N$string":"玩家：","_N$horizontalAlign":1,"_N$verticalAlign":1}],"_prefab":{"__type__":"cc.PrefabInfo","root":{"__id__":1},"fileId":"af3cet6e3ZDEZy01ENKH73N"}},{"__type__":"cc.Node","_name":"name2","_color":{"__type__":"cc.Color","r":172,"g":91,"b":56},"_parent":{"__id__":2},"_anchorPoint":{"__type__":"cc.Vec2","y":0.5},"_contentSize":{"__type__":"cc.Size","width":195.84,"height":40},"_position":{"__type__":"cc.Vec2","x":-511,"y":-53},"_components":[{"__id__":13}],"_prefab":{"__type__":"cc.PrefabInfo","root":{"__id__":1},"fileId":"2fb56sfm6dFbJpcKET/qreU"}},{"__type__":"cc.Label","node":{"__id__":12},"_useOriginalSize":false,"_actualFontSize":25,"_fontSize":25,"_N$string":"这里共有七个字...","_N$horizontalAlign":1,"_N$verticalAlign":1},{"__type__":"cc.Node","_name":"name1","_color":{"__type__":"cc.Color","r":172,"g":91,"b":56},"_parent":{"__id__":2},"_anchorPoint":{"__type__":"cc.Vec2","y":0.5},"_contentSize":{"__type__":"cc.Size","width":195.84,"height":40},"_position":{"__type__":"cc.Vec2","x":-511,"y":-9},"_components":[{"__id__":15}],"_prefab":{"__type__":"cc.PrefabInfo","root":{"__id__":1},"fileId":"1fdcenCcNNHtqAA2PcJh4Eg"}},{"__type__":"cc.Label","node":{"__id__":14},"_useOriginalSize":false,"_actualFontSize":25,"_fontSize":25,"_N$string":"这里共有七个字...","_N$horizontalAlign":1,"_N$verticalAlign":1},{"__type__":"cc.Node","_name":"Label","_color":{"__type__":"cc.Color","r":172,"g":91,"b":56},"_parent":{"__id__":2},"_anchorPoint":{"__type__":"cc.Vec2","y":0.5},"_contentSize":{"__type__":"cc.Size","width":75,"height":40},"_position":{"__type__":"cc.Vec2","x":-284,"y":-53},"_components":[{"__type__":"cc.Label","node":{"__id__":16},"_useOriginalSize":false,"_actualFontSize":25,"_fontSize":25,"_N$string":"分数：","_N$horizontalAlign":1,"_N$verticalAlign":1}],"_prefab":{"__type__":"cc.PrefabInfo","root":{"__id__":1},"fileId":"73d9b7HyBdNxKpJTkKmYTCg"}},{"__type__":"cc.Node","_name":"Label","_color":{"__type__":"cc.Color","r":172,"g":91,"b":56},"_parent":{"__id__":2},"_anchorPoint":{"__type__":"cc.Vec2","y":0.5},"_contentSize":{"__type__":"cc.Size","width":75,"height":40},"_position":{"__type__":"cc.Vec2","x":-284,"y":-9},"_components":[{"__type__":"cc.Label","node":{"__id__":17},"_useOriginalSize":false,"_actualFontSize":25,"_fontSize":25,"_N$string":"分数：","_N$horizontalAlign":1,"_N$verticalAlign":1}],"_prefab":{"__type__":"cc.PrefabInfo","root":{"__id__":1},"fileId":"37528SOMupFPa0q3IrbLblS"}},{"__type__":"cc.Node","_name":"sc2","_color":{"__type__":"cc.Color","r":172,"g":91,"b":56},"_parent":{"__id__":2},"_anchorPoint":{"__type__":"cc.Vec2","y":0.5},"_contentSize":{"__type__":"cc.Size","width":93.43,"height":40},"_position":{"__type__":"cc.Vec2","x":-206,"y":-53},"_components":[{"__id__":19}],"_prefab":{"__type__":"cc.PrefabInfo","root":{"__id__":1},"fileId":"67d75kdREVJ5qSohrGHBFKP"}},{"__type__":"cc.Label","node":{"__id__":18},"_useOriginalSize":false,"_actualFontSize":28,"_fontSize":28,"_N$string":"123456","_N$horizontalAlign":1,"_N$verticalAlign":1},{"__type__":"cc.Node","_name":"sc1","_color":{"__type__":"cc.Color","r":172,"g":91,"b":56},"_parent":{"__id__":2},"_anchorPoint":{"__type__":"cc.Vec2","y":0.5},"_contentSize":{"__type__":"cc.Size","width":93.43,"height":40},"_position":{"__type__":"cc.Vec2","x":-206,"y":-9},"_components":[{"__id__":21}],"_prefab":{"__type__":"cc.PrefabInfo","root":{"__id__":1},"fileId":"cb965mlD6JJLLXuX3py4Bdm"}},{"__type__":"cc.Label","node":{"__id__":20},"_useOriginalSize":false,"_actualFontSize":28,"_fontSize":28,"_N$string":"123456","_N$horizontalAlign":1,"_N$verticalAlign":1},{"__type__":"cc.Node","_name":"Label","_color":{"__type__":"cc.Color","r":172,"g":91,"b":56},"_parent":{"__id__":2},"_anchorPoint":{"__type__":"cc.Vec2","y":0.5},"_contentSize":{"__type__":"cc.Size","width":75,"height":40},"_position":{"__type__":"cc.Vec2","x":-39,"y":-53},"_components":[{"__type__":"cc.Label","node":{"__id__":22},"_useOriginalSize":false,"_actualFontSize":25,"_fontSize":25,"_N$string":"玩家：","_N$horizontalAlign":1,"_N$verticalAlign":1}],"_prefab":{"__type__":"cc.PrefabInfo","root":{"__id__":1},"fileId":"2f0aafzvdNNVIXdk09i4WWr"}},{"__type__":"cc.Node","_name":"Label","_color":{"__type__":"cc.Color","r":172,"g":91,"b":56},"_parent":{"__id__":2},"_anchorPoint":{"__type__":"cc.Vec2","y":0.5},"_contentSize":{"__type__":"cc.Size","width":75,"height":40},"_position":{"__type__":"cc.Vec2","x":-39,"y":-9},"_components":[{"__type__":"cc.Label","node":{"__id__":23},"_useOriginalSize":false,"_actualFontSize":25,"_fontSize":25,"_N$string":"玩家：","_N$horizontalAlign":1,"_N$verticalAlign":1}],"_prefab":{"__type__":"cc.PrefabInfo","root":{"__id__":1},"fileId":"62152i4njlO+6kPVvTaqbnc"}},{"__type__":"cc.Node","_name":"name4","_color":{"__type__":"cc.Color","r":172,"g":91,"b":56},"_parent":{"__id__":2},"_anchorPoint":{"__type__":"cc.Vec2","y":0.5},"_contentSize":{"__type__":"cc.Size","width":195.84,"height":40},"_position":{"__type__":"cc.Vec2","x":39,"y":-53},"_components":[{"__id__":25}],"_prefab":{"__type__":"cc.PrefabInfo","root":{"__id__":1},"fileId":"c49fb6YXzZM5JoRRihQnd4z"}},{"__type__":"cc.Label","node":{"__id__":24},"_useOriginalSize":false,"_actualFontSize":25,"_fontSize":25,"_N$string":"这里共有七个字...","_N$horizontalAlign":1,"_N$verticalAlign":1},{"__type__":"cc.Node","_name":"name3","_color":{"__type__":"cc.Color","r":172,"g":91,"b":56},"_parent":{"__id__":2},"_anchorPoint":{"__type__":"cc.Vec2","y":0.5},"_contentSize":{"__type__":"cc.Size","width":195.84,"height":40},"_position":{"__type__":"cc.Vec2","x":39,"y":-9},"_components":[{"__id__":27}],"_prefab":{"__type__":"cc.PrefabInfo","root":{"__id__":1},"fileId":"c3518qkQyJKt58Q+MUTYLaz"}},{"__type__":"cc.Label","node":{"__id__":26},"_useOriginalSize":false,"_actualFontSize":25,"_fontSize":25,"_N$string":"这里共有七个字...","_N$horizontalAlign":1,"_N$verticalAlign":1},{"__type__":"cc.Node","_name":"Label","_color":{"__type__":"cc.Color","r":172,"g":91,"b":56},"_parent":{"__id__":2},"_anchorPoint":{"__type__":"cc.Vec2","y":0.5},"_contentSize":{"__type__":"cc.Size","width":84,"height":40},"_position":{"__type__":"cc.Vec2","x":269,"y":-53},"_components":[{"__type__":"cc.Label","node":{"__id__":28},"_useOriginalSize":false,"_actualFontSize":28,"_fontSize":28,"_N$string":"分数：","_N$horizontalAlign":1,"_N$verticalAlign":1}],"_prefab":{"__type__":"cc.PrefabInfo","root":{"__id__":1},"fileId":"04714fIZ3RBvbupJtDeToBf"}},{"__type__":"cc.Node","_name":"Label","_color":{"__type__":"cc.Color","r":172,"g":91,"b":56},"_parent":{"__id__":2},"_anchorPoint":{"__type__":"cc.Vec2","y":0.5},"_contentSize":{"__type__":"cc.Size","width":75,"height":40},"_position":{"__type__":"cc.Vec2","x":269,"y":-9},"_components":[{"__type__":"cc.Label","node":{"__id__":29},"_useOriginalSize":false,"_actualFontSize":25,"_fontSize":25,"_N$string":"分数：","_N$horizontalAlign":1,"_N$verticalAlign":1}],"_prefab":{"__type__":"cc.PrefabInfo","root":{"__id__":1},"fileId":"5ec24raw2FPd5Yt7g14knB/"}},{"__type__":"cc.Node","_name":"sc4","_color":{"__type__":"cc.Color","r":172,"g":91,"b":56},"_parent":{"__id__":2},"_anchorPoint":{"__type__":"cc.Vec2","y":0.5},"_contentSize":{"__type__":"cc.Size","width":83.42,"height":40},"_position":{"__type__":"cc.Vec2","x":341,"y":-53},"_components":[{"__id__":31}],"_prefab":{"__type__":"cc.PrefabInfo","root":{"__id__":1},"fileId":"dab5aBwae9LxaKtbV4aITuy"}},{"__type__":"cc.Label","node":{"__id__":30},"_useOriginalSize":false,"_actualFontSize":25,"_fontSize":25,"_N$string":"123456","_N$horizontalAlign":1,"_N$verticalAlign":1},{"__type__":"cc.Node","_name":"sc3","_color":{"__type__":"cc.Color","r":172,"g":91,"b":56},"_parent":{"__id__":2},"_anchorPoint":{"__type__":"cc.Vec2","y":0.5},"_contentSize":{"__type__":"cc.Size","width":83.42,"height":40},"_position":{"__type__":"cc.Vec2","x":341,"y":-9},"_components":[{"__id__":33}],"_prefab":{"__type__":"cc.PrefabInfo","root":{"__id__":1},"fileId":"963cdIcY5VOZ6MNjK+ImnrL"}},{"__type__":"cc.Label","node":{"__id__":32},"_useOriginalSize":false,"_actualFontSize":25,"_fontSize":25,"_N$string":"123456","_N$horizontalAlign":1,"_N$verticalAlign":1}]