[{"__type__":"cc.SceneAsset","_name":"LoginScene","scene":{"__id__":1},"asyncLoadAssets":false},{"__type__":"cc.Scene","_anchorPoint":{"__type__":"cc.Vec2"},"_children":[{"__id__":2},{"__id__":61}],"autoReleaseAssets":false},{"__type__":"cc.Node","_name":"Canvas","_parent":{"__id__":1},"_contentSize":{"__type__":"cc.Size","width":1334,"height":750},"_children":[{"__id__":3},{"__id__":4},{"__id__":5},{"__id__":6},{"__id__":14},{"__id__":30},{"__id__":31},{"__id__":33},{"__id__":51},{"__id__":59}],"_position":{"__type__":"cc.Vec2","x":667,"y":375},"_id":"b0e9c9/75xEvKv+OOxazQPq","_components":[{"__type__":"cc.Canvas","node":{"__id__":2},"_designResolution":{"__type__":"cc.Size","width":1334,"height":750},"_fitWidth":true},{"__type__":"4ebd3p+4ZdFrrnM243FgVvG","node":{"__id__":2},"loadbar":{"__id__":12},"bar":{"__id__":13},"login":{"__id__":18},"g_login":{"__id__":19},"ck":{"__id__":27},"canva":{"__id__":2},"handle":{"__id__":13},"userxy":{"__id__":29},"loadingPN":{"__id__":6},"loginPN":{"__id__":14},"UserPN":{"__id__":33},"la_te":{"__id__":32},"tip":{"__id__":51},"name_input":{"__id__":60},"lb_msg":{"__id__":8},"check_Hotupdata":false,"progressLayer":{"__uuid__":"902ec1ef-4a12-4d34-92f6-935b35b5ecff"},"tipLayer":{"__uuid__":"130a8007-e662-4e47-bd49-a1f815628e69"},"userLoginLayer":{"__uuid__":"f7b11317-13b7-41de-8313-a598ca97952e"}},{"__type__":"a431awLkDZAQ5N81jYQDRBP","node":{"__id__":2}},{"__type__":"bc7f9DcRMJHopBN2uFSW0Jm","node":{"__id__":2},"manifestUrl":{"__uuid__":"26d04915-2d31-41cc-8cd3-ee51024de635"},"tipLayerPrefab":{"__uuid__":"130a8007-e662-4e47-bd49-a1f815628e69"}}]},{"__type__":"cc.Node","_name":"loginbg","_parent":{"__id__":2},"_contentSize":{"__type__":"cc.Size","width":1334,"height":750},"_components":[{"__type__":"cc.Sprite","node":{"__id__":3},"_spriteFrame":{"__uuid__":"8a9216bb-fa00-430d-a919-0b05d429c2f3"}}]},{"__type__":"cc.Node","_name":"la_tip","_color":{"__type__":"cc.Color","r":171,"g":171,"b":171},"_parent":{"__id__":2},"_contentSize":{"__type__":"cc.Size","width":1143.8,"height":28},"_position":{"__type__":"cc.Vec2","x":-2,"y":-346},"_components":[{"__type__":"cc.Label","node":{"__id__":4},"_useOriginalSize":false,"_actualFontSize":21,"_fontSize":21,"_N$file":{"__uuid__":"b5e86078-14dd-4385-a40f-e4d202173977"},"_isSystemFontUsed":false,"_N$string":"抵制不良游戏，拒绝盗版游戏。注意自我保护，谨防受骗上当。适度游戏益脑，沉迷游戏伤身。合理安排时间，享受健康生活。","_N$horizontalAlign":1,"_N$verticalAlign":1}]},{"__type__":"cc.Node","_name":"logo","_parent":{"__id__":2},"_contentSize":{"__type__":"cc.Size","width":711,"height":243},"_position":{"__type__":"cc.Vec2","y":90},"_components":[{"__type__":"cc.Sprite","node":{"__id__":5},"_spriteFrame":{"__uuid__":"adbbb0dd-c1a1-4700-99a7-2854a41ba2dc"},"_isTrimmedMode":false}]},{"__type__":"cc.Node","_name":"loadingPN","_parent":{"__id__":2},"_contentSize":{"__type__":"cc.Size","width":960,"height":540},"_children":[{"__id__":7},{"__id__":9},{"__id__":13}]},{"__type__":"cc.Node","_name":"ck_la","_parent":{"__id__":6},"_contentSize":{"__type__":"cc.Size","width":140,"height":20},"_position":{"__type__":"cc.Vec2","x":1,"y":-213},"_components":[{"__id__":8}]},{"__type__":"cc.Label","node":{"__id__":7},"_useOriginalSize":false,"_actualFontSize":20,"_fontSize":20,"_lineHeight":20,"_N$string":"检查版本更新中","_N$horizontalAlign":1,"_N$verticalAlign":1},{"__type__":"cc.Node","_name":"pro","_parent":{"__id__":6},"_contentSize":{"__type__":"cc.Size","width":685,"height":35},"_children":[{"__id__":10}],"_position":{"__type__":"cc.Vec2","x":8,"y":-264},"_components":[{"__type__":"cc.Sprite","node":{"__id__":9},"_spriteFrame":{"__uuid__":"02077f26-12d2-4c4d-8618-95772ea54dfb"},"_sizeMode":0},{"__id__":12}]},{"__type__":"cc.Node","_name":"bar","_parent":{"__id__":9},"_anchorPoint":{"__type__":"cc.Vec2","y":0.5},"_contentSize":{"__type__":"cc.Size","height":30},"_position":{"__type__":"cc.Vec2","x":-339,"y":-3},"_components":[{"__id__":11}]},{"__type__":"cc.Sprite","node":{"__id__":10},"_spriteFrame":{"__uuid__":"798bc743-71b8-4f22-8159-39a228522ecb"},"_type":2,"_sizeMode":0},{"__type__":"cc.ProgressBar","node":{"__id__":9},"_N$barSprite":{"__id__":11},"_N$totalLength":685,"_N$progress":0},{"__type__":"cc.Node","_name":"01","_parent":{"__id__":6},"_contentSize":{"__type__":"cc.Size","width":54,"height":62},"_position":{"__type__":"cc.Vec2","x":-316,"y":-261},"_components":[{"__type__":"cc.Sprite","node":{"__id__":13},"_spriteFrame":{"__uuid__":"55009213-85aa-414c-bd0f-d6cf7061e74a"}}]},{"__type__":"cc.Node","_name":"loginPN","_parent":{"__id__":2},"_children":[{"__id__":15},{"__id__":19},{"__id__":21},{"__id__":23},{"__id__":28}],"_active":false},{"__type__":"cc.Node","_name":"login","_parent":{"__id__":14},"_contentSize":{"__type__":"cc.Size","width":362,"height":87},"_children":[{"__id__":16},{"__id__":17}],"_position":{"__type__":"cc.Vec2","y":-238},"_components":[{"__type__":"cc.Sprite","node":{"__id__":15},"_spriteFrame":{"__uuid__":"1dd2536d-3723-4e17-9101-17f3cdcb14f8"}},{"__id__":18}],"_prefab":{"__type__":"cc.PrefabInfo","root":{"__id__":15},"fileId":"4924f9KSt1G55gACg7XSIt8"}},{"__type__":"cc.Node","_name":"08-","_parent":{"__id__":15},"_contentSize":{"__type__":"cc.Size","width":82,"height":68},"_position":{"__type__":"cc.Vec2","x":-119,"y":3},"_components":[{"__type__":"cc.Sprite","node":{"__id__":16},"_spriteFrame":{"__uuid__":"a78d4a5d-0ef5-4dff-a018-d5d5872e0c51"}}],"_prefab":{"__type__":"cc.PrefabInfo","root":{"__id__":15},"fileId":"50658Gkut1KbZcIkLkUSftE"}},{"__type__":"cc.Node","_name":"08--","_parent":{"__id__":15},"_contentSize":{"__type__":"cc.Size","width":189,"height":50},"_position":{"__type__":"cc.Vec2","x":37,"y":2},"_components":[{"__type__":"cc.Sprite","node":{"__id__":17},"_spriteFrame":{"__uuid__":"76182897-b80c-4c1d-bead-ea1b38fcb927"}}],"_prefab":{"__type__":"cc.PrefabInfo","root":{"__id__":15},"fileId":"587a8z53uZH1oYaRg4aap9Z"}},{"__type__":"cc.Button","node":{"__id__":15},"transition":3,"pressedSprite":{"__uuid__":"1dd2536d-3723-4e17-9101-17f3cdcb14f8"},"hoverSprite":{"__uuid__":"1dd2536d-3723-4e17-9101-17f3cdcb14f8"},"_N$normalSprite":{"__uuid__":"1dd2536d-3723-4e17-9101-17f3cdcb14f8"},"_N$disabledSprite":{"__uuid__":"1dd2536d-3723-4e17-9101-17f3cdcb14f8"},"_N$target":{"__id__":15}},{"__type__":"cc.Node","_name":"g_login","_parent":{"__id__":14},"_contentSize":{"__type__":"cc.Size","width":240,"height":87},"_children":[{"__id__":20}],"_position":{"__type__":"cc.Vec2","x":350,"y":-239},"_components":[{"__type__":"cc.Sprite","node":{"__id__":19},"_spriteFrame":{"__uuid__":"9f557123-d76f-4637-a969-96b011497ed7"},"_type":1,"_sizeMode":0},{"__type__":"cc.Button","node":{"__id__":19},"transition":3,"_N$target":{"__id__":19}}]},{"__type__":"cc.Node","_name":"login1","_parent":{"__id__":19},"_contentSize":{"__type__":"cc.Size","width":164,"height":43},"_position":{"__type__":"cc.Vec2","y":1},"_components":[{"__type__":"cc.Sprite","node":{"__id__":20},"_spriteFrame":{"__uuid__":"18154191-45a4-473a-be7c-0f8b93ba4dc0"}}]},{"__type__":"cc.Node","_name":"toggle","_parent":{"__id__":14},"_contentSize":{"__type__":"cc.Size","width":28,"height":28},"_children":[{"__id__":22}],"_position":{"__type__":"cc.Vec2","x":-91,"y":-307},"_active":false,"_components":[{"__type__":"cc.Toggle","node":{"__id__":21},"transition":3,"_N$target":{"__id__":22}}]},{"__type__":"cc.Node","_name":"Background","_parent":{"__id__":21},"_contentSize":{"__type__":"cc.Size","width":28,"height":28},"_components":[{"__type__":"cc.Sprite","node":{"__id__":22},"_spriteFrame":{"__uuid__":"6827ca32-0107-4552-bab2-dfb31799bb44"}}]},{"__type__":"cc.Node","_name":"ck","_parent":{"__id__":14},"_contentSize":{"__type__":"cc.Size","width":28,"height":28},"_children":[{"__id__":24}],"_position":{"__type__":"cc.Vec2","x":-91,"y":-307},"_active":false,"_components":[{"__id__":27}]},{"__type__":"cc.Node","_name":"Background","_parent":{"__id__":23},"_contentSize":{"__type__":"cc.Size","width":33,"height":33},"_children":[{"__id__":25}],"_components":[{"__type__":"cc.Sprite","node":{"__id__":24},"_spriteFrame":{"__uuid__":"a4fc2fa7-1084-460e-a4f2-8bd30d06201e"},"_type":1}]},{"__type__":"cc.Node","_name":"checkmark","_parent":{"__id__":24},"_contentSize":{"__type__":"cc.Size","width":40,"height":34},"_components":[{"__id__":26}]},{"__type__":"cc.Sprite","node":{"__id__":25},"_spriteFrame":{"__uuid__":"6448ce5a-97c3-45b4-a5ac-cb6191571ef5"},"_sizeMode":2,"_isTrimmedMode":false},{"__type__":"cc.Toggle","node":{"__id__":23},"transition":3,"_N$target":{"__id__":24},"checkMark":{"__id__":26}},{"__type__":"cc.Node","_name":"userBtn","_parent":{"__id__":14},"_contentSize":{"__type__":"cc.Size","width":191,"height":31},"_position":{"__type__":"cc.Vec2","x":36,"y":-307},"_active":false,"_components":[{"__id__":29},{"__type__":"cc.Sprite","node":{"__id__":28},"_spriteFrame":{"__uuid__":"e01c97ae-3474-4ddd-bdf8-d5eef5794066"}}]},{"__type__":"cc.Button","node":{"__id__":28},"_N$target":{"__id__":28}},{"__type__":"cc.Node","_name":"label","_parent":{"__id__":2},"_contentSize":{"__type__":"cc.Size","width":1200,"height":40},"_position":{"__type__":"cc.Vec2","y":10},"_active":false,"_components":[{"__type__":"cc.Label","node":{"__id__":30},"_enabled":false,"_useOriginalSize":false,"_actualFontSize":30,"_fontSize":30,"_N$string":"速度快和福克斯分手就分手就发了啥就分了家风格及个人","_N$horizontalAlign":1,"_N$verticalAlign":1,"_N$overflow":3}]},{"__type__":"cc.Node","_name":"label","_parent":{"__id__":2},"_contentSize":{"__type__":"cc.Size","width":97.87,"height":40},"_position":{"__type__":"cc.Vec2","x":-522,"y":175},"_active":false,"_components":[{"__id__":32}]},{"__type__":"cc.Label","node":{"__id__":31},"_enabled":false,"_useOriginalSize":false,"_N$horizontalAlign":1,"_N$verticalAlign":1},{"__type__":"cc.Node","_name":"UserPN","_parent":{"__id__":2},"_children":[{"__id__":34},{"__id__":35},{"__id__":37},{"__id__":38},{"__id__":39},{"__id__":40},{"__id__":41}],"_active":false,"_components":[{"__type__":"6f67fkYoftA0okwrknaWVKB","node":{"__id__":33},"rootNod":{"__id__":33},"btn":{"__id__":36}}],"_prefab":{"__type__":"cc.PrefabInfo","root":{"__id__":33},"fileId":"c1077+yrCZFyL8ueKK0iGZh"}},{"__type__":"cc.Node","_name":"mask","_opacity":100,"_color":{"__type__":"cc.Color"},"_parent":{"__id__":33},"_contentSize":{"__type__":"cc.Size","width":1334,"height":750},"_components":[{"__type__":"cc.Sprite","node":{"__id__":34},"_spriteFrame":{"__uuid__":"a23235d1-15db-4b95-8439-a2e005bfff91"},"_sizeMode":0},{"__type__":"65cce0XyaZCE79saRqYVWic","node":{"__id__":34}}],"_prefab":{"__type__":"cc.PrefabInfo","root":{"__id__":33},"fileId":"a5c19sukpZFaZWb6XcANSmb"}},{"__type__":"cc.Node","_name":"userClose","_parent":{"__id__":33},"_contentSize":{"__type__":"cc.Size","width":77,"height":77},"_position":{"__type__":"cc.Vec2","x":458,"y":321},"_components":[{"__type__":"cc.Sprite","node":{"__id__":35},"_spriteFrame":{"__uuid__":"db794eec-3040-4fc6-a109-0cf96d5638f1"}},{"__id__":36}],"_prefab":{"__type__":"cc.PrefabInfo","root":{"__id__":33},"fileId":"33c02PPVUVGHqyffdlEKOfn"}},{"__type__":"cc.Button","node":{"__id__":35},"_N$target":{"__id__":35}},{"__type__":"cc.Node","_name":"11","_parent":{"__id__":33},"_contentSize":{"__type__":"cc.Size","width":970,"height":650},"_position":{"__type__":"cc.Vec2","x":-1,"y":-45},"_components":[{"__type__":"cc.Sprite","node":{"__id__":37},"_spriteFrame":{"__uuid__":"bdb25c2c-6599-4688-bfec-3b8001229372"},"_type":1,"_sizeMode":0,"_isTrimmedMode":false}],"_prefab":{"__type__":"cc.PrefabInfo","root":{"__id__":33},"fileId":"3caf0HcUW1PIKOhJ/75FjGy"}},{"__type__":"cc.Node","_name":"46","_parent":{"__id__":33},"_contentSize":{"__type__":"cc.Size","width":552,"height":100},"_scaleX":0.5,"_scaleY":0.6,"_position":{"__type__":"cc.Vec2","x":-1.3,"y":307},"_components":[{"__type__":"cc.Sprite","node":{"__id__":38},"_spriteFrame":{"__uuid__":"dcc0b59f-99d4-4a4e-b51b-5126b7aea7f3"}}],"_prefab":{"__type__":"cc.PrefabInfo","root":{"__id__":33},"fileId":"cc07fWd3oxEAYInRmdYzDmu"}},{"__type__":"cc.Node","_name":"13","_parent":{"__id__":33},"_contentSize":{"__type__":"cc.Size","width":158,"height":40},"_position":{"__type__":"cc.Vec2","x":6,"y":310},"_components":[{"__type__":"cc.Sprite","node":{"__id__":39},"_spriteFrame":{"__uuid__":"8f66e3bb-063d-4184-9dac-2b7ccb49f211"}}],"_prefab":{"__type__":"cc.PrefabInfo","root":{"__id__":33},"fileId":"4e081SZq1tB0ZbqJmFeD3lo"}},{"__type__":"cc.Node","_name":"Label","_color":{"__type__":"cc.Color"},"_parent":{"__id__":33},"_contentSize":{"__type__":"cc.Size","width":360,"height":40},"_position":{"__type__":"cc.Vec2","x":-9,"y":180},"_components":[{"__type__":"cc.Label","node":{"__id__":40},"_useOriginalSize":false,"_actualFontSize":30,"_fontSize":30,"_N$string":"《青岛友爱麻将》用户协议","_N$horizontalAlign":1,"_N$verticalAlign":1}],"_prefab":{"__type__":"cc.PrefabInfo","root":{"__id__":33},"fileId":"05c3bBQUPlCkIxdsmP5selH"}},{"__type__":"cc.Node","_name":"scrollView","_parent":{"__id__":33},"_contentSize":{"__type__":"cc.Size","width":850,"height":450},"_children":[{"__id__":42},{"__id__":48}],"_position":{"__type__":"cc.Vec2","y":-84},"_components":[{"__type__":"cc.Sprite","node":{"__id__":41},"_type":1,"_sizeMode":0},{"__id__":46}],"_prefab":{"__type__":"cc.PrefabInfo","root":{"__id__":33},"fileId":"f4d9fms491A7b4ARRNmSB1V"}},{"__type__":"cc.Node","_name":"scrollBar","_color":{"__type__":"cc.Color","r":238,"g":217,"b":227},"_parent":{"__id__":41},"_anchorPoint":{"__type__":"cc.Vec2","x":1,"y":0.5},"_contentSize":{"__type__":"cc.Size","width":12,"height":250},"_children":[{"__id__":43}],"_position":{"__type__":"cc.Vec2","x":120},"_active":false,"_components":[{"__id__":45},{"__type__":"cc.Widget","node":{"__id__":42},"_alignFlags":37,"_left":350.07654921020657,"_originalHeight":237},{"__type__":"cc.Sprite","node":{"__id__":42},"_spriteFrame":{"__uuid__":"5fe5dcaa-b513-4dc5-a166-573627b3a159"},"_type":1,"_sizeMode":0}],"_prefab":{"__type__":"cc.PrefabInfo","root":{"__id__":33},"fileId":"c4a61k1fF5OUq85Ekn6m+Ko"}},{"__type__":"cc.Node","_name":"bar","_color":{"__type__":"cc.Color","r":236,"g":241,"b":245},"_parent":{"__id__":42},"_anchorPoint":{"__type__":"cc.Vec2","x":1},"_contentSize":{"__type__":"cc.Size","width":10,"height":30},"_position":{"__type__":"cc.Vec2","x":-1},"_components":[{"__id__":44}],"_prefab":{"__type__":"cc.PrefabInfo","root":{"__id__":33},"fileId":"fd687G8z4FOV7hqASj6FJGs"}},{"__type__":"cc.Sprite","node":{"__id__":43},"_spriteFrame":{"__uuid__":"5c3bb932-6c3c-468f-88a9-c8c61d458641"},"_type":1,"_sizeMode":0},{"__type__":"cc.Scrollbar","node":{"__id__":42},"_scrollView":{"__id__":46},"_N$handle":{"__id__":44},"_N$direction":1},{"__type__":"cc.ScrollView","node":{"__id__":41},"content":{"__id__":47},"horizontal":false,"brake":0.75,"bounceDuration":0.23,"_N$horizontalScrollBar":null,"_N$verticalScrollBar":{"__id__":45}},{"__type__":"cc.Node","_name":"content","_parent":{"__id__":48},"_anchorPoint":{"__type__":"cc.Vec2","x":0.5,"y":1},"_contentSize":{"__type__":"cc.Size","width":850,"height":5750},"_children":[{"__id__":49},{"__id__":50}],"_position":{"__type__":"cc.Vec2","y":198},"_prefab":{"__type__":"cc.PrefabInfo","root":{"__id__":33},"fileId":"18a8criMqBFxo9EqNx1wr8d"}},{"__type__":"cc.Node","_name":"view","_parent":{"__id__":41},"_contentSize":{"__type__":"cc.Size","width":850,"height":450},"_children":[{"__id__":47}],"_position":{"__type__":"cc.Vec2","y":-7},"_components":[{"__type__":"cc.Mask","node":{"__id__":48}}],"_prefab":{"__type__":"cc.PrefabInfo","root":{"__id__":33},"fileId":"8e4f7ur7YpJMLNke8kMmnzs"}},{"__type__":"cc.Node","_name":"Label","_color":{"__type__":"cc.Color","r":172,"g":91,"b":56},"_parent":{"__id__":47},"_anchorPoint":{"__type__":"cc.Vec2","x":0.5,"y":1},"_contentSize":{"__type__":"cc.Size","width":850,"height":8760},"_position":{"__type__":"cc.Vec2","y":-52},"_components":[{"__type__":"cc.Label","node":{"__id__":49},"_useOriginalSize":false,"_actualFontSize":22,"_fontSize":22,"_N$string":"抵制不良游戏，拒绝盗版游戏。注意自我保护，谨防受骗上当。适度游戏益脑，沉迷游戏伤身。合理安排时间，享受健康生活。倡导理性消费，享受竞技快乐。\n严谨恶意利用本游戏进行赌博等违法犯罪行为，一经发现，立即封停账号、并向公安机关举报。\n\n欢迎使用青岛泓辉网络科技有限公司（以下可称“泓辉网络”）的游戏服务，请您（以下可称“用户”或“玩家”或“您”）仔细阅读以下条款；如果您未满18周岁，请在法定监护人的陪同下阅读本协议。本协议系您与泓辉网络之间就《青岛友爱麻将》（下称本游戏）所订立的权利义务规范。如果您对本协议的任何条款及/或泓辉网络随时对其的修改表示异议，您可以选择不进入本游戏；进入本游戏或使用泓辉网络服务，则意味着您同意遵守本协议全部约定，包括泓辉网络对协议随时所做的任何修改，并完全服从泓辉网络的统一管理。\n\n一、定义\n1.1本协议：指本协议正文及其修订版本、本游戏的规则及其修订版本。本协议同时还包括文化部依据《网络游戏管理暂行办法》（文化部令第49号）制定的《网络游戏服务格式化协议必备条款》（详见附录）。\n1.2游戏规则：指泓辉网络不时发布并修订的关于游戏的用户协议、游戏规则、游戏公告及通知、指引、说明等内容。\n1.3您：又称“玩家”或“用户”，指接受泓辉网络服务的自然人。\n1.4游戏数据：指您在使用泓辉网络服务过程中产生的并存储于服务的各种数据信息，包括游戏日志、安全日志等。\n1.5房卡：您进入并使用本游戏服务所需购买、消耗的游戏卡。房卡不可在玩家间交易，不能与游戏中的积分相兑换，仅用于进入并使用本游戏。\n二、账号\n2.1本游戏暂仅能通过微信验证登录，未来不排除将引入其他第三方账户体系用于登录本游戏。请您妥善保管您的各类账户和密码，确保账户安全。如果您将账户、密码转让、出售或出借予他人使用，或授权他人使用账号，应对被授权人在该账号下发生的所有行为负全部责任，泓辉对您前述行为所造成的任何后果，不承担任何法律责任。\n2.2如果泓辉网络在今后自建账号体系，则账户的所有权归泓辉网络，您在完成注册申请手续后，仅获得泓辉网络账户的使用权。您应提供及时、详尽及准确的个人资料，并不断更新注册信息。因注册信息不真实而导致的问题及后果，泓辉网络对此不负任何责任。因黑客行为等第三方因素或用户自身原因导致的账号安全问题，泓辉网络对受影响玩家不承担任何法律责任。\n2.3您应当通过真实身份信息认证注册账号，且您提交的账号名称、头像和简介等注册信息中不得出现违法和不良信息，经泓辉网络审核，如存在上述情况，泓辉网络将不予注册；同时，在注册后，如发现您以虚假信息骗取账号名称注册，或账号头像、简介等注册信息存在违法和不良信息的，泓辉网络有权不经通知单方采取限期改正、暂停使用、注销登记、收回等措施。\n2.4您如果需要使用和享受泓辉网络服务，您需要按照《网络游戏管理暂行规定》及文化部《网络游戏服务格式化协议必备条款》的需求，登陆实名注册系统并进行实名注册。\n2.5您充分理解并同意：泓辉网络会按照国家相关要求将您的实名注册信息运用于防沉迷系统之中，即泓辉网络可能会根据您的实名注册信息判断您是否年满18周岁，从而决定是否对您的游戏账号予以防沉迷限制。并且，若您未满18周岁，泓辉网络会根据有关规则及您家长的要求对您的账户进行限制。\n2.6如果您长期连续未登陆，您在游戏内的游戏数据可能会由于技术原因被删除，对此泓辉网络不承担任何责任。\n三、泓辉网络服务\n3.1泓辉网络将向您提供本游戏作为泓辉网络之用，泓辉网络严禁一切形式的赌博和其他违法犯罪活动。请您适度游戏，泓辉网络将与您共同打造绿色的休闲平台。\n3.2在您遵守本协议及相关法律法规的前提下，泓辉网络给予您一项不可转让及非排他性的许可，以使用泓辉网络服务。您使用泓辉网络服务仅可以非商业目的的使用，包括：\n（1）接收、下载、安装、启动、升级、登陆、显示、运行本游戏；\n（2）创建游戏角色，设置角色名（本游戏暂不支持）；查阅游戏规则、用户个人资料、游戏对局结果，开设游戏房间、设置游戏参数，使用聊天功能、社交分享功能；\n（3）使用本游戏支持并允许的其它某一项或几项功能。\n3.3您充分理解并同意：享受本游戏服务，需购买并消耗房卡；房卡可通过线上途径购得；房卡使用期限为自您获得房卡之日起至游戏终止运营（无论何种原因导致运营终止）之日止。一旦本协议终止或者本游戏终止运营，您将无法继续使用房卡；一旦购买房卡完成，除非泓辉网络同意，您将不得撤销交易或要求将所购房卡回兑成相应的现金或其他等价物。\n3.4本游戏暂不支持任何虚拟货币、虚拟物品等。\n3.5您在使用泓辉网络的收费功能时，应当按照泓辉网络的要求支付相应的费用。该权利属于泓辉网络的经营自主权，泓辉网络保留随时改变经营模式的权利，即保留变更收费的费率标准、收费的软件功能、收费对象及收费时间等权利。同时，也保留对泓辉网络进行升级、改版，增加、删除、修改、变更其功能或者变更其游戏规则的权利。用户如果不接受该等变更的，应当立即停止使用泓辉网络；用户继续使用本游戏的行为，视为用户接受改变后的经营模式。\n3.6为保障玩家的正当利益，泓辉网络对盗号及盗号相关行为（包括但不限于盗取账号、游戏数据、玩家个人资料、协助盗号者操作等）予以严厉打击和处罚。一经查证属实或应有权机关要求，泓辉网络有权视具体情况立即采取封号等处罚措施，情节严重的，泓辉网络保留对涉案玩家追究法律责任的权利。\n3.7如果泓辉网络发现或收到他人举报或投诉用户违反本协议约定的，经查证属实，泓辉网络有权不经通知随时对相关内容进行删除，并视行为情节对违规账号处以包括但不限于警告、限制或禁止使用全部或部分功能、封号甚至终止服务的触发。\n3.8您充分理解并同意，因您违反本协议或相关规则的规定，导致或产生第三方主张的任何索赔、要求或损失，您应当独立承担责任；泓辉网络因此遭受损失的，您也应一并赔偿。\n3.9泓辉网络可能会通过泓辉网络官方网站、客服电话、泓辉网络微信公众号、游戏管理员或其他的途径，向用户提供诸如游戏规则说明、BUG或外挂投诉、游戏账号锁定或解除锁定、游戏账号申诉、游戏账号暂时封停、游戏账号实名注册信息修改和/或查验等客户服务。\n3.10您可根据游戏当中的录像回访，向泓辉网络举报本游戏中存在的作弊等违规行为，如对处理结果不满意，可申诉一次，申诉的结果为最终判定结果。用户如对最终判定结果不满意，泓辉网络有权拒绝用户再次申诉请求。\n四、用户行为规范\n4.1您充分了解并同意，您必须为自己账号下的一切行为负责，包括您所发表的任何内容以及由此产生的任何后果。您应对本游戏中的内容自行加以判断，并承担因使用本游戏而引起的所有风险，包括因对本游戏内容的正确性、完整性或实用性的依赖而产生的风险。泓辉网络无法且不会对因前述风险而导致的任何损失或损害承担责任。\n4.2除非法律允许或泓辉网络书面许可，您不得（营利或非营利性的）从事下列行为：\n（1）通过非泓辉网络开发、授权的第三方软件、插件、外挂、系统，使用本游戏及泓辉网络的其它服务；\n（2）制作、发布、传播非泓辉网络开发。授权的第三方软件、插件、外挂、系统；\n（3）建立有关泓辉网络的镜像站点，或者进行网页（络）快照，或者利用架设服务器等方式，为他人提供与本游戏服务完全相同或者类似的服务；\n（4）对本游戏软件进行反向工程、反向汇编、反向编译或者以其他方式尝试获取软件的源代码；\n（5）通过各种方式侵入游戏服务器，干扰服务器的正常运行，接触、拷贝、篡改、增加、删除游戏数据；\n（6）使用泓辉网络的名称、商标或其它知识产权；\n（7）其他未经泓辉网络明示授权的行为。\n4.3您在使用本游戏服务过程中有如下行为的，泓辉网络将视情节严重程度，依据本协议及相关游戏规则的规定，对您暂时或永久性地做出禁言（关闭聊天功能）、强制离线、封号（暂停游戏账户）、终止服务等处理措施，情节严重的将移交有关机关给予行政处罚，甚至向公安机关举报、追究您的刑事责任：\n（1）假冒泓辉网络工作人员或其他客服服务人员；\n（2）传播非法言论或不当信息，包括使用非法或不当词语、字符等用于角色命名；\n（3）对泓辉网络工作人员或其他玩家进行辱骂、人身攻击等；不断吵闹、重复发言、不断发布广告、而已刷屏等，以及恶意连续骚扰他人，影响他人游戏等其他行为；\n（4）以任何方式破坏本游戏或影响本游戏服务的正常运行；\n（5）各种非法外挂行为；\n（6）利用系统的BUG、漏洞为自己及他人牟利；\n（7）利用本游戏进行赌博；\n（8）侵犯泓辉网络的知识产权，或者进行其他有损于本游戏或第三方合法权益的行为；\n（9）通过各种方式侵入游戏服务器，干扰服务器的正常运行，接触、拷贝、篡改、增加、删除游戏数据；\n（10）其他在行业内被广泛认可的不当行为，无论是否已经被本协议或游戏规则明确列明。\n五、免责声明\n5.1乐缤网络可能因游戏BUG、版本更新缺陷、运营BUG、第三方病毒攻击或其他任何因素导致您无法登陆账号，或导致您的游戏角色、游戏数据等账号数据发生异常。在数据异常的原因未得到查明前，泓辉网络有权暂时冻结该账号；若查明数据异常行为为非正常游戏行为，您游戏账号数据将可能恢复至异常发生前的原始状态，泓辉网络对此免责。\n5.2对于您从未经泓辉网络授权合作方处购买房卡的行为，泓辉网络不承担任何责任；泓辉网络不对未经授权的第三方交易的行为负责，并且不受理因任何未经授权的第三方交易发生纠纷带来的申诉。\n5.3由于互联网服务的特殊性，泓辉网络有权根据法律法规的规定及相关主管部门的要求、第三方权利人的投诉举报、与合作方的合作情况，以及泓辉网络业务发展情况，随时变更、中端或终止本服务的部分或全部内容。本游戏终止运营后，泓辉网络将根据游戏后台数据，向您退还剩余房卡或其他所购物品的费用。\n六、知识产权\n6.1泓辉网络是本游戏的知识产权权利人。相关的著作权、商标权、专利权、商业秘密等知识产权。以及其他信息内容（包括文字、图片、音频、视频、图标、界面设计、版面框架、有关数据或电子文档等）均受中华人民共和国法律和相应国际条约保护，泓辉网络享有上述知识产权，但相关权利人依照法律规定应享有的权利除外。\n6.2您在使用泓辉网络服务中产生的游戏数据的所有权和知识产权归泓辉网络所有，泓辉网络有权处置该游戏数据。\n6.3泓辉网络可能涉及第三方知识产权，而该等第三方对您基于本协议在泓辉网络中使用该等知识产权有要求的，您应当一并遵守。\n七、用户信息收集、使用及保护\n7.1您同意并授权泓辉网络为履行本协议之目的收集您的用户信息，这些信息包括您在实名注册系统中注册的信息、您账号下的游戏数据以及其他您在使用本游戏服务的过程中向泓辉网络提供的或泓辉网络基于安全、用户体验优化等考虑而需收集的信息，泓辉网络对您的用户信息的收集将遵循相关法律的规定。\n7.2您充分理解并同意：为更好地向您提供泓辉网络服务，泓辉网络可以将您的用户信息提交给关联公司，且泓辉网络有权自行或通过第三方对您的用户信息进行整理、统计、分析及利用。\n7.3您充分理解并同意：泓辉网络可以根据您的用户信息，通过短信、电话、邮件等各种方式向您提供关于泓辉网络的活动信息、推广信息等各类信息。\n7.4泓辉网络保证不对外公开或向任何第三方提供您的个人信息，但是存在下列情形之一的除外：\n（1）公开或提供相关信息之前获得您许可的；\n（2）根据法律或政策的规定而公开或提供的；\n（3）只有公开或提供您的个人信息，才能向您提供您需要的泓辉网络服务的；\n（4）根据国家权力机关要求公开或提供的；\n（5）根据本协议其他条款约定而公开或提供的。\n八、管辖与法律适用\n8.1本协议签订地为中华人民共和国青岛市。\n8.2本协议的成立、生效、履行、解释及纠纷解决，适用中华人民共和国大陆地区法律。\n8.3若您和泓辉网络之间因本协议发生任何纠纷或争议，首先应友好协商解决；协商不成的，您同意将纠纷或争议提交至红会网络住所地有管辖权的人民法院管辖。\n九、协议的变更和生效\n9.1泓辉网络有权根据需要不时修订本协议条款。上述内容一经正式公布即生效。您可以在泓辉网络的相关页面查阅最新版本的协议条款。\n9.2本协议条款变更后，如果您继续使用本游戏服务，即视为您已接受变更后的协议。如果您不接受变更后的协议，应当立即停止使用本游戏服务。\n9.3除非本协议另有其它明示规定，泓辉网络所推出的新产品、新功能、新服务，均受到本协议之规范。\n\n附录：《网络游戏服务格式化协议必备条款》\n1.账号注册\n1.1乙方承诺以其真实身份注册成为甲方的用户，并保证所提供的个人身份资料的信息真实、完整、有效，依据法律规定和必备条款约定对所提供的信息承担相应的法律责任。\n1.2乙方以其真实身份注册成为甲方用户后，需要修改所提供的个人身份资料信息的，甲方应当及时、有效地为其提供该项服务。\n2.用户账号使用与保管\n2.1根据必备条款的约定，甲方有权审查乙方注册所提供的身份信息是否真实、有效，并应积极地采取技术与管理等合理措施保障用户账号的安全、有效；乙方有义务妥善保管其账号及密码，并正确、安全地使用其账号及密码。任何一方未尽上述义务导致账号密码遗失、账号被盗等情形而给乙方和他人的民事权利造成损害的，应当承担由此产生的法律责任。\n2.2乙方对登陆后所持账号产生的行为依法享有权利和承担责任。\n2.3乙方发现其账号或密码被他人非法使用或有使用异常的情况的，应及时根据甲方公布的处理方式通知甲方，并有权通知甲方采取措施暂停该账号的登陆和使用。\n2.4甲方根据乙方的通知采取措施暂停乙方账号的登陆和使用的，甲方应当要求乙方提供并核实与其注册身份信息相一致的个人有效身份信息。\n2.4.1甲方核实乙方所提供的个人有效身份信息与所注册的身份信息相一致的，应当及时采取措施暂停乙方账号的登陆和使用。\n2.4.2甲方违反2.4.1款项的约定，未及时采取措施暂停乙方账号的登陆和使用，因为而给乙方造成损失的，应当承担相应的法律责任。\n2.4.3乙方没有提供其个人有效身份证件或者乙方提供的个人有效身份证件与所注册的身份信息不一致的，甲方有权拒绝乙方上述请求。\n2.5乙方为了维护其合法权益的，向甲方提供与所注册的身份信息相一致的个人有效身份信息时，甲方应当为乙方提供账号注册人证明、原始注册信息等必要的协助和支持，并根据需要向有关行政机关和司法机关提供相关证据信息资料。\n3.服务的中止与终止\n3.1乙方有发布违法信息、严重违背社会公德、以及其他违法法律禁止性规定的行为，甲方应当立即终止对乙方提供服务。\n3.2乙方在接受甲方服务时实施不正当行为的，甲方有权终止对乙方提供服务。该不正当行为的具体情形应当在本协议中有明确约定或属于甲方事先明确告知的应当被终止服务的禁止性行为，否则，甲方不得终止对乙方提供服务。\n3.3乙方提供虚假注册身份信息，或实施违反本协议的行为，甲方有权中止对乙方提供全部或部分服务；甲方采取中止措施应当通知乙方并告知中止期间，中止期间应该是合理的，中止期间届满甲方应当及时恢复对乙方的服务。\n3.4甲方根据本条约定中止或终止对乙方提供部分或全部服务的，甲方应负举证责任。\n4.用户信息保护\n4.1甲方要求乙方提供与其个人身份有关的信息资料时，应当事先以明确而易见的方式向乙方公开其隐私权保护政策和个人信息利用政策，并采取必要措施保护乙方的个人信息资料的安全。\n4.2未经乙方许可甲方不得向任何第三方提供、公开或共享乙方注册资料中的姓名、个人有效身份证件号码、联系方式、家庭住址等个人身份信息，但下列情况除外：\n4.2.1乙方或乙方监护人授权甲方披露的；\n4.2.2有关法律要求甲方披露的；\n4.2.3司法机关或行政机关基于法定程序要求甲方提供的；\n4.2.4甲方为了维护自己合法权益而向乙方提起诉讼或者仲裁时；\n4.2.5应乙方监护人的喝法要求而提供乙方个人身份信息时。\n","_N$verticalAlign":1,"_N$overflow":3}],"_prefab":{"__type__":"cc.PrefabInfo","root":{"__id__":33},"fileId":"f9f3c+6J71DJZEmMXVZHgy5"}},{"__type__":"cc.Node","_name":"New Label","_color":{"__type__":"cc.Color","r":172,"g":91,"b":56},"_parent":{"__id__":47},"_contentSize":{"__type__":"cc.Size","width":240,"height":80},"_position":{"__type__":"cc.Vec2","y":-42},"_components":[{"__type__":"cc.Label","node":{"__id__":50},"_useOriginalSize":false,"_actualFontSize":30,"_fontSize":30,"_N$string":"《健康游戏忠告》\n","_N$horizontalAlign":1,"_N$verticalAlign":1}],"_prefab":{"__type__":"cc.PrefabInfo","root":{"__id__":33},"fileId":"e9526Foja9CIrKt//nW8+JT"}},{"__type__":"cc.Node","_name":"tip","_parent":{"__id__":2},"_contentSize":{"__type__":"cc.Size","width":440,"height":232},"_children":[{"__id__":52},{"__id__":53},{"__id__":54},{"__id__":57},{"__id__":58}],"_position":{"__type__":"cc.Vec2","y":18},"_active":false,"_components":[{"__type__":"6f67fkYoftA0okwrknaWVKB","node":{"__id__":51},"rootNod":{"__id__":51},"btn":{"__id__":56}}]},{"__type__":"cc.Node","_name":"mask","_opacity":100,"_color":{"__type__":"cc.Color"},"_parent":{"__id__":51},"_contentSize":{"__type__":"cc.Size","width":1334,"height":750},"_position":{"__type__":"cc.Vec2","y":-18},"_components":[{"__type__":"cc.Sprite","node":{"__id__":52},"_spriteFrame":{"__uuid__":"a23235d1-15db-4b95-8439-a2e005bfff91"},"_sizeMode":0},{"__type__":"65cce0XyaZCE79saRqYVWic","node":{"__id__":52}}]},{"__type__":"cc.Node","_name":"11","_parent":{"__id__":51},"_contentSize":{"__type__":"cc.Size","width":440,"height":232},"_components":[{"__type__":"cc.Sprite","node":{"__id__":53},"_spriteFrame":{"__uuid__":"bdb25c2c-6599-4688-bfec-3b8001229372"},"_sizeMode":0}]},{"__type__":"cc.Node","_name":"tipbtn","_parent":{"__id__":51},"_contentSize":{"__type__":"cc.Size","width":214,"height":70},"_children":[{"__id__":55}],"_position":{"__type__":"cc.Vec2","x":3,"y":-56},"_components":[{"__type__":"cc.Sprite","node":{"__id__":54},"_spriteFrame":{"__uuid__":"8eff65ab-3b96-4cab-9937-cf4bc7f11a63"}},{"__id__":56}]},{"__type__":"cc.Node","_name":"108","_parent":{"__id__":54},"_contentSize":{"__type__":"cc.Size","width":92,"height":42},"_position":{"__type__":"cc.Vec2","x":2,"y":4},"_components":[{"__type__":"cc.Sprite","node":{"__id__":55},"_spriteFrame":{"__uuid__":"d75cbfa1-3dc2-478e-ba99-ae06ede6556c"}}]},{"__type__":"cc.Button","node":{"__id__":54},"_N$target":{"__id__":54}},{"__type__":"cc.Node","_name":"Label","_color":{"__type__":"cc.Color","r":158,"g":81,"b":14},"_parent":{"__id__":51},"_contentSize":{"__type__":"cc.Size","width":80,"height":40},"_position":{"__type__":"cc.Vec2","x":4,"y":67},"_components":[{"__type__":"cc.Label","node":{"__id__":57},"_useOriginalSize":false,"_N$string":"提示","_N$horizontalAlign":1,"_N$verticalAlign":1}]},{"__type__":"cc.Node","_name":"Label","_color":{"__type__":"cc.Color","r":158,"g":84,"b":14},"_parent":{"__id__":51},"_contentSize":{"__type__":"cc.Size","width":364,"height":40},"_position":{"__type__":"cc.Vec2","x":6,"y":14},"_components":[{"__type__":"cc.Label","node":{"__id__":58},"_useOriginalSize":false,"_actualFontSize":28,"_fontSize":28,"_N$string":"请同意用户协议并点击确定！","_N$horizontalAlign":1,"_N$verticalAlign":1}]},{"__type__":"cc.Node","_name":"name_input","_parent":{"__id__":2},"_contentSize":{"__type__":"cc.Size","width":160,"height":40},"_active":false,"_components":[{"__id__":60}]},{"__type__":"cc.EditBox","node":{"__id__":59},"_useOriginalSize":false,"_N$inputMode":6,"_N$fontSize":29,"_N$fontColor":{"__type__":"cc.Color"},"_N$maxLength":8},{"__type__":"cc.Node","_name":"AudioMng","_parent":{"__id__":1},"_id":"044f8UHInxNoLjFoJUe7suf","_components":[{"__type__":"00078GACARKVbSUCprauZdI","node":{"__id__":61},"touchCardAudio":{"__uuid__":"6ac5bb1d-4b2e-4978-b395-b05f397208e3"},"CardDownAudio":{"__uuid__":"888db44f-df89-4566-8ba9-915a8c98e696"},"TimeoutAudio":{"__uuid__":"6eb462e6-4f7e-4c3c-9eec-49f4e8306cb5"},"shaiziAudio":{"__uuid__":"b9cc2d37-9622-480f-a563-295cef5bd043"},"winerAudio":{"__uuid__":"d6c8e43e-6406-44e3-a585-ee749e5232ff"},"loserAudio":{"__uuid__":"aa282832-40c0-4010-83b0-964461d25160"},"buttonAudio":{"__uuid__":"fe22a810-749b-40e0-aecd-3cb4027feb9e"},"readyAudio":{"__uuid__":"76f18d9f-e7c8-4636-8e3a-0d4270ed6825"},"bgm1":{"__uuid__":"d80dc2ea-4450-40ea-bcc0-fdc26c6a6f27"},"bgm2":{"__uuid__":"6d7d6df3-30a0-4cab-bbfc-725b741c8219"},"bgm3":{"__uuid__":"67ebe532-f998-40e2-84b2-38df840b7a64"}}]}]