[{"__type__":"cc.Prefab","_name":"LeftChatInfo","data":{"__id__":1}},{"__type__":"cc.Node","_name":"LeftChatInfo","_anchorPoint":{"__type__":"cc.Vec2"},"_contentSize":{"__type__":"cc.Size","width":200.15,"height":76},"_children":[{"__id__":2},{"__id__":3}],"_components":[{"__type__":"cc.Sprite","node":{"__id__":1},"_spriteFrame":{"__uuid__":"0b4b4d90-def4-4b4c-be59-0b49ef1b366b"},"_type":1,"_sizeMode":0},{"__type__":"cc.Layout","node":{"__id__":1},"_layoutSize":{"__type__":"cc.Size","width":200.15,"height":76},"_resize":1,"_N$layoutType":1,"_N$paddingLeft":30,"_N$paddingRight":30}],"_prefab":{"__type__":"cc.PrefabInfo","root":{"__id__":1},"fileId":"6e8e0Ehb1lA7ZzoFkMc+IZp"}},{"__type__":"cc.Node","_name":"text","_color":{"__type__":"cc.Color","r":172,"g":91,"b":56},"_parent":{"__id__":1},"_contentSize":{"__type__":"cc.Size","width":140.15,"height":28},"_position":{"__type__":"cc.Vec2","x":100.075,"y":48},"_components":[{"__type__":"cc.Label","node":{"__id__":2},"_useOriginalSize":false,"_actualFontSize":28,"_fontSize":28,"_lineHeight":28,"_N$string":"646546654","_N$horizontalAlign":1,"_N$verticalAlign":1}],"_prefab":{"__type__":"cc.PrefabInfo","root":{"__id__":1},"fileId":"65dbc0bUN9HGpcJmwn6I/Qj"}},{"__type__":"cc.Node","_name":"sp_voice","_parent":{"__id__":1},"_contentSize":{"__type__":"cc.Size","width":23,"height":36},"_position":{"__type__":"cc.Vec2","x":181.65,"y":48},"_active":false,"_components":[{"__type__":"cc.Sprite","node":{"__id__":3},"_spriteFrame":{"__uuid__":"7923235d-10e8-48b9-af2b-08f8d8f1edfd"}}],"_prefab":{"__type__":"cc.PrefabInfo","root":{"__id__":1},"fileId":"02849xYBuVNRZZzbS+zu/pr"}}]