[{"__type__":"cc.Prefab","_name":"ReviewController","data":{"__id__":1}},{"__type__":"cc.Node","_name":"ReviewController","_color":{"__type__":"cc.Color","r":167,"g":167,"b":167},"_contentSize":{"__type__":"cc.Size","width":508,"height":80},"_children":[{"__id__":2},{"__id__":3},{"__id__":4},{"__id__":5},{"__id__":6},{"__id__":7},{"__id__":8}],"_components":[{"__type__":"cc.Sprite","node":{"__id__":1},"_spriteFrame":{"__uuid__":"1cd6f1ef-78f0-4899-b9d5-fa75f4b0d26e"},"_type":1,"_sizeMode":0},{"__type__":"cc.Layout","node":{"__id__":1},"_layoutSize":{"__type__":"cc.Size","width":508,"height":80},"_resize":1,"_N$layoutType":1,"_N$paddingLeft":20,"_N$paddingRight":20,"_N$spacingX":30},{"__type__":"37ae7yfL6dDZaHtJTrKViyn","node":{"__id__":1}}],"_prefab":{"__type__":"cc.PrefabInfo","root":{"__id__":1},"fileId":"2bb50IwaLdFkKSSc1DCzFpX"}},{"__type__":"cc.Node","_name":"bt_resume","_parent":{"__id__":1},"_contentSize":{"__type__":"cc.Size","width":53,"height":54},"_position":{"__type__":"cc.Vec2","x":-249},"_active":false,"_components":[{"__type__":"cc.Sprite","node":{"__id__":2},"_spriteFrame":{"__uuid__":"4553f65c-3419-43bd-9892-967336d3c2c8"}},{"__type__":"cc.Button","node":{"__id__":2},"transition":3,"_N$target":{"__id__":2}}],"_prefab":{"__type__":"cc.PrefabInfo","root":{"__id__":1},"fileId":"09e20XxD0pLeoVW5J3Ysl95"}},{"__type__":"cc.Node","_name":"bt_pause","_parent":{"__id__":1},"_contentSize":{"__type__":"cc.Size","width":53,"height":54},"_position":{"__type__":"cc.Vec2","x":-207.5},"_components":[{"__type__":"cc.Sprite","node":{"__id__":3},"_spriteFrame":{"__uuid__":"23a1ec31-23a0-4ff4-904e-d5db3bb8cf67"}},{"__type__":"cc.Button","node":{"__id__":3},"transition":3,"_N$target":{"__id__":3}}],"_prefab":{"__type__":"cc.PrefabInfo","root":{"__id__":1},"fileId":"f8cf3DxhthHQJxvsbMQtoZj"}},{"__type__":"cc.Node","_name":"bt_slow","_parent":{"__id__":1},"_contentSize":{"__type__":"cc.Size","width":53,"height":54},"_position":{"__type__":"cc.Vec2","x":-124.5},"_components":[{"__type__":"cc.Sprite","node":{"__id__":4},"_spriteFrame":{"__uuid__":"a3bc0d96-6bf1-489c-94a5-cff01611f146"}},{"__type__":"cc.Button","node":{"__id__":4},"transition":3,"_N$target":{"__id__":4}}],"_prefab":{"__type__":"cc.PrefabInfo","root":{"__id__":1},"fileId":"5807aLwk2tFvbUAJQFDh3MP"}},{"__type__":"cc.Node","_name":"bt_pre","_parent":{"__id__":1},"_contentSize":{"__type__":"cc.Size","width":53,"height":54},"_position":{"__type__":"cc.Vec2","x":-41.5},"_components":[{"__type__":"cc.Sprite","node":{"__id__":5},"_spriteFrame":{"__uuid__":"f716b1d6-eb8a-4400-870d-6a97c41c4717"}},{"__type__":"cc.Button","node":{"__id__":5},"transition":3,"_N$target":{"__id__":5}}],"_prefab":{"__type__":"cc.PrefabInfo","root":{"__id__":1},"fileId":"9d48852eiVAP7yA/2MLW4Y7"}},{"__type__":"cc.Node","_name":"bt_next","_parent":{"__id__":1},"_contentSize":{"__type__":"cc.Size","width":53,"height":54},"_position":{"__type__":"cc.Vec2","x":41.5},"_components":[{"__type__":"cc.Sprite","node":{"__id__":6},"_spriteFrame":{"__uuid__":"3d15c84b-f7cb-431e-bc6b-a91bc6c79b2c"}},{"__type__":"cc.Button","node":{"__id__":6},"transition":3,"_N$target":{"__id__":6}}],"_prefab":{"__type__":"cc.PrefabInfo","root":{"__id__":1},"fileId":"c4992DPWCFGR6Eje3RhvuPW"}},{"__type__":"cc.Node","_name":"bt_fast","_parent":{"__id__":1},"_contentSize":{"__type__":"cc.Size","width":53,"height":54},"_position":{"__type__":"cc.Vec2","x":124.5},"_components":[{"__type__":"cc.Sprite","node":{"__id__":7},"_spriteFrame":{"__uuid__":"cbeb603e-abfe-4b33-9fdd-7f9d8d481aca"}},{"__type__":"cc.Button","node":{"__id__":7},"transition":3,"_N$target":{"__id__":7}}],"_prefab":{"__type__":"cc.PrefabInfo","root":{"__id__":1},"fileId":"e778ad10pBE6761+d4Ao4y8"}},{"__type__":"cc.Node","_name":"bt_menu","_parent":{"__id__":1},"_contentSize":{"__type__":"cc.Size","width":53,"height":54},"_position":{"__type__":"cc.Vec2","x":207.5},"_components":[{"__type__":"cc.Sprite","node":{"__id__":8},"_spriteFrame":{"__uuid__":"100f8465-cfad-471e-86d2-d3ba1c1315dd"}},{"__type__":"cc.Button","node":{"__id__":8},"transition":3,"_N$target":{"__id__":8}}],"_prefab":{"__type__":"cc.PrefabInfo","root":{"__id__":1},"fileId":"00592vYxJRBB5EBD/G2GMiS"}}]