[{"__type__":"cc.Prefab","_name":"setting","data":{"__id__":1}},{"__type__":"cc.Node","_name":"setting","_children":[{"__id__":2},{"__id__":10},{"__id__":12},{"__id__":14},{"__id__":16},{"__id__":18},{"__id__":20},{"__id__":22},{"__id__":29},{"__id__":36}],"_components":[{"__type__":"6f67fkYoftA0okwrknaWVKB","node":{"__id__":1},"rootNod":{"__id__":1},"btn":{"__id__":9}},{"__type__":"197adV7wXBBlI1MvMm3eKWN","node":{"__id__":1},"btn_yx":{"__id__":11},"btn_yy":{"__id__":13},"btn_exit":{"__id__":42},"btn_exitLogin":{"__id__":39},"btn_gps":{"__id__":15},"btn_closeGps":{"__id__":17},"sp_gps":{"__id__":19},"sl_yx":{"__id__":28},"sl_yy":{"__id__":35},"sp_yx":{"__id__":24},"sp_yy":{"__id__":31},"sp_ha1":{"__id__":26},"sp_ha2":{"__id__":33},"la_gps":{"__id__":21},"btn_votefree":{"__id__":45}}],"_prefab":{"__type__":"cc.PrefabInfo","root":{"__id__":1},"fileId":"c9832u1jItPAJH7SaNdR9HI"}},{"__type__":"cc.Node","_name":"mainPre1","_parent":{"__id__":1},"_contentSize":{"__type__":"cc.Size","width":40,"height":36},"_children":[{"__id__":3},{"__id__":4},{"__id__":5},{"__id__":6},{"__id__":7},{"__id__":8}],"_position":{"__type__":"cc.Vec2","x":2},"_components":[{"__type__":"cc.Sprite","node":{"__id__":2},"_spriteFrame":{"__uuid__":"8cdb44ac-a3f6-449f-b354-7cd48cf84061"}}],"_prefab":{"__type__":"cc.PrefabInfo","root":{"__id__":1},"fileId":"ea6d2LTDGhC8L5fcF4+XOQx"}},{"__type__":"cc.Node","_name":"ns","_opacity":100,"_color":{"__type__":"cc.Color"},"_parent":{"__id__":2},"_contentSize":{"__type__":"cc.Size","width":1334,"height":750},"_components":[{"__type__":"cc.Sprite","node":{"__id__":3},"_spriteFrame":{"__uuid__":"a23235d1-15db-4b95-8439-a2e005bfff91"},"_sizeMode":0},{"__type__":"65cce0XyaZCE79saRqYVWic","node":{"__id__":3}}],"_prefab":{"__type__":"cc.PrefabInfo","root":{"__id__":1},"fileId":"a5856+wzRNGw5maEKtWCOA7"}},{"__type__":"cc.Node","_name":"69","_parent":{"__id__":2},"_contentSize":{"__type__":"cc.Size","width":377,"height":78},"_scaleX":1.6,"_scaleY":1.3,"_position":{"__type__":"cc.Vec2","x":-4,"y":266},"_components":[{"__type__":"cc.Sprite","node":{"__id__":4},"_spriteFrame":{"__uuid__":"fa416f65-2ab5-4070-a3e3-0717d3b98ba9"}}],"_prefab":{"__type__":"cc.PrefabInfo","root":{"__id__":1},"fileId":"46662lCiKtMRoasE1Qk+rOD"}},{"__type__":"cc.Node","_name":"11","_parent":{"__id__":2},"_contentSize":{"__type__":"cc.Size","width":950,"height":600},"_scaleX":0.92,"_scaleY":0.92,"_position":{"__type__":"cc.Vec2","x":-5,"y":-57},"_components":[{"__type__":"cc.Sprite","node":{"__id__":5},"_spriteFrame":{"__uuid__":"bdb25c2c-6599-4688-bfec-3b8001229372"},"_type":1,"_sizeMode":0}],"_prefab":{"__type__":"cc.PrefabInfo","root":{"__id__":1},"fileId":"6f234PrLFtMx7XBquTNZi6d"}},{"__type__":"cc.Node","_name":"14","_parent":{"__id__":2},"_contentSize":{"__type__":"cc.Size","width":292,"height":61},"_scaleX":2,"_scaleY":1.55,"_position":{"__type__":"cc.Vec2","x":-3,"y":260},"_components":[{"__type__":"cc.Sprite","node":{"__id__":6},"_spriteFrame":{"__uuid__":"4fb3431d-f0d0-4c2c-bdcd-e4139b338026"}}],"_prefab":{"__type__":"cc.PrefabInfo","root":{"__id__":1},"fileId":"b57a7Y707JCgrznLIN/VZJe"}},{"__type__":"cc.Node","_name":"title","_parent":{"__id__":2},"_contentSize":{"__type__":"cc.Size","width":144,"height":56},"_position":{"__type__":"cc.Vec2","y":256},"_components":[{"__type__":"cc.Sprite","node":{"__id__":7},"_spriteFrame":{"__uuid__":"814ccdfc-81f1-4045-8719-1548d35e2b12"}}],"_prefab":{"__type__":"cc.PrefabInfo","root":{"__id__":1},"fileId":"1f432AyzqRBZZ00WsLo46B2"}},{"__type__":"cc.Node","_name":"close","_parent":{"__id__":2},"_contentSize":{"__type__":"cc.Size","width":77,"height":77},"_position":{"__type__":"cc.Vec2","x":401,"y":270},"_components":[{"__type__":"cc.Sprite","node":{"__id__":8},"_spriteFrame":{"__uuid__":"db794eec-3040-4fc6-a109-0cf96d5638f1"}},{"__id__":9}],"_prefab":{"__type__":"cc.PrefabInfo","root":{"__id__":1},"fileId":"5496etzRmNBwZ7AQNZdKGZ3"}},{"__type__":"cc.Button","node":{"__id__":8},"transition":3,"_N$target":{"__id__":8}},{"__type__":"cc.Node","_name":"132","_parent":{"__id__":1},"_contentSize":{"__type__":"cc.Size","width":81,"height":84},"_position":{"__type__":"cc.Vec2","x":-312,"y":131},"_components":[{"__type__":"cc.Sprite","node":{"__id__":10},"_spriteFrame":{"__uuid__":"3c9b1cf9-c3b2-4a30-a29d-3af950db68cc"}},{"__id__":11}],"_prefab":{"__type__":"cc.PrefabInfo","root":{"__id__":1},"fileId":"a1e59YNpuFN0ZnT0CuanUYT"}},{"__type__":"cc.Button","node":{"__id__":10},"_N$target":{"__id__":10}},{"__type__":"cc.Node","_name":"133","_parent":{"__id__":1},"_contentSize":{"__type__":"cc.Size","width":81,"height":84},"_position":{"__type__":"cc.Vec2","x":-315,"y":-3},"_components":[{"__type__":"cc.Sprite","node":{"__id__":12},"_spriteFrame":{"__uuid__":"e2c7fe32-33a2-423e-8956-fc77141b7324"}},{"__id__":13}],"_prefab":{"__type__":"cc.PrefabInfo","root":{"__id__":1},"fileId":"1e9c9hhwddFUIf9iRP6RzNF"}},{"__type__":"cc.Button","node":{"__id__":12},"_N$target":{"__id__":12}},{"__type__":"cc.Node","_name":"gps_open","_parent":{"__id__":1},"_contentSize":{"__type__":"cc.Size","width":160,"height":55},"_position":{"__type__":"cc.Vec2","x":75,"y":-124},"_components":[{"__type__":"cc.Sprite","node":{"__id__":14},"_spriteFrame":{"__uuid__":"a3c2dccf-ad09-4739-b00e-91f54e1b7c13"}},{"__id__":15}],"_prefab":{"__type__":"cc.PrefabInfo","root":{"__id__":1},"fileId":"0cc05KQztBBMKspbKwJpG2a"}},{"__type__":"cc.Button","node":{"__id__":14},"_N$target":{"__id__":14}},{"__type__":"cc.Node","_name":"gps_close","_parent":{"__id__":1},"_contentSize":{"__type__":"cc.Size","width":163,"height":55},"_position":{"__type__":"cc.Vec2","x":77,"y":-125},"_components":[{"__id__":17}],"_prefab":{"__type__":"cc.PrefabInfo","root":{"__id__":1},"fileId":"383f4dvZUZDMIIFW1bybw/V"}},{"__type__":"cc.Sprite","node":{"__id__":16},"_spriteFrame":{"__uuid__":"ee68eee6-0e1a-4cee-915b-99dee95e922b"}},{"__type__":"cc.Node","_name":"btn_gps","_parent":{"__id__":1},"_contentSize":{"__type__":"cc.Size","width":77,"height":77},"_position":{"__type__":"cc.Vec2","x":32,"y":-123},"_components":[{"__id__":19}],"_prefab":{"__type__":"cc.PrefabInfo","root":{"__id__":1},"fileId":"5c1e2oANxpNtKaQR5RcwlD7"}},{"__type__":"cc.Sprite","node":{"__id__":18},"_spriteFrame":{"__uuid__":"8a629d08-2d27-41a7-8db0-7e09666a9452"}},{"__type__":"cc.Node","_name":"Label","_color":{"__type__":"cc.Color","r":234,"g":105},"_parent":{"__id__":1},"_contentSize":{"__type__":"cc.Size","width":143.91,"height":40},"_position":{"__type__":"cc.Vec2","x":-99,"y":-129.5},"_components":[{"__id__":21}],"_prefab":{"__type__":"cc.PrefabInfo","root":{"__id__":1},"fileId":"7b0d2YFm/dNb4bP/YLBZjRO"}},{"__type__":"cc.Label","node":{"__id__":20},"_useOriginalSize":false,"_actualFontSize":35,"_fontSize":35,"_N$string":"打开GPS","_N$horizontalAlign":1,"_N$verticalAlign":1},{"__type__":"cc.Node","_name":"sl_yx","_parent":{"__id__":1},"_contentSize":{"__type__":"cc.Size","width":557,"height":55},"_children":[{"__id__":23},{"__id__":25}],"_position":{"__type__":"cc.Vec2","x":55,"y":126},"_components":[{"__id__":28}],"_prefab":{"__type__":"cc.PrefabInfo","root":{"__id__":1},"fileId":"7b726waKOZDsISi9TFVwBde"}},{"__type__":"cc.Node","_name":"Background","_parent":{"__id__":22},"_anchorPoint":{"__type__":"cc.Vec2","y":0.5},"_contentSize":{"__type__":"cc.Size","width":557,"height":55},"_position":{"__type__":"cc.Vec2","x":-278},"_components":[{"__id__":24}],"_prefab":{"__type__":"cc.PrefabInfo","root":{"__id__":1},"fileId":"5d6b9dihCRPG6jy+kUSLGny"}},{"__type__":"cc.Sprite","node":{"__id__":23},"_spriteFrame":{"__uuid__":"0d273a71-4c3c-475d-bd46-5bf9e8dae48b"},"_type":1,"_sizeMode":0},{"__type__":"cc.Node","_name":"Handle","_parent":{"__id__":22},"_contentSize":{"__type__":"cc.Size","width":80,"height":78},"_position":{"__type__":"cc.Vec2","x":278.5},"_components":[{"__id__":26},{"__id__":27}],"_prefab":{"__type__":"cc.PrefabInfo","root":{"__id__":1},"fileId":"5a270o13V5HbIud/ku03Kix"}},{"__type__":"cc.Sprite","node":{"__id__":25},"_spriteFrame":{"__uuid__":"a6f2594f-584b-4ce2-a547-1aad6034aa94"},"_type":1,"_sizeMode":0},{"__type__":"cc.Button","node":{"__id__":25},"pressedColor":{"__type__":"cc.Color","r":255,"g":255,"b":255},"zoomScale":0.1,"pressedSprite":{"__uuid__":"a6f2594f-584b-4ce2-a547-1aad6034aa94"},"hoverSprite":{"__uuid__":"e9ec654c-97a2-4787-9325-e6a10375219a"},"_N$normalColor":{"__type__":"cc.Color","r":255,"g":255,"b":255},"_N$disabledColor":{"__type__":"cc.Color","r":255,"g":255,"b":255},"_N$normalSprite":{"__uuid__":"a6f2594f-584b-4ce2-a547-1aad6034aa94"},"_N$disabledSprite":{"__uuid__":"29158224-f8dd-4661-a796-1ffab537140e"},"_N$target":{"__id__":25}},{"__type__":"cc.Slider","node":{"__id__":22},"slideEvents":[{"__type__":"cc.ClickEvent","target":{"__id__":1},"component":"Setting","handler":"sl_yxCallBack"}],"_N$handle":{"__id__":27},"_N$progress":1},{"__type__":"cc.Node","_name":"sl_yy","_parent":{"__id__":1},"_contentSize":{"__type__":"cc.Size","width":557,"height":55},"_children":[{"__id__":30},{"__id__":32}],"_position":{"__type__":"cc.Vec2","x":55,"y":-7},"_components":[{"__id__":35}],"_prefab":{"__type__":"cc.PrefabInfo","root":{"__id__":1},"fileId":"9ed12MLdm1GJ6WlO2sRIYcj"}},{"__type__":"cc.Node","_name":"Background","_parent":{"__id__":29},"_anchorPoint":{"__type__":"cc.Vec2","y":0.5},"_contentSize":{"__type__":"cc.Size","width":557,"height":55},"_position":{"__type__":"cc.Vec2","x":-278},"_components":[{"__id__":31}],"_prefab":{"__type__":"cc.PrefabInfo","root":{"__id__":1},"fileId":"97689FaJq5Nf6LeAFhHoOrp"}},{"__type__":"cc.Sprite","node":{"__id__":30},"_spriteFrame":{"__uuid__":"0d273a71-4c3c-475d-bd46-5bf9e8dae48b"},"_type":1,"_sizeMode":0},{"__type__":"cc.Node","_name":"Handle","_parent":{"__id__":29},"_contentSize":{"__type__":"cc.Size","width":80,"height":78},"_position":{"__type__":"cc.Vec2","x":278.5},"_components":[{"__id__":33},{"__id__":34}],"_prefab":{"__type__":"cc.PrefabInfo","root":{"__id__":1},"fileId":"e25951zBupDwLi6dHtO7yxF"}},{"__type__":"cc.Sprite","node":{"__id__":32},"_spriteFrame":{"__uuid__":"a6f2594f-584b-4ce2-a547-1aad6034aa94"},"_type":1,"_sizeMode":0},{"__type__":"cc.Button","node":{"__id__":32},"pressedColor":{"__type__":"cc.Color","r":255,"g":255,"b":255},"zoomScale":0.1,"pressedSprite":{"__uuid__":"a6f2594f-584b-4ce2-a547-1aad6034aa94"},"hoverSprite":{"__uuid__":"e9ec654c-97a2-4787-9325-e6a10375219a"},"_N$normalColor":{"__type__":"cc.Color","r":255,"g":255,"b":255},"_N$disabledColor":{"__type__":"cc.Color","r":255,"g":255,"b":255},"_N$normalSprite":{"__uuid__":"a6f2594f-584b-4ce2-a547-1aad6034aa94"},"_N$disabledSprite":{"__uuid__":"29158224-f8dd-4661-a796-1ffab537140e"},"_N$target":{"__id__":32}},{"__type__":"cc.Slider","node":{"__id__":29},"slideEvents":[{"__type__":"cc.ClickEvent","target":{"__id__":1},"component":"Setting","handler":"sl_yyCallBack"}],"_N$handle":{"__id__":34},"_N$progress":1},{"__type__":"cc.Node","_name":"bt_group","_color":{"__type__":"cc.Color","r":167,"g":167,"b":167},"_parent":{"__id__":1},"_contentSize":{"__type__":"cc.Size","width":640,"height":100},"_children":[{"__id__":37},{"__id__":40},{"__id__":43}],"_position":{"__type__":"cc.Vec2","y":-240},"_components":[{"__type__":"cc.Sprite","node":{"__id__":36},"_type":1,"_sizeMode":0},{"__type__":"cc.Layout","node":{"__id__":36},"_layoutSize":{"__type__":"cc.Size","width":640,"height":100},"_resize":1,"_N$layoutType":1,"_N$spacingX":40}],"_prefab":{"__type__":"cc.PrefabInfo","root":{"__id__":1},"fileId":"6a110xEhjhCIY3tJkAjYZM3"}},{"__type__":"cc.Node","_name":"btn_exitLogin","_parent":{"__id__":36},"_contentSize":{"__type__":"cc.Size","width":300,"height":100},"_children":[{"__id__":38}],"_position":{"__type__":"cc.Vec2","x":-170},"_components":[{"__type__":"cc.Sprite","node":{"__id__":37},"_spriteFrame":{"__uuid__":"8eff65ab-3b96-4cab-9937-cf4bc7f11a63"},"_sizeMode":0},{"__id__":39}],"_prefab":{"__type__":"cc.PrefabInfo","root":{"__id__":1},"fileId":"7d03aYqsElJAoJ7U6O2uJqr"}},{"__type__":"cc.Node","_name":"130","_parent":{"__id__":37},"_contentSize":{"__type__":"cc.Size","width":191,"height":49},"_position":{"__type__":"cc.Vec2","y":7},"_components":[{"__type__":"cc.Sprite","node":{"__id__":38},"_spriteFrame":{"__uuid__":"ec728a47-cf88-496c-b9d3-b9b922cad51d"}}],"_prefab":{"__type__":"cc.PrefabInfo","root":{"__id__":1},"fileId":"56b4e2RkKVOKIdPnK1XbYMd"}},{"__type__":"cc.Button","node":{"__id__":37},"_N$target":{"__id__":37}},{"__type__":"cc.Node","_name":"btn_exit","_parent":{"__id__":36},"_contentSize":{"__type__":"cc.Size","width":300,"height":100},"_children":[{"__id__":41}],"_position":{"__type__":"cc.Vec2","x":170},"_components":[{"__type__":"cc.Sprite","node":{"__id__":40},"_spriteFrame":{"__uuid__":"8eff65ab-3b96-4cab-9937-cf4bc7f11a63"},"_sizeMode":0},{"__id__":42}],"_prefab":{"__type__":"cc.PrefabInfo","root":{"__id__":1},"fileId":"9d8cbzhuRRJhrVoe6rlniWW"}},{"__type__":"cc.Node","_name":"130","_parent":{"__id__":40},"_contentSize":{"__type__":"cc.Size","width":181,"height":50},"_position":{"__type__":"cc.Vec2","y":7},"_components":[{"__type__":"cc.Sprite","node":{"__id__":41},"_spriteFrame":{"__uuid__":"ca6926e2-c669-4b92-ae9d-11cc1234f513"}}],"_prefab":{"__type__":"cc.PrefabInfo","root":{"__id__":1},"fileId":"e4b91CKe51KMKjWK7wMvT2T"}},{"__type__":"cc.Button","node":{"__id__":40},"_N$target":{"__id__":40}},{"__type__":"cc.Node","_name":"btn_votefree","_parent":{"__id__":36},"_contentSize":{"__type__":"cc.Size","width":362,"height":87},"_children":[{"__id__":44}],"_position":{"__type__":"cc.Vec2","x":340},"_active":false,"_components":[{"__type__":"cc.Sprite","node":{"__id__":43},"_spriteFrame":{"__uuid__":"c4863863-af26-466e-8925-8584b65d661e"}},{"__id__":45}],"_prefab":{"__type__":"cc.PrefabInfo","root":{"__id__":1},"fileId":"1d297UhxHBGNZ3JQkZ1ISp1"}},{"__type__":"cc.Node","_name":"tpjs","_parent":{"__id__":43},"_contentSize":{"__type__":"cc.Size","width":180,"height":51},"_components":[{"__type__":"cc.Sprite","node":{"__id__":44},"_spriteFrame":{"__uuid__":"a241a0e0-7f42-4841-ad1a-aca144957ce8"}}],"_prefab":{"__type__":"cc.PrefabInfo","root":{"__id__":1},"fileId":"b00a7u1uD5JyJo0JSz2rKuO"}},{"__type__":"cc.Button","node":{"__id__":43},"transition":3,"_N$target":{"__id__":43}}]