[{"__type__":"cc.Prefab","_name":"shareLayer","data":{"__id__":1}},{"__type__":"cc.Node","_name":"shareLayer","_children":[{"__id__":2},{"__id__":3},{"__id__":4},{"__id__":7},{"__id__":10},{"__id__":13}],"_components":[{"__type__":"65cce0XyaZCE79saRqYVWic","node":{"__id__":1}},{"__type__":"1084amt9v5LSaiOrf64xJhJ","node":{"__id__":1},"btn_pyq":{"__id__":6},"btn_hy":{"__id__":9},"btn_cancel":{"__id__":12}}],"_prefab":{"__type__":"cc.PrefabInfo","root":{"__id__":1},"asset":{"__id__":0},"fileId":"21871usCSNPgIvBcRlkGm8e"}},{"__type__":"cc.Node","_name":"New Sprite","_opacity":100,"_color":{"__type__":"cc.Color"},"_parent":{"__id__":1},"_contentSize":{"__type__":"cc.Size","width":1334,"height":750},"_components":[{"__type__":"cc.Sprite","node":{"__id__":2},"_spriteFrame":{"__uuid__":"410fb916-8721-4663-bab8-34397391ace7"},"_sizeMode":0},{"__type__":"65cce0XyaZCE79saRqYVWic","node":{"__id__":2}}],"_prefab":{"__type__":"cc.PrefabInfo","root":{"__id__":1},"asset":{"__id__":0},"fileId":"ba521bjt81LQ7669+fD7Mgx"}},{"__type__":"cc.Node","_name":"11","_parent":{"__id__":1},"_contentSize":{"__type__":"cc.Size","width":900,"height":232},"_position":{"__type__":"cc.Vec2","x":-4,"y":-96},"_components":[{"__type__":"cc.Sprite","node":{"__id__":3},"_spriteFrame":{"__uuid__":"bdb25c2c-6599-4688-bfec-3b8001229372"},"_type":1,"_sizeMode":0}],"_prefab":{"__type__":"cc.PrefabInfo","root":{"__id__":1},"asset":{"__id__":0},"fileId":"92f6bB2/klOir9QivOf5ig8"}},{"__type__":"cc.Node","_name":"pyq","_parent":{"__id__":1},"_contentSize":{"__type__":"cc.Size","width":214,"height":70},"_children":[{"__id__":5}],"_position":{"__type__":"cc.Vec2","x":-249,"y":-134},"_components":[{"__type__":"cc.Sprite","node":{"__id__":4},"_spriteFrame":{"__uuid__":"8eff65ab-3b96-4cab-9937-cf4bc7f11a63"}},{"__id__":6}],"_prefab":{"__type__":"cc.PrefabInfo","root":{"__id__":1},"asset":{"__id__":0},"fileId":"b6fd3HjIYxJpZmxcEdtLVnQ"}},{"__type__":"cc.Node","_name":"70","_parent":{"__id__":4},"_contentSize":{"__type__":"cc.Size","width":129,"height":45},"_position":{"__type__":"cc.Vec2","y":3},"_components":[{"__type__":"cc.Sprite","node":{"__id__":5},"_spriteFrame":{"__uuid__":"d5e83fb5-bf31-44e6-beb0-0fc9756ff31f"}}],"_prefab":{"__type__":"cc.PrefabInfo","root":{"__id__":1},"asset":{"__id__":0},"fileId":"9f5d0/hg71KFISei9OXGubX"}},{"__type__":"cc.Button","node":{"__id__":4},"transition":3,"_N$target":{"__id__":4}},{"__type__":"cc.Node","_name":"hy","_parent":{"__id__":1},"_contentSize":{"__type__":"cc.Size","width":214,"height":70},"_children":[{"__id__":8}],"_position":{"__type__":"cc.Vec2","x":-10,"y":-134},"_components":[{"__type__":"cc.Sprite","node":{"__id__":7},"_spriteFrame":{"__uuid__":"8eff65ab-3b96-4cab-9937-cf4bc7f11a63"}},{"__id__":9}],"_prefab":{"__type__":"cc.PrefabInfo","root":{"__id__":1},"asset":{"__id__":0},"fileId":"9df25Pasg1DTJovAkzxrP81"}},{"__type__":"cc.Node","_name":"70","_parent":{"__id__":7},"_contentSize":{"__type__":"cc.Size","width":99,"height":46},"_position":{"__type__":"cc.Vec2","y":3},"_components":[{"__type__":"cc.Sprite","node":{"__id__":8},"_spriteFrame":{"__uuid__":"b680eff8-a8ad-4297-9c92-bb13bcaa9a66"}}],"_prefab":{"__type__":"cc.PrefabInfo","root":{"__id__":1},"asset":{"__id__":0},"fileId":"c85b0II2cVD36dkHSNJivRG"}},{"__type__":"cc.Button","node":{"__id__":7},"transition":3,"_N$target":{"__id__":7}},{"__type__":"cc.Node","_name":"qx","_parent":{"__id__":1},"_contentSize":{"__type__":"cc.Size","width":214,"height":70},"_children":[{"__id__":11}],"_position":{"__type__":"cc.Vec2","x":233,"y":-134},"_components":[{"__type__":"cc.Sprite","node":{"__id__":10},"_spriteFrame":{"__uuid__":"8eff65ab-3b96-4cab-9937-cf4bc7f11a63"}},{"__id__":12}],"_prefab":{"__type__":"cc.PrefabInfo","root":{"__id__":1},"asset":{"__id__":0},"fileId":"d376eWXVVFIEbgavliR2VDZ"}},{"__type__":"cc.Node","_name":"70","_parent":{"__id__":10},"_contentSize":{"__type__":"cc.Size","width":100,"height":46},"_position":{"__type__":"cc.Vec2","y":2},"_components":[{"__type__":"cc.Sprite","node":{"__id__":11},"_spriteFrame":{"__uuid__":"d36b02c1-88f1-44de-9d28-d4e2416e3075"}}],"_prefab":{"__type__":"cc.PrefabInfo","root":{"__id__":1},"asset":{"__id__":0},"fileId":"bcaa2N+aShFfroScREUVsgD"}},{"__type__":"cc.Button","node":{"__id__":10},"transition":3,"_N$target":{"__id__":10}},{"__type__":"cc.Node","_name":"Label","_color":{"__type__":"cc.Color","r":174,"g":81,"b":54},"_parent":{"__id__":1},"_contentSize":{"__type__":"cc.Size","width":240,"height":40},"_position":{"__type__":"cc.Vec2","y":-45},"_components":[{"__type__":"cc.Label","node":{"__id__":13},"_useOriginalSize":false,"_N$string":"您要分享到？","_N$horizontalAlign":1,"_N$verticalAlign":1}],"_prefab":{"__type__":"cc.PrefabInfo","root":{"__id__":1},"asset":{"__id__":0},"fileId":"595f03KGztK5LUGX2HaqsE4"}}]