[{"__type__":"cc.Prefab","_name":"Card","data":{"__id__":1}},{"__type__":"cc.Node","_name":"Card","_contentSize":{"__type__":"cc.Size","width":87,"height":122},"_children":[{"__id__":2},{"__id__":4}],"_components":[{"__type__":"ac4a7lev9BND4pHLCFr0XUA","node":{"__id__":1},"background":{"__id__":3},"show":{"__id__":5}}],"_prefab":{"__type__":"cc.PrefabInfo","root":{"__id__":1},"fileId":"ed96fE5yNlH0omETq96ykEZ"}},{"__type__":"cc.Node","_name":"background","_parent":{"__id__":1},"_contentSize":{"__type__":"cc.Size","width":87,"height":122},"_components":[{"__id__":3}],"_prefab":{"__type__":"cc.PrefabInfo","root":{"__id__":1},"fileId":"e264dyqistB568uNR6WjbuD"}},{"__type__":"cc.Sprite","node":{"__id__":2},"_spriteFrame":{"__uuid__":"c1f7f4a5-9c2c-4e48-b0a5-325553ab26b5"}},{"__type__":"cc.Node","_name":"show","_parent":{"__id__":1},"_contentSize":{"__type__":"cc.Size","width":48,"height":68},"_components":[{"__id__":5}],"_prefab":{"__type__":"cc.PrefabInfo","root":{"__id__":1},"fileId":"c16bboIHzdKBI2Ug4vYe0oz"}},{"__type__":"cc.Sprite","node":{"__id__":4},"_spriteFrame":{"__uuid__":"1caa3dba-d14b-4487-9d0c-7ac6249f9766"}}]