[{"__type__":"cc.Prefab","_name":"ProgressLayer","data":{"__id__":1}},{"__type__":"cc.Node","_name":"ProgressLayer","_contentSize":{"__type__":"cc.Size","width":1334,"height":750},"_children":[{"__id__":2},{"__id__":3},{"__id__":4},{"__id__":6}],"_components":[{"__type__":"65cce0XyaZCE79saRqYVWic","node":{"__id__":1}},{"__type__":"f61fcYyrV1NkKP0mJ8X6L7x","node":{"__id__":1},"sp_progress":{"__id__":3},"lb_msg":{"__id__":5},"anim":{"__id__":7}}],"_prefab":{"__type__":"cc.PrefabInfo","root":{"__id__":1},"fileId":"2900ebEzdRKDYXtdPYDl8cQ"}},{"__type__":"cc.Node","_name":"background","_opacity":100,"_color":{"__type__":"cc.Color"},"_parent":{"__id__":1},"_contentSize":{"__type__":"cc.Size","width":1334,"height":750},"_components":[{"__type__":"cc.Sprite","node":{"__id__":2},"_spriteFrame":{"__uuid__":"410fb916-8721-4663-bab8-34397391ace7"},"_sizeMode":0}],"_prefab":{"__type__":"cc.PrefabInfo","root":{"__id__":1},"fileId":"99471H8GbxP/aolPULTo/1G"}},{"__type__":"cc.Node","_name":"sp_progress","_parent":{"__id__":1},"_contentSize":{"__type__":"cc.Size","width":130,"height":130},"_components":[{"__type__":"cc.Sprite","node":{"__id__":3},"_spriteFrame":{"__uuid__":"e7143850-4fa6-4036-89ba-a2b61bff6942"}}],"_prefab":{"__type__":"cc.PrefabInfo","root":{"__id__":1},"fileId":"4dc45wAmohGTpAjfv5g48AY"}},{"__type__":"cc.Node","_name":"lb_msg","_parent":{"__id__":1},"_contentSize":{"__type__":"cc.Size","width":140,"height":35},"_position":{"__type__":"cc.Vec2","y":-120},"_components":[{"__id__":5}],"_prefab":{"__type__":"cc.PrefabInfo","root":{"__id__":1},"fileId":"a12ccobR0VO5LgI1DpeOsQz"}},{"__type__":"cc.Label","node":{"__id__":4},"_useOriginalSize":false,"_actualFontSize":35,"_fontSize":35,"_lineHeight":35,"_N$string":"正在连接","_N$horizontalAlign":1,"_N$verticalAlign":1},{"__type__":"cc.Node","_name":"shai","_parent":{"__id__":1},"_components":[{"__type__":"cc.Sprite","node":{"__id__":6}},{"__id__":7}],"_prefab":{"__type__":"cc.PrefabInfo","root":{"__id__":1},"fileId":"e5c0eOu7v5M5LWCKMq+c4fo"}},{"__type__":"cc.Animation","node":{"__id__":6},"_clips":[{"__uuid__":"597bcb00-b6ef-45d4-bc0d-5b836fe66518"}]}]