[{"__type__":"cc.SceneAsset","_name":"RoundFinishScene","scene":{"__id__":1},"asyncLoadAssets":false},{"__type__":"cc.Scene","_anchorPoint":{"__type__":"cc.Vec2"},"_children":[{"__id__":2}],"autoReleaseAssets":false},{"__type__":"cc.Node","_name":"Canvas","_parent":{"__id__":1},"_contentSize":{"__type__":"cc.Size","width":1334,"height":750},"_children":[{"__id__":3},{"__id__":4},{"__id__":5},{"__id__":7},{"__id__":9},{"__id__":11}],"_position":{"__type__":"cc.Vec2","x":667,"y":375},"_id":"27e9fGAHVhAo6EPaGv7czNh","_components":[{"__type__":"cc.Canvas","node":{"__id__":2},"_designResolution":{"__type__":"cc.Size","width":1334,"height":750},"_fitWidth":true},{"__type__":"3d93fljsfNA55AiQX1vtwH3","node":{"__id__":2},"bt_next":{"__id__":5},"layout_content":{"__id__":4},"item":{"__uuid__":"54e4f831-5f93-479f-989d-5bd447d49572"},"title_win":{"__id__":7},"title_lose":{"__id__":9},"title_huang":{"__id__":11}}]},{"__type__":"cc.Node","_name":"background","_parent":{"__id__":2},"_contentSize":{"__type__":"cc.Size","width":1334,"height":750},"_components":[{"__type__":"cc.Sprite","node":{"__id__":3},"_spriteFrame":{"__uuid__":"69c8f62e-ae2f-49b9-ba94-0954cabf94f3"}}]},{"__type__":"cc.Node","_name":"content","_parent":{"__id__":2},"_contentSize":{"__type__":"cc.Size","width":1100,"height":550},"_components":[{"__type__":"cc.Sprite","node":{"__id__":4},"_spriteFrame":{"__uuid__":"bdb25c2c-6599-4688-bfec-3b8001229372"},"_type":1,"_sizeMode":0},{"__type__":"cc.Layout","node":{"__id__":4},"_layoutSize":{"__type__":"cc.Size","width":1100,"height":550},"_N$layoutType":2,"_N$paddingTop":30,"_N$spacingY":15}]},{"__type__":"cc.Node","_name":"bt_next","_parent":{"__id__":2},"_contentSize":{"__type__":"cc.Size","width":280,"height":90},"_children":[{"__id__":6}],"_position":{"__type__":"cc.Vec2","y":-330},"_components":[{"__type__":"cc.Sprite","node":{"__id__":5},"_spriteFrame":{"__uuid__":"8eff65ab-3b96-4cab-9937-cf4bc7f11a63"},"_sizeMode":0}]},{"__type__":"cc.Node","_name":"120","_parent":{"__id__":5},"_contentSize":{"__type__":"cc.Size","width":140,"height":48},"_components":[{"__type__":"cc.Sprite","node":{"__id__":6},"_spriteFrame":{"__uuid__":"a28bf2cf-5352-4100-a8a8-4bf67972c787"}}]},{"__type__":"cc.Node","_name":"title_win","_parent":{"__id__":2},"_contentSize":{"__type__":"cc.Size","width":501,"height":127},"_children":[{"__id__":8}],"_position":{"__type__":"cc.Vec2","y":305},"_components":[{"__type__":"cc.Sprite","node":{"__id__":7},"_spriteFrame":{"__uuid__":"9a34a46c-1b08-4ffd-a4e8-f3f5b480e920"}}]},{"__type__":"cc.Node","_name":"sp_win","_parent":{"__id__":7},"_contentSize":{"__type__":"cc.Size","width":232,"height":97},"_position":{"__type__":"cc.Vec2","y":20},"_components":[{"__type__":"cc.Sprite","node":{"__id__":8},"_spriteFrame":{"__uuid__":"2eb56b9a-eb53-4de6-82ef-047465498647"}}]},{"__type__":"cc.Node","_name":"title_lose","_parent":{"__id__":2},"_contentSize":{"__type__":"cc.Size","width":502,"height":127},"_children":[{"__id__":10}],"_position":{"__type__":"cc.Vec2","y":305},"_active":false,"_components":[{"__type__":"cc.Sprite","node":{"__id__":9},"_spriteFrame":{"__uuid__":"303a4e0f-c5d1-4de7-a79b-833b077876ac"}}]},{"__type__":"cc.Node","_name":"sp_lose","_parent":{"__id__":9},"_contentSize":{"__type__":"cc.Size","width":225,"height":95},"_position":{"__type__":"cc.Vec2","y":20},"_components":[{"__type__":"cc.Sprite","node":{"__id__":10},"_spriteFrame":{"__uuid__":"87347c0f-d4bc-4a42-bcb1-af95ef0fdea7"}}]},{"__type__":"cc.Node","_name":"title_huang","_parent":{"__id__":2},"_contentSize":{"__type__":"cc.Size","width":502,"height":127},"_children":[{"__id__":12}],"_position":{"__type__":"cc.Vec2","y":305},"_active":false,"_components":[{"__type__":"cc.Sprite","node":{"__id__":11},"_spriteFrame":{"__uuid__":"303a4e0f-c5d1-4de7-a79b-833b077876ac"}}]},{"__type__":"cc.Node","_name":"sp_huang","_parent":{"__id__":11},"_contentSize":{"__type__":"cc.Size","width":212,"height":97},"_position":{"__type__":"cc.Vec2","y":20},"_components":[{"__type__":"cc.Sprite","node":{"__id__":12},"_spriteFrame":{"__uuid__":"5fc5ca1c-d94e-453e-9335-e0cce20d3612"}}]}]