[{"__type__":"cc.Prefab","_name":"dismiss","data":{"__id__":1}},{"__type__":"cc.Node","_name":"dismiss","_contentSize":{"__type__":"cc.Size","width":1334,"height":750},"_children":[{"__id__":2},{"__id__":3},{"__id__":4},{"__id__":6},{"__id__":8},{"__id__":9},{"__id__":10},{"__id__":11},{"__id__":12},{"__id__":13},{"__id__":14},{"__id__":15},{"__id__":16}],"_components":[{"__type__":"51f4dtZT8BKRq2Cd13fIFqg","node":{"__id__":1},"rootNod":{"__id__":1},"btn_yes":{"__id__":7},"btn_no":{"__id__":5},"lb_time":{"__id__":17}},{"__type__":"65cce0XyaZCE79saRqYVWic","node":{"__id__":1}}],"_prefab":{"__type__":"cc.PrefabInfo","root":{"__id__":1},"fileId":"1277eIhKlJDx7HpV53t7X5m"}},{"__type__":"cc.Node","_name":"11","_parent":{"__id__":1},"_contentSize":{"__type__":"cc.Size","width":360,"height":190},"_position":{"__type__":"cc.Vec2","x":-466,"y":194},"_components":[{"__type__":"cc.Sprite","node":{"__id__":2},"_spriteFrame":{"__uuid__":"bdb25c2c-6599-4688-bfec-3b8001229372"},"_type":1,"_sizeMode":0}],"_prefab":{"__type__":"cc.PrefabInfo","root":{"__id__":1},"fileId":"c8a8fJTy8ZGmJyVQQCUvfDp"}},{"__type__":"cc.Node","_name":"116","_parent":{"__id__":1},"_contentSize":{"__type__":"cc.Size","width":104,"height":27},"_position":{"__type__":"cc.Vec2","x":-465,"y":249},"_components":[{"__type__":"cc.Sprite","node":{"__id__":3},"_spriteFrame":{"__uuid__":"49998197-ee64-4650-9eb6-c0ffdf99ec68"}}],"_prefab":{"__type__":"cc.PrefabInfo","root":{"__id__":1},"fileId":"e12c3eHZ7VAqK1q9aA7w0Cq"}},{"__type__":"cc.Node","_name":"115","_parent":{"__id__":1},"_contentSize":{"__type__":"cc.Size","width":105,"height":35},"_position":{"__type__":"cc.Vec2","x":-386,"y":151},"_components":[{"__type__":"cc.Sprite","node":{"__id__":4},"_spriteFrame":{"__uuid__":"775bb858-da0a-4535-b98d-9687878bce8b"}},{"__id__":5}],"_prefab":{"__type__":"cc.PrefabInfo","root":{"__id__":1},"fileId":"31ac2DdZ9RJUJtT55ulbzhU"}},{"__type__":"cc.Button","node":{"__id__":4},"transition":3,"_N$target":{"__id__":4}},{"__type__":"cc.Node","_name":"114","_parent":{"__id__":1},"_contentSize":{"__type__":"cc.Size","width":105,"height":35},"_position":{"__type__":"cc.Vec2","x":-547,"y":151},"_components":[{"__type__":"cc.Sprite","node":{"__id__":6},"_spriteFrame":{"__uuid__":"3351051e-2f40-4d5d-b782-0263f8031233"}},{"__id__":7}],"_prefab":{"__type__":"cc.PrefabInfo","root":{"__id__":1},"fileId":"40833sW2WpATrDd99Mm5aSV"}},{"__type__":"cc.Button","node":{"__id__":6},"transition":3,"_N$target":{"__id__":6}},{"__type__":"cc.Node","_name":"t1","_parent":{"__id__":1},"_contentSize":{"__type__":"cc.Size","width":71,"height":29},"_position":{"__type__":"cc.Vec2","x":-580,"y":204},"_components":[{"__type__":"cc.Sprite","node":{"__id__":8},"_spriteFrame":{"__uuid__":"ea68a728-af5f-4be9-a133-44ab7792d494"}}],"_prefab":{"__type__":"cc.PrefabInfo","root":{"__id__":1},"fileId":"5c1ceP0KY5IloX1tq/nhbyn"}},{"__type__":"cc.Node","_name":"t2","_parent":{"__id__":1},"_contentSize":{"__type__":"cc.Size","width":71,"height":29},"_position":{"__type__":"cc.Vec2","x":-504,"y":204},"_components":[{"__type__":"cc.Sprite","node":{"__id__":9},"_spriteFrame":{"__uuid__":"ea68a728-af5f-4be9-a133-44ab7792d494"}}],"_prefab":{"__type__":"cc.PrefabInfo","root":{"__id__":1},"fileId":"01dc6yDjH5PPa/C00Gfu7BF"}},{"__type__":"cc.Node","_name":"t3","_parent":{"__id__":1},"_contentSize":{"__type__":"cc.Size","width":71,"height":29},"_position":{"__type__":"cc.Vec2","x":-427,"y":204},"_components":[{"__type__":"cc.Sprite","node":{"__id__":10},"_spriteFrame":{"__uuid__":"ea68a728-af5f-4be9-a133-44ab7792d494"}}],"_prefab":{"__type__":"cc.PrefabInfo","root":{"__id__":1},"fileId":"5f354hai5BHbbloBNqMa0Cg"}},{"__type__":"cc.Node","_name":"t4","_parent":{"__id__":1},"_contentSize":{"__type__":"cc.Size","width":71,"height":29},"_position":{"__type__":"cc.Vec2","x":-352,"y":204},"_components":[{"__type__":"cc.Sprite","node":{"__id__":11},"_spriteFrame":{"__uuid__":"ea68a728-af5f-4be9-a133-44ab7792d494"}}],"_prefab":{"__type__":"cc.PrefabInfo","root":{"__id__":1},"fileId":"babc5p67UNOr79keN6tU4GC"}},{"__type__":"cc.Node","_name":"state1","_parent":{"__id__":1},"_contentSize":{"__type__":"cc.Size","width":68,"height":27},"_position":{"__type__":"cc.Vec2","x":-580.4,"y":204.1},"_components":[{"__type__":"cc.Sprite","node":{"__id__":12},"_spriteFrame":{"__uuid__":"e3db09a7-bd68-419a-a6de-6b6e38735594"}}],"_prefab":{"__type__":"cc.PrefabInfo","root":{"__id__":1},"fileId":"91098FOekZOo4TqKLRgE+iX"}},{"__type__":"cc.Node","_name":"state2","_parent":{"__id__":1},"_contentSize":{"__type__":"cc.Size","width":68,"height":27},"_position":{"__type__":"cc.Vec2","x":-504,"y":204.1},"_components":[{"__type__":"cc.Sprite","node":{"__id__":13},"_spriteFrame":{"__uuid__":"e3db09a7-bd68-419a-a6de-6b6e38735594"}}],"_prefab":{"__type__":"cc.PrefabInfo","root":{"__id__":1},"fileId":"032bfcBau1PFKBkpIkVi9eT"}},{"__type__":"cc.Node","_name":"state3","_parent":{"__id__":1},"_contentSize":{"__type__":"cc.Size","width":68,"height":27},"_position":{"__type__":"cc.Vec2","x":-427,"y":204.1},"_components":[{"__type__":"cc.Sprite","node":{"__id__":14},"_spriteFrame":{"__uuid__":"e3db09a7-bd68-419a-a6de-6b6e38735594"}}],"_prefab":{"__type__":"cc.PrefabInfo","root":{"__id__":1},"fileId":"c5a3dKmSq9DkaN1QKpPTKAT"}},{"__type__":"cc.Node","_name":"state4","_parent":{"__id__":1},"_contentSize":{"__type__":"cc.Size","width":68,"height":27},"_position":{"__type__":"cc.Vec2","x":-352.3,"y":204.1},"_components":[{"__type__":"cc.Sprite","node":{"__id__":15},"_spriteFrame":{"__uuid__":"e3db09a7-bd68-419a-a6de-6b6e38735594"}}],"_prefab":{"__type__":"cc.PrefabInfo","root":{"__id__":1},"fileId":"25d55WdLjdM+5sHqT39v+QE"}},{"__type__":"cc.Node","_name":"time1","_parent":{"__id__":1},"_contentSize":{"__type__":"cc.Size","width":50,"height":40},"_position":{"__type__":"cc.Vec2","x":-470,"y":310},"_components":[{"__id__":17}],"_prefab":{"__type__":"cc.PrefabInfo","root":{"__id__":1},"fileId":"d1cddH/doRNQ4Aodz8556bh"}},{"__type__":"cc.Label","node":{"__id__":16},"_useOriginalSize":false,"_actualFontSize":20,"_fontSize":20,"_N$string":"00:30","_N$horizontalAlign":1,"_N$verticalAlign":1}]