[{"__type__":"cc.SceneAsset","_name":"GameOverScene","scene":{"__id__":1},"asyncLoadAssets":false},{"__type__":"cc.Scene","_anchorPoint":{"__type__":"cc.Vec2"},"_children":[{"__id__":2}],"autoReleaseAssets":false},{"__type__":"cc.Node","_name":"Canvas","_parent":{"__id__":1},"_contentSize":{"__type__":"cc.Size","width":1334,"height":750},"_children":[{"__id__":3},{"__id__":4},{"__id__":5},{"__id__":10}],"_position":{"__type__":"cc.Vec2","x":667,"y":375},"_id":"02d80zvCa9FlIQhsbXOQ6y8","_components":[{"__type__":"cc.Canvas","node":{"__id__":2},"_designResolution":{"__type__":"cc.Size","width":1334,"height":750},"_fitWidth":true},{"__type__":"6c148HxihRCj5UAwxqyUF9s","node":{"__id__":2},"bt_back":{"__id__":6},"bt_share":{"__id__":8},"gameoveritem":{"__uuid__":"a185cb4c-7da6-4d12-8469-435c19fc2b96"},"resultitem":{"__uuid__":"f750785a-ecae-48f5-a2cc-af4314b7fecf"},"resultlayer":{"__id__":4}}],"_prefab":{"__type__":"cc.PrefabInfo","root":{"__id__":2},"fileId":"02d80zvCa9FlIQhsbXOQ6y8"}},{"__type__":"cc.Node","_name":"background","_parent":{"__id__":2},"_contentSize":{"__type__":"cc.Size","width":1334,"height":750},"_components":[{"__type__":"cc.Sprite","node":{"__id__":3},"_spriteFrame":{"__uuid__":"69c8f62e-ae2f-49b9-ba94-0954cabf94f3"}}],"_prefab":{"__type__":"cc.PrefabInfo","root":{"__id__":2},"fileId":"89193QTcHVOY5/4x/IM+RH6"}},{"__type__":"cc.Node","_name":"resultlayer","_parent":{"__id__":2},"_position":{"__type__":"cc.Vec2","y":-20},"_prefab":{"__type__":"cc.PrefabInfo","root":{"__id__":2},"fileId":"319f0FFf7FHXK4MY8kNygQd"}},{"__type__":"cc.Node","_name":"buttonlayer","_color":{"__type__":"cc.Color","r":167,"g":167,"b":167},"_parent":{"__id__":2},"_contentSize":{"__type__":"cc.Size","width":666,"height":150},"_children":[{"__id__":6},{"__id__":8}],"_position":{"__type__":"cc.Vec2","y":-325},"_components":[{"__type__":"cc.Sprite","node":{"__id__":5},"_type":1,"_sizeMode":0},{"__type__":"cc.Layout","node":{"__id__":5},"_layoutSize":{"__type__":"cc.Size","width":666,"height":150},"_resize":1,"_N$layoutType":1,"_N$spacingX":100}],"_prefab":{"__type__":"cc.PrefabInfo","root":{"__id__":2},"fileId":"76c95dvec1C/LCuJylZQDRL"}},{"__type__":"cc.Node","_name":"bt_back","_parent":{"__id__":5},"_contentSize":{"__type__":"cc.Size","width":283,"height":92},"_children":[{"__id__":7}],"_position":{"__type__":"cc.Vec2","x":-191.5},"_components":[{"__type__":"cc.Sprite","node":{"__id__":6},"_spriteFrame":{"__uuid__":"2f937fa7-f083-4eec-bbd5-16bf9024b9c1"}},{"__type__":"cc.Button","node":{"__id__":6},"transition":3,"_N$target":{"__id__":6}}],"_prefab":{"__type__":"cc.PrefabInfo","root":{"__id__":2},"fileId":"bb9cebRpdBNb6n0Sb14Ey0g"}},{"__type__":"cc.Node","_name":"125","_parent":{"__id__":6},"_contentSize":{"__type__":"cc.Size","width":193,"height":57},"_components":[{"__type__":"cc.Sprite","node":{"__id__":7},"_spriteFrame":{"__uuid__":"6a82b2c2-1057-4b18-babb-56b83b9b4dd6"}}],"_prefab":{"__type__":"cc.PrefabInfo","root":{"__id__":2},"fileId":"717a2xne41ABLcoxSJ/HpIM"}},{"__type__":"cc.Node","_name":"bt_share","_parent":{"__id__":5},"_contentSize":{"__type__":"cc.Size","width":283,"height":87},"_children":[{"__id__":9}],"_position":{"__type__":"cc.Vec2","x":191.5},"_components":[{"__type__":"cc.Sprite","node":{"__id__":8},"_spriteFrame":{"__uuid__":"1dd2536d-3723-4e17-9101-17f3cdcb14f8"},"_sizeMode":0},{"__type__":"cc.Button","node":{"__id__":8},"transition":3,"_N$target":{"__id__":8}}],"_prefab":{"__type__":"cc.PrefabInfo","root":{"__id__":2},"fileId":"c562fWaP3JB8YzhH1t5I/ZT"}},{"__type__":"cc.Node","_name":"126","_parent":{"__id__":8},"_contentSize":{"__type__":"cc.Size","width":109,"height":49},"_components":[{"__type__":"cc.Sprite","node":{"__id__":9},"_spriteFrame":{"__uuid__":"aaafecc8-cd24-42f8-97a9-eb78a5da69e2"}}],"_prefab":{"__type__":"cc.PrefabInfo","root":{"__id__":2},"fileId":"24d44BQe0dBHodFifDIWvzc"}},{"__type__":"cc.Node","_name":"title","_parent":{"__id__":2},"_contentSize":{"__type__":"cc.Size","width":501,"height":127},"_children":[{"__id__":11}],"_position":{"__type__":"cc.Vec2","y":305},"_components":[{"__type__":"cc.Sprite","node":{"__id__":10},"_spriteFrame":{"__uuid__":"9a34a46c-1b08-4ffd-a4e8-f3f5b480e920"}}],"_prefab":{"__type__":"cc.PrefabInfo","root":{"__id__":2},"fileId":"53f51NqbsxOvryjXSDIBX/P"}},{"__type__":"cc.Node","_name":"sp_jieshu","_parent":{"__id__":10},"_contentSize":{"__type__":"cc.Size","width":157,"height":69},"_position":{"__type__":"cc.Vec2","y":20},"_components":[{"__type__":"cc.Sprite","node":{"__id__":11},"_spriteFrame":{"__uuid__":"4d17f1cb-f175-426b-bec7-e38cef6f0dd3"}}],"_prefab":{"__type__":"cc.PrefabInfo","root":{"__id__":2},"fileId":"2e93cD0y5FIfrhsc5izr4p4"}}]