[{"__type__":"cc.SceneAsset","_name":"RoomScene","scene":{"__id__":1},"asyncLoadAssets":false},{"__type__":"cc.Scene","_anchorPoint":{"__type__":"cc.Vec2"},"_children":[{"__id__":2},{"__id__":66},{"__id__":76}],"autoReleaseAssets":false},{"__type__":"cc.Node","_name":"Canvas","_parent":{"__id__":1},"_contentSize":{"__type__":"cc.Size","width":1334,"height":750},"_children":[{"__id__":3},{"__id__":5},{"__id__":28},{"__id__":36},{"__id__":37},{"__id__":38},{"__id__":42}],"_position":{"__type__":"cc.Vec2","x":667,"y":375},"_id":"ed2b2KaZwFBioU916CRzX6Q","_components":[{"__type__":"cc.Canvas","node":{"__id__":2},"_designResolution":{"__type__":"cc.Size","width":1334,"height":750},"_fitWidth":true},{"__type__":"67fb3mjGVJBzqjkSNktythY","node":{"__id__":2},"gamelayer":{"__id__":5},"btlayer":{"__id__":28},"topbar":{"__id__":42},"playerinfonode":{"__uuid__":"f366cff8-8c6b-48b6-88e2-d4fad3f17223"},"playerinfolayer":{"__id__":36},"bt_back":{"__id__":29},"bt_free":{"__id__":31},"bt_ivt":{"__id__":34},"altas_card":{"__uuid__":"04ccf813-1d19-4649-a3d8-feb857ecdff4"},"roundOverLayer":{"__uuid__":"14796031-db3f-4aea-8428-e4ac9babd845"},"tipLayer":{"__uuid__":"130a8007-e662-4e47-bd49-a1f815628e69"},"progressLayer":{"__uuid__":"902ec1ef-4a12-4d34-92f6-935b35b5ecff"},"disMissLayer":{"__uuid__":"8ecb95de-845f-4f66-b531-2528d89ec659"},"voteLayer":{"__id__":37},"setting":{"__uuid__":"7b90072f-c628-4b7d-acaa-0e0f785920ab"},"chat":{"__uuid__":"99d46c0e-5315-4193-85b2-b7dbc897177a"},"bt_textchat":{"__id__":40},"bt_voicechat":{"__id__":41},"chatLayer":{"__id__":38},"leftChatNode":{"__uuid__":"1e2c133b-3195-4f8b-a3c9-4ceb3775443a"},"rightChatNode":{"__uuid__":"7011cd78-add2-4647-89c1-7228a90d63eb"},"gameoverLayer":{"__id__":66},"userInfoDetail":{"__uuid__":"41524b34-e793-45ac-825a-bdd43b3ad32e"},"voiceRecord":{"__uuid__":"0376061f-5cd8-42c4-9f05-81d845c66a43"},"topLayer":{"__id__":76}},{"__type__":"f69d8BUUJ5Lmon+lyuxJcOu","node":{"__id__":2},"spf_chi":{"__uuid__":"319a7405-7eb3-40de-8c2c-c9913de82268"},"spf_peng":{"__uuid__":"d7b2af3a-ece8-4372-95b0-1f3b0dcdfa6c"},"spf_gang":{"__uuid__":"66c95799-0f28-43cb-9503-dd6bad2189d3"},"spf_hu":{"__uuid__":"6f167bad-77e7-48e5-842e-42d6bcb9a563"},"spf_zimo":{"__uuid__":"01d6d138-970d-4a7d-af4c-835d75d48429"},"spf_ting":{"__uuid__":"e3e699e8-7c35-4e8c-8089-eb2644b1562d"},"spf_haidilao":{"__uuid__":"cdaa7ed8-3572-4ad3-8f01-6c80445dbb20"}}]},{"__type__":"cc.Node","_name":"table","_parent":{"__id__":2},"_contentSize":{"__type__":"cc.Size","width":1334,"height":750},"_children":[{"__id__":4}],"_components":[{"__type__":"cc.Sprite","node":{"__id__":3},"_spriteFrame":{"__uuid__":"1bec11b6-46e7-4eac-ae9d-3f6c3dcd4788"}}]},{"__type__":"cc.Node","_name":"sp_qdmj","_parent":{"__id__":3},"_contentSize":{"__type__":"cc.Size","width":269,"height":53},"_position":{"__type__":"cc.Vec2","y":-60},"_components":[{"__type__":"cc.Sprite","node":{"__id__":4},"_spriteFrame":{"__uuid__":"c72b20c3-558b-47b5-ae27-316a48abf020"}}]},{"__type__":"cc.Node","_name":"gamelayer","_parent":{"__id__":2},"_contentSize":{"__type__":"cc.Size","width":1334,"height":750},"_children":[{"__id__":6},{"__id__":21},{"__id__":22},{"__id__":23},{"__id__":24},{"__id__":27}],"_components":[{"__type__":"298ecfRKWBP64jaBvihFVN7","node":{"__id__":5},"playercard":{"__uuid__":"35a06e8f-405d-450e-b9f8-31aaa4aeb0d0"},"otherplayercardlayer":{"__id__":21},"firstplayercardlayer":{"__id__":23},"leftcardlayer":{"__id__":22},"dongnanxibei":{"__id__":6},"sp_point":{"__id__":26},"oppanel":{"__uuid__":"ab264143-872a-4f68-8539-894976510c55"},"menu_layer":{"__id__":27}}]},{"__type__":"cc.Node","_name":"DongNanXiBei","_parent":{"__id__":5},"_contentSize":{"__type__":"cc.Size","width":152,"height":152},"_children":[{"__id__":7},{"__id__":12},{"__id__":14}],"_scaleX":0.8,"_scaleY":0.8,"_position":{"__type__":"cc.Vec2","y":50},"_components":[{"__type__":"cc.Sprite","node":{"__id__":6},"_spriteFrame":{"__uuid__":"8669924d-f599-4762-a3e0-6cc9d6f12999"}},{"__type__":"e6ba4UYTI9M76wEK9KiS55O","node":{"__id__":6},"node_dong":{"__id__":8},"node_nan":{"__id__":9},"node_xi":{"__id__":10},"node_bei":{"__id__":11},"lb_lefttime":{"__id__":13},"node_dnxb":{"__id__":7},"shaizi":{"__id__":14}}],"_prefab":{"__type__":"cc.PrefabInfo","root":{"__id__":6},"fileId":"5898fv5PeBA2IMHv72iF4sH"}},{"__type__":"cc.Node","_name":"dnxb_node","_parent":{"__id__":6},"_contentSize":{"__type__":"cc.Size","width":138,"height":138},"_children":[{"__id__":8},{"__id__":9},{"__id__":10},{"__id__":11}],"_components":[{"__type__":"cc.Sprite","node":{"__id__":7},"_spriteFrame":{"__uuid__":"f3edc381-975f-4462-84ac-84c97e4ae98d"}}],"_prefab":{"__type__":"cc.PrefabInfo","root":{"__id__":6},"fileId":"8fa333xaVBItrhjBd75vVFw"}},{"__type__":"cc.Node","_name":"sp_dong","_parent":{"__id__":7},"_contentSize":{"__type__":"cc.Size","width":140,"height":55},"_position":{"__type__":"cc.Vec2","y":-50},"_components":[{"__type__":"cc.Sprite","node":{"__id__":8},"_spriteFrame":{"__uuid__":"e5782f95-e159-44da-92b5-fcdca8e3aa56"}}],"_prefab":{"__type__":"cc.PrefabInfo","root":{"__id__":6},"fileId":"37d55C646hFg7EE1z7kXmJv"}},{"__type__":"cc.Node","_name":"sp_nan","_parent":{"__id__":7},"_contentSize":{"__type__":"cc.Size","width":55,"height":138},"_position":{"__type__":"cc.Vec2","x":50},"_components":[{"__type__":"cc.Sprite","node":{"__id__":9},"_spriteFrame":{"__uuid__":"9a2aac62-5ae6-494c-9064-e02437bb6bf9"}}],"_prefab":{"__type__":"cc.PrefabInfo","root":{"__id__":6},"fileId":"500377bk1tDv6ZqXdi5ru00"}},{"__type__":"cc.Node","_name":"sp_xi","_parent":{"__id__":7},"_contentSize":{"__type__":"cc.Size","width":140,"height":55},"_position":{"__type__":"cc.Vec2","y":50},"_components":[{"__type__":"cc.Sprite","node":{"__id__":10},"_spriteFrame":{"__uuid__":"d425d030-f8ca-4d0e-86c1-eebde03bc495"}}],"_prefab":{"__type__":"cc.PrefabInfo","root":{"__id__":6},"fileId":"c73ae/W4phH6IJVtRP70/cF"}},{"__type__":"cc.Node","_name":"sp_bei","_parent":{"__id__":7},"_contentSize":{"__type__":"cc.Size","width":55,"height":140},"_position":{"__type__":"cc.Vec2","x":-50},"_components":[{"__type__":"cc.Sprite","node":{"__id__":11},"_spriteFrame":{"__uuid__":"d43cd6a5-840d-4a17-9681-1ba5ab51bc62"}}],"_prefab":{"__type__":"cc.PrefabInfo","root":{"__id__":6},"fileId":"fdad1tuYt9IvqX1nka/Nwvt"}},{"__type__":"cc.Node","_name":"lb_lefttime","_parent":{"__id__":6},"_contentSize":{"__type__":"cc.Size","width":47,"height":40},"_position":{"__type__":"cc.Vec2","x":-5.5,"y":15},"_components":[{"__id__":13}],"_prefab":{"__type__":"cc.PrefabInfo","root":{"__id__":6},"fileId":"921d4iPsZhCB55rhTLocrgR"}},{"__type__":"cc.Label","node":{"__id__":12},"_useOriginalSize":false,"_actualFontSize":50,"_fontSize":50,"_N$file":{"__uuid__":"d7613280-3442-46a7-af24-43c35202ae94"},"_isSystemFontUsed":false,"_N$string":"86","_N$horizontalAlign":1,"_N$verticalAlign":1},{"__type__":"cc.Node","_name":"ShaiZi","_parent":{"__id__":6},"_children":[{"__id__":15},{"__id__":17},{"__id__":19}],"_scaleX":1.4,"_scaleY":1.4,"_components":[{"__type__":"aeb34e4UOZAI6wDFhqyKc5R","node":{"__id__":14},"anim":{"__id__":16},"sp_dian1":{"__id__":18},"sp_dian2":{"__id__":20}}],"_prefab":{"__type__":"cc.PrefabInfo","root":{"__id__":6},"fileId":"baf48B+WLpBlo2VjlNVfwEM"}},{"__type__":"cc.Node","_name":"shaizi","_parent":{"__id__":14},"_contentSize":{"__type__":"cc.Size","width":51,"height":22},"_scaleX":1.1111111,"_scaleY":1.1111111,"_position":{"__type__":"cc.Vec2","x":1.7,"y":-2.4},"_components":[{"__type__":"cc.Sprite","node":{"__id__":15},"_spriteFrame":{"__uuid__":"f86c09bb-305e-400b-a43a-6ea1ab66d3ce"}},{"__id__":16}],"_prefab":{"__type__":"cc.PrefabInfo","root":{"__id__":6},"fileId":"6716aRJ59NEAaHr8/Vh2lkU"}},{"__type__":"cc.Animation","node":{"__id__":15},"_clips":[{"__uuid__":"2e8f8508-3386-4f1a-89f2-82d369f36685"}]},{"__type__":"cc.Node","_name":"shaizi1Num","_parent":{"__id__":14},"_contentSize":{"__type__":"cc.Size","width":26,"height":30},"_scaleX":0.85,"_scaleY":0.85,"_position":{"__type__":"cc.Vec2","x":-16.7,"y":-2.2},"_components":[{"__id__":18}],"_prefab":{"__type__":"cc.PrefabInfo","root":{"__id__":6},"fileId":"727d29uCXBCvq7Y+Mhel3C8"}},{"__type__":"cc.Sprite","node":{"__id__":17},"_spriteFrame":{"__uuid__":"626cec26-8cac-4f58-9e24-f9cf7f38cde9"}},{"__type__":"cc.Node","_name":"shaizi2Num","_parent":{"__id__":14},"_contentSize":{"__type__":"cc.Size","width":26,"height":30},"_scaleX":0.85,"_scaleY":0.85,"_position":{"__type__":"cc.Vec2","x":18.6000001,"y":-2.5},"_components":[{"__id__":20}],"_prefab":{"__type__":"cc.PrefabInfo","root":{"__id__":6},"fileId":"91709Irz0NHbIjZ1lpAwcnF"}},{"__type__":"cc.Sprite","node":{"__id__":19},"_spriteFrame":{"__uuid__":"5247d017-04e8-46b2-98b2-ef2fbf8fda11"}},{"__type__":"cc.Node","_name":"otherplayercardlayer","_parent":{"__id__":5}},{"__type__":"cc.Node","_name":"leftcardlayer","_parent":{"__id__":5},"_contentSize":{"__type__":"cc.Size","width":1334,"height":750},"_components":[{"__type__":"96319j3mhNGPLWCXvpligNP","node":{"__id__":22},"card":{"__uuid__":"86428e42-2a08-44de-a88d-18e8817c2e0b"}}]},{"__type__":"cc.Node","_name":"firstplayercardlayer","_parent":{"__id__":5}},{"__type__":"cc.Node","_name":"point","_parent":{"__id__":5},"_children":[{"__id__":25}]},{"__type__":"cc.Node","_name":"sp_point","_parent":{"__id__":24},"_contentSize":{"__type__":"cc.Size","width":41,"height":49},"_components":[{"__id__":26}]},{"__type__":"cc.Sprite","node":{"__id__":25},"_spriteFrame":{"__uuid__":"36a36aab-d741-436a-82d3-e88774ec6359"}},{"__type__":"cc.Node","_name":"menulayer","_parent":{"__id__":5},"_contentSize":{"__type__":"cc.Size","width":1334,"height":750}},{"__type__":"cc.Node","_name":"buttonlayer","_color":{"__type__":"cc.Color","r":167,"g":167,"b":167},"_parent":{"__id__":2},"_contentSize":{"__type__":"cc.Size","width":889,"height":150},"_children":[{"__id__":29},{"__id__":31},{"__id__":34}],"_components":[{"__type__":"cc.Sprite","node":{"__id__":28},"_type":1,"_sizeMode":0},{"__type__":"cc.Layout","node":{"__id__":28},"_layoutSize":{"__type__":"cc.Size","width":889,"height":150},"_resize":1,"_N$layoutType":1,"_N$spacingX":20}]},{"__type__":"cc.Node","_name":"bt_back","_parent":{"__id__":28},"_contentSize":{"__type__":"cc.Size","width":283,"height":92},"_children":[{"__id__":30}],"_position":{"__type__":"cc.Vec2","x":-303},"_components":[{"__type__":"cc.Sprite","node":{"__id__":29},"_spriteFrame":{"__uuid__":"2f937fa7-f083-4eec-bbd5-16bf9024b9c1"}},{"__type__":"cc.Button","node":{"__id__":29},"transition":3,"_N$target":{"__id__":29}}]},{"__type__":"cc.Node","_name":"98","_parent":{"__id__":29},"_contentSize":{"__type__":"cc.Size","width":188,"height":49},"_components":[{"__type__":"cc.Sprite","node":{"__id__":30},"_spriteFrame":{"__uuid__":"21f8241d-8975-4f7e-a88d-7cfdd9279f0a"}}]},{"__type__":"cc.Node","_name":"bt_free","_parent":{"__id__":28},"_contentSize":{"__type__":"cc.Size","width":283,"height":92},"_children":[{"__id__":32}],"_components":[{"__type__":"cc.Sprite","node":{"__id__":31},"_spriteFrame":{"__uuid__":"c4863863-af26-466e-8925-8584b65d661e"},"_sizeMode":0},{"__type__":"cc.Button","node":{"__id__":31},"transition":3,"_N$target":{"__id__":31}}]},{"__type__":"cc.Node","_name":"99","_parent":{"__id__":31},"_contentSize":{"__type__":"cc.Size","width":191,"height":50},"_children":[{"__id__":33}],"_components":[{"__type__":"cc.Sprite","node":{"__id__":32}}]},{"__type__":"cc.Node","_name":"99","_parent":{"__id__":32},"_contentSize":{"__type__":"cc.Size","width":191,"height":50},"_components":[{"__type__":"cc.Sprite","node":{"__id__":33},"_spriteFrame":{"__uuid__":"c8010f38-008c-42de-8384-3afd077312d2"}}]},{"__type__":"cc.Node","_name":"bt_invt","_parent":{"__id__":28},"_contentSize":{"__type__":"cc.Size","width":283,"height":87},"_children":[{"__id__":35}],"_position":{"__type__":"cc.Vec2","x":303},"_components":[{"__type__":"cc.Sprite","node":{"__id__":34},"_spriteFrame":{"__uuid__":"1dd2536d-3723-4e17-9101-17f3cdcb14f8"},"_sizeMode":0},{"__type__":"cc.Button","node":{"__id__":34},"transition":3,"_N$target":{"__id__":34}}]},{"__type__":"cc.Node","_name":"100","_parent":{"__id__":34},"_contentSize":{"__type__":"cc.Size","width":257,"height":46},"_components":[{"__type__":"cc.Sprite","node":{"__id__":35},"_spriteFrame":{"__uuid__":"3d4684ac-c310-4e91-b0d6-e038085d6e8f"}}]},{"__type__":"cc.Node","_name":"playerinfolayer","_color":{"__type__":"cc.Color","r":167,"g":167,"b":167},"_parent":{"__id__":2},"_contentSize":{"__type__":"cc.Size","width":1334,"height":750},"_components":[{"__type__":"cc.Sprite","node":{"__id__":36},"_type":1,"_sizeMode":0},{"__type__":"cc.Layout","node":{"__id__":36},"_layoutSize":{"__type__":"cc.Size","width":1334,"height":750}}]},{"__type__":"cc.Node","_name":"votelayer","_parent":{"__id__":2},"_contentSize":{"__type__":"cc.Size","width":1334,"height":750}},{"__type__":"cc.Node","_name":"chatlayer","_parent":{"__id__":2},"_contentSize":{"__type__":"cc.Size","width":1334,"height":750},"_children":[{"__id__":39}]},{"__type__":"cc.Node","_name":"bt_group","_color":{"__type__":"cc.Color","r":167,"g":167,"b":167},"_parent":{"__id__":38},"_contentSize":{"__type__":"cc.Size","width":50,"height":140},"_children":[{"__id__":40},{"__id__":41}],"_position":{"__type__":"cc.Vec2","x":620,"y":-180},"_components":[{"__type__":"cc.Sprite","node":{"__id__":39},"_type":1,"_sizeMode":0},{"__type__":"cc.Layout","node":{"__id__":39},"_layoutSize":{"__type__":"cc.Size","width":50,"height":140},"_resize":1,"_N$layoutType":2,"_N$spacingY":40}]},{"__type__":"cc.Node","_name":"bt_textchat","_parent":{"__id__":39},"_contentSize":{"__type__":"cc.Size","width":50,"height":50},"_position":{"__type__":"cc.Vec2","y":45},"_components":[{"__type__":"cc.Sprite","node":{"__id__":40},"_spriteFrame":{"__uuid__":"9919c48e-9ade-46ed-89c9-14ba3827ec99"},"_sizeMode":0},{"__type__":"cc.Button","node":{"__id__":40},"transition":3,"_N$target":{"__id__":40}}]},{"__type__":"cc.Node","_name":"bt_voicechat","_color":{"__type__":"cc.Color","r":214,"g":214,"b":214},"_parent":{"__id__":39},"_contentSize":{"__type__":"cc.Size","width":50,"height":50},"_position":{"__type__":"cc.Vec2","y":-45},"_components":[{"__type__":"cc.Sprite","node":{"__id__":41},"_spriteFrame":{"__uuid__":"ffff25ed-bb6c-4d9e-be77-3b557c4cc39d"},"_sizeMode":0},{"__type__":"cc.Button","node":{"__id__":41},"transition":1,"pressedColor":{"__type__":"cc.Color","r":231,"g":196,"b":9},"_N$target":{"__id__":41}}]},{"__type__":"cc.Node","_name":"topbar","_parent":{"__id__":2},"_contentSize":{"__type__":"cc.Size","width":1334,"height":36},"_children":[{"__id__":43},{"__id__":54},{"__id__":64}],"_position":{"__type__":"cc.Vec2","y":358},"_components":[{"__type__":"cc.Sprite","node":{"__id__":42},"_spriteFrame":{"__uuid__":"fce34ca7-59a3-4bc9-a2e0-ccc80db449c4"},"_sizeMode":0},{"__type__":"f79384rI3tMl7p6EaqUCf5u","node":{"__id__":42},"lb_time":{"__id__":45},"lb_roomid":{"__id__":49},"loyout_leftcard":{"__id__":50},"lb_leftcard":{"__id__":53},"progress_battery":{"__id__":59},"icon_network":{"__id__":61},"bt_setting":{"__id__":63},"lb_title":{"__id__":65}}]},{"__type__":"cc.Node","_name":"leftlayout","_color":{"__type__":"cc.Color","r":167,"g":167,"b":167},"_parent":{"__id__":42},"_contentSize":{"__type__":"cc.Size","width":200,"height":38},"_children":[{"__id__":44},{"__id__":46},{"__id__":50}],"_position":{"__type__":"cc.Vec2","x":-550,"y":-2},"_components":[{"__type__":"cc.Sprite","node":{"__id__":43},"_type":1,"_sizeMode":0},{"__type__":"cc.Layout","node":{"__id__":43},"_layoutSize":{"__type__":"cc.Size","width":200,"height":38},"_N$layoutType":1,"_N$spacingX":20}]},{"__type__":"cc.Node","_name":"lb_time","_color":{"__type__":"cc.Color","r":240,"g":240,"b":18},"_parent":{"__id__":43},"_contentSize":{"__type__":"cc.Size","width":65,"height":34.67},"_position":{"__type__":"cc.Vec2","x":-67.5},"_components":[{"__id__":45}]},{"__type__":"cc.Label","node":{"__id__":44},"_useOriginalSize":false,"_actualFontSize":26,"_fontSize":26,"_N$file":{"__uuid__":"71a88407-d7db-42c8-9a31-5a7b0c84ba19"},"_isSystemFontUsed":false,"_N$string":"09:00","_N$verticalAlign":1},{"__type__":"cc.Node","_name":"roomidlayout","_color":{"__type__":"cc.Color","r":167,"g":167,"b":167},"_parent":{"__id__":43},"_contentSize":{"__type__":"cc.Size","width":160,"height":38},"_children":[{"__id__":47},{"__id__":48}],"_position":{"__type__":"cc.Vec2","x":65},"_components":[{"__type__":"cc.Sprite","node":{"__id__":46},"_type":1,"_sizeMode":0},{"__type__":"cc.Layout","node":{"__id__":46},"_layoutSize":{"__type__":"cc.Size","width":160,"height":38},"_N$layoutType":1,"_N$spacingX":5}]},{"__type__":"cc.Node","_name":"roomid","_color":{"__type__":"cc.Color","r":240,"g":240,"b":18},"_parent":{"__id__":46},"_contentSize":{"__type__":"cc.Size","width":52,"height":34.67},"_position":{"__type__":"cc.Vec2","x":-54},"_components":[{"__type__":"cc.Label","node":{"__id__":47},"_useOriginalSize":false,"_actualFontSize":26,"_fontSize":26,"_N$file":{"__uuid__":"71a88407-d7db-42c8-9a31-5a7b0c84ba19"},"_isSystemFontUsed":false,"_N$string":"房号","_N$horizontalAlign":1,"_N$verticalAlign":1}]},{"__type__":"cc.Node","_name":"lb_roomid","_color":{"__type__":"cc.Color","r":240,"g":240,"b":18},"_parent":{"__id__":46},"_contentSize":{"__type__":"cc.Size","width":78,"height":34.67},"_position":{"__type__":"cc.Vec2","x":16},"_components":[{"__id__":49}]},{"__type__":"cc.Label","node":{"__id__":48},"_useOriginalSize":false,"_actualFontSize":26,"_fontSize":26,"_N$file":{"__uuid__":"71a88407-d7db-42c8-9a31-5a7b0c84ba19"},"_isSystemFontUsed":false,"_N$string":"999999","_N$verticalAlign":1},{"__type__":"cc.Node","_name":"leftcardlayout","_color":{"__type__":"cc.Color","r":167,"g":167,"b":167},"_parent":{"__id__":43},"_contentSize":{"__type__":"cc.Size","width":100,"height":38},"_children":[{"__id__":51},{"__id__":52}],"_position":{"__type__":"cc.Vec2","x":215},"_components":[{"__type__":"cc.Sprite","node":{"__id__":50},"_type":1,"_sizeMode":0},{"__type__":"cc.Layout","node":{"__id__":50},"_layoutSize":{"__type__":"cc.Size","width":100,"height":38},"_N$layoutType":1,"_N$spacingX":3}]},{"__type__":"cc.Node","_name":"mj","_parent":{"__id__":50},"_contentSize":{"__type__":"cc.Size","width":22,"height":30},"_position":{"__type__":"cc.Vec2","x":-39},"_components":[{"__type__":"cc.Sprite","node":{"__id__":51},"_spriteFrame":{"__uuid__":"e53297e7-c05e-4cac-96ea-4a52a098d098"},"_sizeMode":0}]},{"__type__":"cc.Node","_name":"lb_leftcard","_color":{"__type__":"cc.Color","r":240,"g":240,"b":18},"_parent":{"__id__":50},"_contentSize":{"__type__":"cc.Size","width":39.87,"height":34.67},"_position":{"__type__":"cc.Vec2","x":-5.065000000000001},"_components":[{"__id__":53}]},{"__type__":"cc.Label","node":{"__id__":52},"_useOriginalSize":false,"_actualFontSize":26,"_fontSize":26,"_N$file":{"__uuid__":"71a88407-d7db-42c8-9a31-5a7b0c84ba19"},"_isSystemFontUsed":false,"_N$string":"136","_N$verticalAlign":1},{"__type__":"cc.Node","_name":"rightlayout","_color":{"__type__":"cc.Color","r":167,"g":167,"b":167},"_parent":{"__id__":42},"_contentSize":{"__type__":"cc.Size","width":200,"height":38},"_children":[{"__id__":55},{"__id__":60},{"__id__":62}],"_position":{"__type__":"cc.Vec2","x":580},"_components":[{"__type__":"cc.Sprite","node":{"__id__":54},"_type":1,"_sizeMode":0},{"__type__":"cc.Layout","node":{"__id__":54},"_layoutSize":{"__type__":"cc.Size","width":200,"height":38},"_N$spacingX":30}]},{"__type__":"cc.Node","_name":"battery","_color":{"__type__":"cc.Color","r":167,"g":167,"b":167},"_parent":{"__id__":54},"_contentSize":{"__type__":"cc.Size","width":52,"height":28},"_children":[{"__id__":56}],"_position":{"__type__":"cc.Vec2","x":-74},"_components":[{"__type__":"cc.Sprite","node":{"__id__":55},"_spriteFrame":{"__uuid__":"d4a5d7a6-61e4-4eae-9ab1-4aee3c60df62"},"_type":1,"_sizeMode":0},{"__type__":"cc.Layout","node":{"__id__":55},"_layoutSize":{"__type__":"cc.Size","width":52,"height":28}}]},{"__type__":"cc.Node","_name":"progress_battery","_parent":{"__id__":55},"_contentSize":{"__type__":"cc.Size","width":40,"height":18},"_children":[{"__id__":57}],"_position":{"__type__":"cc.Vec2","x":-2,"y":2},"_components":[{"__type__":"cc.Sprite","node":{"__id__":56},"_sizeMode":0},{"__id__":59}]},{"__type__":"cc.Node","_name":"bar","_parent":{"__id__":56},"_anchorPoint":{"__type__":"cc.Vec2","y":0.5},"_contentSize":{"__type__":"cc.Size","width":32,"height":18},"_position":{"__type__":"cc.Vec2","x":-20},"_components":[{"__id__":58}]},{"__type__":"cc.Sprite","node":{"__id__":57},"_spriteFrame":{"__uuid__":"1f5f24e5-f007-426a-932c-8f6d50a4d97f"},"_type":1,"_sizeMode":0},{"__type__":"cc.ProgressBar","node":{"__id__":56},"_N$barSprite":{"__id__":58},"_N$totalLength":40,"_N$progress":0.8},{"__type__":"cc.Node","_name":"icon_network","_parent":{"__id__":54},"_contentSize":{"__type__":"cc.Size","width":29,"height":23},"_position":{"__type__":"cc.Vec2","x":-3.5},"_components":[{"__id__":61}]},{"__type__":"cc.Sprite","node":{"__id__":60},"_spriteFrame":{"__uuid__":"4e74469d-3bda-493b-aa95-c401efce04c0"}},{"__type__":"cc.Node","_name":"bt_setting","_parent":{"__id__":54},"_contentSize":{"__type__":"cc.Size","width":35,"height":35},"_position":{"__type__":"cc.Vec2","x":56,"y":-3},"_components":[{"__id__":63},{"__type__":"cc.Button","node":{"__id__":62},"transition":3,"pressedColor":{"__type__":"cc.Color","r":231,"g":35,"b":114},"_N$target":{"__id__":62}}]},{"__type__":"cc.Sprite","node":{"__id__":62},"_spriteFrame":{"__uuid__":"efda989f-b615-4f94-908f-0bcddc570dda"},"_sizeMode":0},{"__type__":"cc.Node","_name":"lb_top","_color":{"__type__":"cc.Color","r":240,"g":240,"b":18},"_parent":{"__id__":42},"_contentSize":{"__type__":"cc.Size","width":418.89,"height":40},"_components":[{"__id__":65}]},{"__type__":"cc.Label","node":{"__id__":64},"_useOriginalSize":false,"_actualFontSize":26,"_fontSize":26,"_N$string":"对对胡 清一色 自摸 手把一 杠上开花","_N$horizontalAlign":1,"_N$verticalAlign":1},{"__type__":"cc.Node","_name":"GameOverLayer","_parent":{"__id__":1},"_contentSize":{"__type__":"cc.Size","width":1334,"height":750},"_children":[{"__id__":67},{"__id__":68},{"__id__":69},{"__id__":74}],"_position":{"__type__":"cc.Vec2","x":667,"y":375},"_id":"16316aRih9GUIPqxNQMkuFE","_active":false,"_components":[{"__type__":"6c148HxihRCj5UAwxqyUF9s","node":{"__id__":66},"bt_back":{"__id__":70},"bt_share":{"__id__":72},"gameoveritem":{"__uuid__":"a185cb4c-7da6-4d12-8469-435c19fc2b96"},"resultitem":{"__uuid__":"f750785a-ecae-48f5-a2cc-af4314b7fecf"},"resultlayer":{"__id__":68},"shareToLayer":{"__uuid__":"cf210ed0-7891-4a63-8fd9-77c24cf25c78"},"canva":{"__id__":66}}],"_prefab":{"__type__":"cc.PrefabInfo","root":{"__id__":66},"fileId":"02d80zvCa9FlIQhsbXOQ6y8"}},{"__type__":"cc.Node","_name":"background","_parent":{"__id__":66},"_contentSize":{"__type__":"cc.Size","width":1334,"height":750},"_components":[{"__type__":"cc.Sprite","node":{"__id__":67},"_spriteFrame":{"__uuid__":"69c8f62e-ae2f-49b9-ba94-0954cabf94f3"}}],"_prefab":{"__type__":"cc.PrefabInfo","root":{"__id__":66},"fileId":"89193QTcHVOY5/4x/IM+RH6"}},{"__type__":"cc.Node","_name":"resultlayer","_parent":{"__id__":66},"_position":{"__type__":"cc.Vec2","y":-20},"_prefab":{"__type__":"cc.PrefabInfo","root":{"__id__":66},"fileId":"319f0FFf7FHXK4MY8kNygQd"}},{"__type__":"cc.Node","_name":"buttonlayer","_color":{"__type__":"cc.Color","r":167,"g":167,"b":167},"_parent":{"__id__":66},"_contentSize":{"__type__":"cc.Size","width":666,"height":150},"_children":[{"__id__":70},{"__id__":72}],"_position":{"__type__":"cc.Vec2","y":-325},"_components":[{"__type__":"cc.Sprite","node":{"__id__":69},"_type":1,"_sizeMode":0},{"__type__":"cc.Layout","node":{"__id__":69},"_layoutSize":{"__type__":"cc.Size","width":666,"height":150},"_resize":1,"_N$layoutType":1,"_N$spacingX":100}],"_prefab":{"__type__":"cc.PrefabInfo","root":{"__id__":66},"fileId":"76c95dvec1C/LCuJylZQDRL"}},{"__type__":"cc.Node","_name":"bt_back","_parent":{"__id__":69},"_contentSize":{"__type__":"cc.Size","width":283,"height":92},"_children":[{"__id__":71}],"_position":{"__type__":"cc.Vec2","x":-191.5},"_components":[{"__type__":"cc.Sprite","node":{"__id__":70},"_spriteFrame":{"__uuid__":"2f937fa7-f083-4eec-bbd5-16bf9024b9c1"}},{"__type__":"cc.Button","node":{"__id__":70},"transition":3,"_N$target":{"__id__":70}}],"_prefab":{"__type__":"cc.PrefabInfo","root":{"__id__":66},"fileId":"bb9cebRpdBNb6n0Sb14Ey0g"}},{"__type__":"cc.Node","_name":"125","_parent":{"__id__":70},"_contentSize":{"__type__":"cc.Size","width":193,"height":57},"_components":[{"__type__":"cc.Sprite","node":{"__id__":71},"_spriteFrame":{"__uuid__":"6a82b2c2-1057-4b18-babb-56b83b9b4dd6"}}],"_prefab":{"__type__":"cc.PrefabInfo","root":{"__id__":66},"fileId":"717a2xne41ABLcoxSJ/HpIM"}},{"__type__":"cc.Node","_name":"bt_share","_parent":{"__id__":69},"_contentSize":{"__type__":"cc.Size","width":283,"height":87},"_children":[{"__id__":73}],"_position":{"__type__":"cc.Vec2","x":191.5},"_components":[{"__type__":"cc.Sprite","node":{"__id__":72},"_spriteFrame":{"__uuid__":"1dd2536d-3723-4e17-9101-17f3cdcb14f8"},"_sizeMode":0},{"__type__":"cc.Button","node":{"__id__":72},"transition":3,"_N$target":{"__id__":72}}],"_prefab":{"__type__":"cc.PrefabInfo","root":{"__id__":66},"fileId":"c562fWaP3JB8YzhH1t5I/ZT"}},{"__type__":"cc.Node","_name":"126","_parent":{"__id__":72},"_contentSize":{"__type__":"cc.Size","width":109,"height":49},"_components":[{"__type__":"cc.Sprite","node":{"__id__":73},"_spriteFrame":{"__uuid__":"aaafecc8-cd24-42f8-97a9-eb78a5da69e2"}}],"_prefab":{"__type__":"cc.PrefabInfo","root":{"__id__":66},"fileId":"24d44BQe0dBHodFifDIWvzc"}},{"__type__":"cc.Node","_name":"title","_parent":{"__id__":66},"_contentSize":{"__type__":"cc.Size","width":501,"height":127},"_children":[{"__id__":75}],"_position":{"__type__":"cc.Vec2","y":305},"_components":[{"__type__":"cc.Sprite","node":{"__id__":74},"_spriteFrame":{"__uuid__":"9a34a46c-1b08-4ffd-a4e8-f3f5b480e920"}}],"_prefab":{"__type__":"cc.PrefabInfo","root":{"__id__":66},"fileId":"53f51NqbsxOvryjXSDIBX/P"}},{"__type__":"cc.Node","_name":"sp_jieshu","_parent":{"__id__":74},"_contentSize":{"__type__":"cc.Size","width":157,"height":69},"_position":{"__type__":"cc.Vec2","y":20},"_components":[{"__type__":"cc.Sprite","node":{"__id__":75},"_spriteFrame":{"__uuid__":"4d17f1cb-f175-426b-bec7-e38cef6f0dd3"}}],"_prefab":{"__type__":"cc.PrefabInfo","root":{"__id__":66},"fileId":"2e93cD0y5FIfrhsc5izr4p4"}},{"__type__":"cc.Node","_name":"TopLayer","_parent":{"__id__":1},"_contentSize":{"__type__":"cc.Size","width":1334,"height":750},"_position":{"__type__":"cc.Vec2","x":667,"y":375},"_id":"5822crKlvlNzaPNyAEiNKGP"}]