[{"__type__":"cc.Prefab","_name":"GameOverItem","data":{"__id__":1}},{"__type__":"cc.Node","_name":"GameOverItem","_contentSize":{"__type__":"cc.Size","width":315,"height":506},"_children":[{"__id__":2},{"__id__":3},{"__id__":4},{"__id__":5},{"__id__":6},{"__id__":7},{"__id__":8}],"_components":[{"__type__":"cc.Sprite","node":{"__id__":1},"_type":1,"_sizeMode":0},{"__type__":"cc.Layout","node":{"__id__":1},"_layoutSize":{"__type__":"cc.Size","width":315,"height":506}}],"_prefab":{"__type__":"cc.PrefabInfo","root":{"__id__":1},"fileId":"cbea8oUnm1NRqEFxJ/5IeQf"}},{"__type__":"cc.Node","_name":"bg_other","_parent":{"__id__":1},"_contentSize":{"__type__":"cc.Size","width":315,"height":506},"_components":[{"__type__":"cc.Sprite","node":{"__id__":2},"_spriteFrame":{"__uuid__":"e6e2d5b8-42e3-492b-bf93-c83162706910"}}],"_prefab":{"__type__":"cc.PrefabInfo","root":{"__id__":1},"fileId":"a8761T4r/FOwqUKoNYvabBD"}},{"__type__":"cc.Node","_name":"bg_fangzhu","_parent":{"__id__":1},"_contentSize":{"__type__":"cc.Size","width":315,"height":506},"_active":false,"_components":[{"__type__":"cc.Sprite","node":{"__id__":3},"_spriteFrame":{"__uuid__":"89fae0f5-0184-400d-8c37-a305c3acaf92"}}],"_prefab":{"__type__":"cc.PrefabInfo","root":{"__id__":1},"fileId":"f33baHB98JBF6dCUM8i8Pop"}},{"__type__":"cc.Node","_name":"sp_head","_parent":{"__id__":1},"_contentSize":{"__type__":"cc.Size","width":70,"height":70},"_position":{"__type__":"cc.Vec2","x":-105,"y":200},"_components":[{"__type__":"cc.Sprite","node":{"__id__":4},"_spriteFrame":{"__uuid__":"f57d3aef-dc46-455b-b6c4-101a0f0edfb2"},"_sizeMode":0}],"_prefab":{"__type__":"cc.PrefabInfo","root":{"__id__":1},"fileId":"57e905SvFZHBJ3+f5Rogbq+"}},{"__type__":"cc.Node","_name":"lb_nickname","_parent":{"__id__":1},"_anchorPoint":{"__type__":"cc.Vec2","y":0.5},"_contentSize":{"__type__":"cc.Size","width":200,"height":24},"_position":{"__type__":"cc.Vec2","x":-65,"y":182},"_components":[{"__type__":"cc.Label","node":{"__id__":5},"_useOriginalSize":false,"_actualFontSize":24,"_fontSize":24,"_lineHeight":24,"_enableWrapText":false,"_N$string":"玩家120","_N$verticalAlign":1,"_N$overflow":1}],"_prefab":{"__type__":"cc.PrefabInfo","root":{"__id__":1},"fileId":"04e9bONWNtJv6oChoQNfmci"}},{"__type__":"cc.Node","_name":"lb_fangzhu","_parent":{"__id__":1},"_anchorPoint":{"__type__":"cc.Vec2","y":0.5},"_contentSize":{"__type__":"cc.Size","width":104,"height":24},"_position":{"__type__":"cc.Vec2","x":-75,"y":215},"_active":false,"_components":[{"__type__":"cc.Label","node":{"__id__":6},"_useOriginalSize":false,"_actualFontSize":26,"_fontSize":24,"_lineHeight":24,"_N$string":"（房主）","_N$horizontalAlign":1,"_N$verticalAlign":1}],"_prefab":{"__type__":"cc.PrefabInfo","root":{"__id__":1},"fileId":"9332bfseXdGx4ncoDuP4Ouc"}},{"__type__":"cc.Node","_name":"lb_score","_color":{"__type__":"cc.Color","r":255},"_parent":{"__id__":1},"_anchorPoint":{"__type__":"cc.Vec2","y":0.5},"_contentSize":{"__type__":"cc.Size","width":59.37,"height":35},"_position":{"__type__":"cc.Vec2","x":-125,"y":-205},"_components":[{"__type__":"cc.Label","node":{"__id__":7},"_useOriginalSize":false,"_actualFontSize":35,"_fontSize":35,"_lineHeight":35,"_N$string":"+10","_N$horizontalAlign":1,"_N$verticalAlign":1}],"_prefab":{"__type__":"cc.PrefabInfo","root":{"__id__":1},"fileId":"e5b8ab9XEtDwLuV7dX2sHim"}},{"__type__":"cc.Node","_name":"sc_view","_parent":{"__id__":1},"_contentSize":{"__type__":"cc.Size","width":280,"height":280},"_children":[{"__id__":9},{"__id__":15}],"_position":{"__type__":"cc.Vec2","y":-30},"_components":[{"__type__":"cc.Sprite","node":{"__id__":8},"_type":1,"_sizeMode":0},{"__id__":13}],"_prefab":{"__type__":"cc.PrefabInfo","root":{"__id__":1},"fileId":"27b960BBUVHAp9ey+ijHl5F"}},{"__type__":"cc.Node","_name":"scrollBar","_color":{"__type__":"cc.Color","r":238,"g":217,"b":227},"_parent":{"__id__":8},"_anchorPoint":{"__type__":"cc.Vec2","x":1,"y":0.5},"_contentSize":{"__type__":"cc.Size","width":12,"height":280},"_children":[{"__id__":10}],"_position":{"__type__":"cc.Vec2","x":140},"_components":[{"__id__":12},{"__type__":"cc.Widget","node":{"__id__":9},"_alignFlags":37,"_left":350.07654921020657,"_originalHeight":237},{"__type__":"cc.Sprite","node":{"__id__":9},"_enabled":false,"_spriteFrame":{"__uuid__":"5fe5dcaa-b513-4dc5-a166-573627b3a159"},"_type":1,"_sizeMode":0}],"_prefab":{"__type__":"cc.PrefabInfo","root":{"__id__":1},"fileId":"a0837E9oxhGP6fXfDyjF+sp"}},{"__type__":"cc.Node","_name":"bar","_color":{"__type__":"cc.Color","r":236,"g":241,"b":245},"_parent":{"__id__":9},"_anchorPoint":{"__type__":"cc.Vec2","x":1},"_contentSize":{"__type__":"cc.Size","width":10,"height":30},"_position":{"__type__":"cc.Vec2","x":-1},"_components":[{"__id__":11}],"_prefab":{"__type__":"cc.PrefabInfo","root":{"__id__":1},"fileId":"f1088sjVGJLwZlikNztp+Wn"}},{"__type__":"cc.Sprite","node":{"__id__":10},"_spriteFrame":{"__uuid__":"5c3bb932-6c3c-468f-88a9-c8c61d458641"},"_type":1,"_sizeMode":0},{"__type__":"cc.Scrollbar","node":{"__id__":9},"_scrollView":{"__id__":13},"autoHideTime":0.5,"_N$handle":{"__id__":11},"_N$direction":1},{"__type__":"cc.ScrollView","node":{"__id__":8},"content":{"__id__":14},"horizontal":false,"brake":0.75,"bounceDuration":0.23,"_N$horizontalScrollBar":null,"_N$verticalScrollBar":{"__id__":12}},{"__type__":"cc.Node","_name":"content","_color":{"__type__":"cc.Color","r":167,"g":167,"b":167},"_parent":{"__id__":15},"_anchorPoint":{"__type__":"cc.Vec2","x":0.5,"y":1},"_contentSize":{"__type__":"cc.Size","width":280,"height":70},"_position":{"__type__":"cc.Vec2","x":-5},"_components":[{"__type__":"cc.Sprite","node":{"__id__":14},"_type":1,"_sizeMode":0},{"__type__":"cc.Layout","node":{"__id__":14},"_layoutSize":{"__type__":"cc.Size","width":280,"height":70},"_resize":1,"_N$layoutType":2,"_N$paddingBottom":40,"_N$spacingY":10}],"_prefab":{"__type__":"cc.PrefabInfo","root":{"__id__":1},"fileId":"52b43b9Ty1DoaqxlU+zhPNS"}},{"__type__":"cc.Node","_name":"view","_parent":{"__id__":8},"_contentSize":{"__type__":"cc.Size","width":280,"height":280},"_children":[{"__id__":14}],"_components":[{"__type__":"cc.Mask","node":{"__id__":15}}],"_prefab":{"__type__":"cc.PrefabInfo","root":{"__id__":1},"fileId":"d4f855s8HRIkJCUlRqSCFqe"}}]