{"__type__":"cc.AnimationClip","_name":"shai","_duration":0.2,"speed":0.2,"wrapMode":2,"curveData":{"comps":{"cc.Sprite":{"spriteFrame":[{"frame":0,"value":{"__uuid__":"de9a34c2-3eb7-4ef1-923f-5843631b4c59"}},{"frame":0.016666666666666666,"value":{"__uuid__":"32ba3738-9fc8-49bb-ba64-8ee23e441c88"}},{"frame":0.03333333333333333,"value":{"__uuid__":"d4e3c570-6bc8-4074-b12a-569c4f92fdbd"}},{"frame":0.05,"value":{"__uuid__":"009d74ae-577e-4afa-b57a-e364b9bd242f"}},{"frame":0.06666666666666667,"value":{"__uuid__":"fce14ff9-6d76-49b9-9fcc-496532f6efbf"}},{"frame":0.08333333333333333,"value":{"__uuid__":"cc0cfe7f-5b2c-416b-97e1-3706bbd9e864"}},{"frame":0.1,"value":{"__uuid__":"f21f6ac5-3d15-4ad6-bd00-a0e36616d7d2"}},{"frame":0.11666666666666667,"value":{"__uuid__":"dfe66e80-cab5-4bf5-84ec-8a17543b6bda"}},{"frame":0.13333333333333333,"value":{"__uuid__":"5e3b8c58-0e22-4091-91f9-30ed594cc40f"}},{"frame":0.15,"value":{"__uuid__":"b49a3b40-f0d8-4814-b5ff-f6d7e0cb0700"}},{"frame":0.16666666666666666,"value":{"__uuid__":"f3e32c04-39af-4dfe-9de8-bf4d39bd46a0"}},{"frame":0.18333333333333332,"value":{"__uuid__":"f80c3935-5519-426d-af38-a7a450b8efd8"}}]}}}}