[{"__type__":"cc.Prefab","_name":"SmallCard","data":{"__id__":1}},{"__type__":"cc.Node","_name":"SmallCard","_contentSize":{"__type__":"cc.Size","width":43,"height":55},"_children":[{"__id__":2}],"_components":[{"__type__":"cc.Sprite","node":{"__id__":1},"_spriteFrame":{"__uuid__":"c1f7f4a5-9c2c-4e48-b0a5-325553ab26b5"},"_sizeMode":0}],"_prefab":{"__type__":"cc.PrefabInfo","root":{"__id__":1},"fileId":"57fbaXQvvNAd5kH590ZrdGf"}},{"__type__":"cc.Node","_name":"sp_content","_parent":{"__id__":1},"_contentSize":{"__type__":"cc.Size","width":46,"height":74},"_scaleX":0.55,"_scaleY":0.55,"_position":{"__type__":"cc.Vec2","y":-2},"_components":[{"__type__":"cc.Sprite","node":{"__id__":2},"_spriteFrame":{"__uuid__":"dcd91a66-1c16-4f37-b260-89fd2d757133"}}],"_prefab":{"__type__":"cc.PrefabInfo","root":{"__id__":1},"fileId":"ead71B75K9ErIftGY0Ne2HR"}}]