[{"__type__":"cc.Prefab","_name":"UserInfoDetail","data":{"__id__":1}},{"__type__":"cc.Node","_name":"UserInfoDetail","_contentSize":{"__type__":"cc.Size","width":508,"height":200},"_children":[{"__id__":2},{"__id__":5}],"_components":[{"__type__":"cc.Sprite","node":{"__id__":1},"_spriteFrame":{"__uuid__":"bdb25c2c-6599-4688-bfec-3b8001229372"},"_type":1,"_sizeMode":0},{"__type__":"cc.Layout","node":{"__id__":1},"_layoutSize":{"__type__":"cc.Size","width":508,"height":200},"_resize":1,"_N$layoutType":1,"_N$paddingLeft":40,"_N$paddingRight":40,"_N$spacingX":20},{"__type__":"c689bBooVBGp7EZXSIfsH+w","node":{"__id__":1},"sp_head":{"__id__":4},"lb_nickname":{"__id__":7},"lb_id":{"__id__":9},"lb_ip":{"__id__":11},"lb_dis":{"__id__":13}}],"_prefab":{"__type__":"cc.PrefabInfo","root":{"__id__":1},"fileId":"d0e4eeChRBHkoexk+GpzOma"}},{"__type__":"cc.Node","_name":"head","_parent":{"__id__":1},"_contentSize":{"__type__":"cc.Size","width":108,"height":108},"_children":[{"__id__":3}],"_position":{"__type__":"cc.Vec2","x":-160,"y":6},"_components":[{"__type__":"cc.Sprite","node":{"__id__":2},"_spriteFrame":{"__uuid__":"b1598230-16ff-45bd-ad7d-41129086ba8d"}}],"_prefab":{"__type__":"cc.PrefabInfo","root":{"__id__":1},"fileId":"60248eTLSFJ9ZjSwzEO2Yo+"}},{"__type__":"cc.Node","_name":"sp_head","_parent":{"__id__":2},"_contentSize":{"__type__":"cc.Size","width":100,"height":100},"_components":[{"__id__":4}],"_prefab":{"__type__":"cc.PrefabInfo","root":{"__id__":1},"fileId":"87ebfePuHxHQaWL2ibOakz6"}},{"__type__":"cc.Sprite","node":{"__id__":3},"_spriteFrame":{"__uuid__":"8cdb44ac-a3f6-449f-b354-7cd48cf84061"},"_sizeMode":0},{"__type__":"cc.Node","_name":"info","_color":{"__type__":"cc.Color","r":167,"g":167,"b":167},"_parent":{"__id__":1},"_anchorPoint":{"__type__":"cc.Vec2","y":0.5},"_contentSize":{"__type__":"cc.Size","width":300,"height":121},"_children":[{"__id__":6},{"__id__":8},{"__id__":10},{"__id__":12}],"_position":{"__type__":"cc.Vec2","x":-86},"_components":[{"__type__":"cc.Sprite","node":{"__id__":5},"_type":1,"_sizeMode":0},{"__type__":"cc.Layout","node":{"__id__":5},"_layoutSize":{"__type__":"cc.Size","width":300,"height":121},"_resize":1,"_N$spacingY":5}],"_prefab":{"__type__":"cc.PrefabInfo","root":{"__id__":1},"fileId":"0fa66rw9dJCDYpCMifpeTeX"}},{"__type__":"cc.Node","_name":"lb_nickname","_color":{"__type__":"cc.Color","r":174,"g":81,"b":54},"_parent":{"__id__":5},"_anchorPoint":{"__type__":"cc.Vec2","y":0.5},"_contentSize":{"__type__":"cc.Size","width":300,"height":28},"_position":{"__type__":"cc.Vec2","y":46.5},"_components":[{"__id__":7}],"_prefab":{"__type__":"cc.PrefabInfo","root":{"__id__":1},"fileId":"ffa99BgRcVNLaFyvHZ+QZ58"}},{"__type__":"cc.Label","node":{"__id__":6},"_useOriginalSize":false,"_actualFontSize":28,"_fontSize":28,"_lineHeight":28,"_enableWrapText":false,"_N$string":"昵称：我就是444444444","_N$verticalAlign":1,"_N$overflow":1},{"__type__":"cc.Node","_name":"lb_id","_color":{"__type__":"cc.Color","r":174,"g":81,"b":54},"_parent":{"__id__":5},"_anchorPoint":{"__type__":"cc.Vec2","y":0.5},"_contentSize":{"__type__":"cc.Size","width":167.68,"height":26},"_position":{"__type__":"cc.Vec2","y":14.5},"_components":[{"__id__":9}],"_prefab":{"__type__":"cc.PrefabInfo","root":{"__id__":1},"fileId":"79491CA8s9AdZ2m5Qm+4211"}},{"__type__":"cc.Label","node":{"__id__":8},"_useOriginalSize":false,"_actualFontSize":26,"_fontSize":26,"_lineHeight":26,"_N$string":"ID：10000002","_N$horizontalAlign":1,"_N$verticalAlign":1},{"__type__":"cc.Node","_name":"lb_ip","_color":{"__type__":"cc.Color","r":174,"g":81,"b":54},"_parent":{"__id__":5},"_anchorPoint":{"__type__":"cc.Vec2","y":0.5},"_contentSize":{"__type__":"cc.Size","width":212.98,"height":26},"_position":{"__type__":"cc.Vec2","y":-16.5},"_components":[{"__id__":11}],"_prefab":{"__type__":"cc.PrefabInfo","root":{"__id__":1},"fileId":"87e56IFiZJDtKd0cvVTC9by"}},{"__type__":"cc.Label","node":{"__id__":10},"_useOriginalSize":false,"_actualFontSize":26,"_fontSize":26,"_lineHeight":26,"_N$string":"IP：192.168.1.111","_N$horizontalAlign":1,"_N$verticalAlign":1},{"__type__":"cc.Node","_name":"lb_dis","_color":{"__type__":"cc.Color","r":174,"g":81,"b":54},"_parent":{"__id__":5},"_anchorPoint":{"__type__":"cc.Vec2","y":0.5},"_contentSize":{"__type__":"cc.Size","width":170.5,"height":26},"_position":{"__type__":"cc.Vec2","y":-47.5},"_components":[{"__id__":13}],"_prefab":{"__type__":"cc.PrefabInfo","root":{"__id__":1},"fileId":"35106PP/jlLDYBqouIlFxSs"}},{"__type__":"cc.Label","node":{"__id__":12},"_useOriginalSize":false,"_actualFontSize":26,"_fontSize":26,"_lineHeight":26,"_N$string":"距离：2000km","_N$horizontalAlign":1,"_N$verticalAlign":1}]