[{"__type__":"cc.Prefab","_name":"HuPanel","data":{"__id__":1}},{"__type__":"cc.Node","_name":"HuPanel","_contentSize":{"__type__":"cc.Size","width":269,"height":200},"_children":[{"__id__":2},{"__id__":3}],"_scaleX":0.7,"_scaleY":0.7,"_components":[{"__type__":"cc.Sprite","node":{"__id__":1},"_spriteFrame":{"__uuid__":"bdb25c2c-6599-4688-bfec-3b8001229372"},"_type":1,"_sizeMode":0},{"__type__":"cc.Layout","node":{"__id__":1},"_layoutSize":{"__type__":"cc.Size","width":269,"height":200},"_resize":1,"_N$layoutType":1,"_N$paddingLeft":40,"_N$paddingRight":40,"_N$spacingX":10}],"_prefab":{"__type__":"cc.PrefabInfo","root":{"__id__":1},"fileId":"0c9efPNiL5A46DIqibURsz4"}},{"__type__":"cc.Node","_name":"hu","_parent":{"__id__":1},"_contentSize":{"__type__":"cc.Size","width":92,"height":107},"_position":{"__type__":"cc.Vec2","x":-48.5},"_components":[{"__type__":"cc.Sprite","node":{"__id__":2},"_spriteFrame":{"__uuid__":"3c9016c0-6af5-4419-a51c-38c81b8df9d8"}}],"_prefab":{"__type__":"cc.PrefabInfo","root":{"__id__":1},"fileId":"9332dZ7X3xDO41WSm4vH4bG"}},{"__type__":"cc.Node","_name":"cards","_color":{"__type__":"cc.Color","r":167,"g":167,"b":167},"_parent":{"__id__":1},"_contentSize":{"__type__":"cc.Size","width":87,"height":80},"_position":{"__type__":"cc.Vec2","x":51},"_components":[{"__type__":"cc.Sprite","node":{"__id__":3},"_type":1,"_sizeMode":0},{"__type__":"cc.Layout","node":{"__id__":3},"_layoutSize":{"__type__":"cc.Size","width":87,"height":80},"_resize":1,"_N$layoutType":1}],"_prefab":{"__type__":"cc.PrefabInfo","root":{"__id__":1},"fileId":"2249bp0AaJFF5D54XuUtK1p"}}]