[{"__type__":"cc.Prefab","_name":"ChiPanel","data":{"__id__":1}},{"__type__":"cc.Node","_name":"ChiPanel","_color":{"__type__":"cc.Color","r":167,"g":167,"b":167},"_contentSize":{"__type__":"cc.Size","width":652,"height":110},"_scaleX":0.7,"_scaleY":0.7,"_components":[{"__type__":"cc.Sprite","node":{"__id__":1},"_type":1,"_sizeMode":0},{"__type__":"cc.Layout","node":{"__id__":1},"_layoutSize":{"__type__":"cc.Size","width":652,"height":110},"_resize":1,"_N$layoutType":1,"_N$spacingX":20}],"_prefab":{"__type__":"cc.PrefabInfo","root":{"__id__":1},"fileId":"34253HQU35GZLBbUNBNkbE+"}}]